arm,arm_label,family,variant,layer,epoch,metric,n,mean,std,sem,ci_half_width,ci_low,ci_high,minimum,maximum
new_adamw,"new AdamW, horizon optimized",adamw,horizon_optimized,fc1,0,ERG_gap,3,357.666667,27.682726,15.982629,68.767704,288.898962,426.434371,332.0,387.0
new_adamw,"new AdamW, horizon optimized",adamw,horizon_optimized,fc1,1,ERG_gap,3,369.666667,20.502032,11.836854,50.929872,318.736795,420.596539,346.0,382.0
new_adamw,"new AdamW, horizon optimized",adamw,horizon_optimized,fc1,2,ERG_gap,3,374.333333,7.767453,4.484541,19.295424,355.037909,393.628757,368.0,383.0
new_adamw,"new AdamW, horizon optimized",adamw,horizon_optimized,fc1,3,ERG_gap,3,364.0,4.582576,2.645751,11.383749,352.616251,375.383749,359.0,368.0
new_adamw,"new AdamW, horizon optimized",adamw,horizon_optimized,fc1,4,ERG_gap,3,350.333333,4.163332,2.403701,10.34229,339.991043,360.675623,347.0,355.0
new_adamw,"new AdamW, horizon optimized",adamw,horizon_optimized,fc1,5,ERG_gap,3,341.0,5.196152,3.0,12.907958,328.092042,353.907958,335.0,344.0
new_adamw,"new AdamW, horizon optimized",adamw,horizon_optimized,fc1,6,ERG_gap,3,331.666667,4.932883,2.848001,12.25396,319.412706,343.920627,326.0,335.0
new_adamw,"new AdamW, horizon optimized",adamw,horizon_optimized,fc1,7,ERG_gap,3,327.0,7.81025,4.50925,19.401736,307.598264,346.401736,318.0,332.0
new_adamw,"new AdamW, horizon optimized",adamw,horizon_optimized,fc1,8,ERG_gap,3,322.333333,2.081666,1.20185,5.171145,317.162188,327.504478,320.0,324.0
new_adamw,"new AdamW, horizon optimized",adamw,horizon_optimized,fc1,9,ERG_gap,3,315.333333,1.154701,0.666667,2.868435,312.464898,318.201768,314.0,316.0
new_adamw,"new AdamW, horizon optimized",adamw,horizon_optimized,fc1,10,ERG_gap,3,308.333333,5.033223,2.905933,12.503219,295.830114,320.836552,303.0,313.0
new_adamw,"new AdamW, horizon optimized",adamw,horizon_optimized,fc1,11,ERG_gap,3,306.0,7.81025,4.50925,19.401736,286.598264,325.401736,301.0,315.0
new_adamw,"new AdamW, horizon optimized",adamw,horizon_optimized,fc1,12,ERG_gap,3,302.0,9.643651,5.567764,23.956157,278.043843,325.956157,295.0,313.0
new_adamw,"new AdamW, horizon optimized",adamw,horizon_optimized,fc1,13,ERG_gap,3,300.333333,11.150486,6.437736,27.699342,272.633991,328.032676,292.0,313.0
new_adamw,"new AdamW, horizon optimized",adamw,horizon_optimized,fc1,14,ERG_gap,3,293.333333,1.527525,0.881917,3.794583,289.53875,297.127916,292.0,295.0
new_adamw,"new AdamW, horizon optimized",adamw,horizon_optimized,fc1,15,ERG_gap,3,293.0,3.0,1.732051,7.452413,285.547587,300.452413,290.0,296.0
new_adamw,"new AdamW, horizon optimized",adamw,horizon_optimized,fc1,16,ERG_gap,3,291.333333,3.05505,1.763834,7.589166,283.744167,298.922499,288.0,294.0
new_adamw,"new AdamW, horizon optimized",adamw,horizon_optimized,fc1,17,ERG_gap,3,289.666667,3.785939,2.185813,9.404794,280.261873,299.07146,287.0,294.0
new_adamw,"new AdamW, horizon optimized",adamw,horizon_optimized,fc1,18,ERG_gap,3,289.666667,3.785939,2.185813,9.404794,280.261873,299.07146,287.0,294.0
new_adamw,"new AdamW, horizon optimized",adamw,horizon_optimized,fc1,19,ERG_gap,3,291.333333,3.05505,1.763834,7.589166,283.744167,298.922499,288.0,294.0
new_adamw,"new AdamW, horizon optimized",adamw,horizon_optimized,fc1,20,ERG_gap,3,290.333333,2.081666,1.20185,5.171145,285.162188,295.504478,288.0,292.0
new_adamw,"new AdamW, horizon optimized",adamw,horizon_optimized,fc1,21,ERG_gap,3,290.333333,2.081666,1.20185,5.171145,285.162188,295.504478,288.0,292.0
new_adamw,"new AdamW, horizon optimized",adamw,horizon_optimized,fc1,22,ERG_gap,3,290.333333,2.081666,1.20185,5.171145,285.162188,295.504478,288.0,292.0
new_adamw,"new AdamW, horizon optimized",adamw,horizon_optimized,fc1,23,ERG_gap,3,290.333333,2.081666,1.20185,5.171145,285.162188,295.504478,288.0,292.0
new_adamw,"new AdamW, horizon optimized",adamw,horizon_optimized,fc1,24,ERG_gap,3,290.333333,2.081666,1.20185,5.171145,285.162188,295.504478,288.0,292.0
new_adamw,"new AdamW, horizon optimized",adamw,horizon_optimized,fc1,25,ERG_gap,3,290.333333,2.081666,1.20185,5.171145,285.162188,295.504478,288.0,292.0
new_adamw,"new AdamW, horizon optimized",adamw,horizon_optimized,fc1,26,ERG_gap,3,289.333333,1.527525,0.881917,3.794583,285.53875,293.127916,288.0,291.0
new_adamw,"new AdamW, horizon optimized",adamw,horizon_optimized,fc1,27,ERG_gap,3,290.333333,2.081666,1.20185,5.171145,285.162188,295.504478,288.0,292.0
new_adamw,"new AdamW, horizon optimized",adamw,horizon_optimized,fc1,28,ERG_gap,3,289.333333,1.527525,0.881917,3.794583,285.53875,293.127916,288.0,291.0
new_adamw,"new AdamW, horizon optimized",adamw,horizon_optimized,fc1,29,ERG_gap,3,289.333333,1.527525,0.881917,3.794583,285.53875,293.127916,288.0,291.0
new_adamw,"new AdamW, horizon optimized",adamw,horizon_optimized,fc1,30,ERG_gap,3,289.333333,1.527525,0.881917,3.794583,285.53875,293.127916,288.0,291.0
new_adamw,"new AdamW, horizon optimized",adamw,horizon_optimized,fc2,0,ERG_gap,3,343.0,18.520259,10.692677,46.006874,296.993126,389.006874,322.0,357.0
new_adamw,"new AdamW, horizon optimized",adamw,horizon_optimized,fc2,1,ERG_gap,3,340.666667,11.23981,6.489307,27.921236,312.74543,368.587903,331.0,353.0
new_adamw,"new AdamW, horizon optimized",adamw,horizon_optimized,fc2,2,ERG_gap,3,345.666667,8.082904,4.666667,20.079046,325.587621,365.745713,341.0,355.0
new_adamw,"new AdamW, horizon optimized",adamw,horizon_optimized,fc2,3,ERG_gap,3,343.666667,4.163332,2.403701,10.34229,333.324377,354.008957,339.0,347.0
new_adamw,"new AdamW, horizon optimized",adamw,horizon_optimized,fc2,4,ERG_gap,3,339.0,6.082763,3.511885,15.11042,323.88958,354.11042,335.0,346.0
new_adamw,"new AdamW, horizon optimized",adamw,horizon_optimized,fc2,5,ERG_gap,3,327.333333,2.516611,1.452966,6.251609,321.081724,333.584943,325.0,330.0
new_adamw,"new AdamW, horizon optimized",adamw,horizon_optimized,fc2,6,ERG_gap,3,313.333333,1.154701,0.666667,2.868435,310.464898,316.201768,312.0,314.0
new_adamw,"new AdamW, horizon optimized",adamw,horizon_optimized,fc2,7,ERG_gap,3,307.0,2.645751,1.527525,6.572411,300.427589,313.572411,305.0,310.0
new_adamw,"new AdamW, horizon optimized",adamw,horizon_optimized,fc2,8,ERG_gap,3,303.333333,2.516611,1.452966,6.251609,297.081724,309.584943,301.0,306.0
new_adamw,"new AdamW, horizon optimized",adamw,horizon_optimized,fc2,9,ERG_gap,3,300.666667,1.154701,0.666667,2.868435,297.798232,303.535102,300.0,302.0
new_adamw,"new AdamW, horizon optimized",adamw,horizon_optimized,fc2,10,ERG_gap,3,296.0,2.645751,1.527525,6.572411,289.427589,302.572411,293.0,298.0
new_adamw,"new AdamW, horizon optimized",adamw,horizon_optimized,fc2,11,ERG_gap,3,291.666667,7.571878,4.371626,18.809587,272.857079,310.476254,283.0,297.0
new_adamw,"new AdamW, horizon optimized",adamw,horizon_optimized,fc2,12,ERG_gap,3,288.333333,5.033223,2.905933,12.503219,275.830114,300.836552,283.0,293.0
new_adamw,"new AdamW, horizon optimized",adamw,horizon_optimized,fc2,13,ERG_gap,3,287.333333,4.041452,2.333333,10.039523,277.29381,297.372856,285.0,292.0
new_adamw,"new AdamW, horizon optimized",adamw,horizon_optimized,fc2,14,ERG_gap,3,283.333333,9.073772,5.238745,22.540499,260.792835,305.873832,275.0,293.0
new_adamw,"new AdamW, horizon optimized",adamw,horizon_optimized,fc2,15,ERG_gap,3,281.666667,11.503623,6.64162,28.576583,253.090084,310.243249,270.0,293.0
new_adamw,"new AdamW, horizon optimized",adamw,horizon_optimized,fc2,16,ERG_gap,3,282.333333,10.503968,6.064468,26.093302,256.240032,308.426635,272.0,293.0
new_adamw,"new AdamW, horizon optimized",adamw,horizon_optimized,fc2,17,ERG_gap,3,281.666667,10.016653,5.783117,24.882745,256.783922,306.549412,272.0,292.0
new_adamw,"new AdamW, horizon optimized",adamw,horizon_optimized,fc2,18,ERG_gap,3,281.666667,10.016653,5.783117,24.882745,256.783922,306.549412,272.0,292.0
new_adamw,"new AdamW, horizon optimized",adamw,horizon_optimized,fc2,19,ERG_gap,3,281.333333,10.503968,6.064468,26.093302,255.240032,307.426635,271.0,292.0
new_adamw,"new AdamW, horizon optimized",adamw,horizon_optimized,fc2,20,ERG_gap,3,280.0,8.544004,4.932883,21.224482,258.775518,301.224482,271.0,288.0
new_adamw,"new AdamW, horizon optimized",adamw,horizon_optimized,fc2,21,ERG_gap,3,280.0,8.544004,4.932883,21.224482,258.775518,301.224482,271.0,288.0
new_adamw,"new AdamW, horizon optimized",adamw,horizon_optimized,fc2,22,ERG_gap,3,280.333333,8.621678,4.977728,21.417436,258.915898,301.750769,271.0,288.0
new_adamw,"new AdamW, horizon optimized",adamw,horizon_optimized,fc2,23,ERG_gap,3,280.333333,8.621678,4.977728,21.417436,258.915898,301.750769,271.0,288.0
new_adamw,"new AdamW, horizon optimized",adamw,horizon_optimized,fc2,24,ERG_gap,3,280.333333,8.621678,4.977728,21.417436,258.915898,301.750769,271.0,288.0
new_adamw,"new AdamW, horizon optimized",adamw,horizon_optimized,fc2,25,ERG_gap,3,280.333333,8.621678,4.977728,21.417436,258.915898,301.750769,271.0,288.0
new_adamw,"new AdamW, horizon optimized",adamw,horizon_optimized,fc2,26,ERG_gap,3,280.333333,8.621678,4.977728,21.417436,258.915898,301.750769,271.0,288.0
new_adamw,"new AdamW, horizon optimized",adamw,horizon_optimized,fc2,27,ERG_gap,3,280.333333,8.621678,4.977728,21.417436,258.915898,301.750769,271.0,288.0
new_adamw,"new AdamW, horizon optimized",adamw,horizon_optimized,fc2,28,ERG_gap,3,280.333333,8.621678,4.977728,21.417436,258.915898,301.750769,271.0,288.0
new_adamw,"new AdamW, horizon optimized",adamw,horizon_optimized,fc2,29,ERG_gap,3,280.333333,8.621678,4.977728,21.417436,258.915898,301.750769,271.0,288.0
new_adamw,"new AdamW, horizon optimized",adamw,horizon_optimized,fc2,30,ERG_gap,3,280.333333,8.621678,4.977728,21.417436,258.915898,301.750769,271.0,288.0
new_adamw,"new AdamW, horizon optimized",adamw,horizon_optimized,fc3,0,ERG_gap,3,2.0,0.0,0.0,0.0,2.0,2.0,2.0,2.0
new_adamw,"new AdamW, horizon optimized",adamw,horizon_optimized,fc3,1,ERG_gap,3,1.333333,0.57735,0.333333,1.434218,-0.100884,2.767551,1.0,2.0
new_adamw,"new AdamW, horizon optimized",adamw,horizon_optimized,fc3,2,ERG_gap,3,1.666667,0.57735,0.333333,1.434218,0.232449,3.100884,1.0,2.0
new_adamw,"new AdamW, horizon optimized",adamw,horizon_optimized,fc3,3,ERG_gap,3,1.666667,0.57735,0.333333,1.434218,0.232449,3.100884,1.0,2.0
new_adamw,"new AdamW, horizon optimized",adamw,horizon_optimized,fc3,4,ERG_gap,3,1.666667,0.57735,0.333333,1.434218,0.232449,3.100884,1.0,2.0
new_adamw,"new AdamW, horizon optimized",adamw,horizon_optimized,fc3,5,ERG_gap,3,1.666667,0.57735,0.333333,1.434218,0.232449,3.100884,1.0,2.0
new_adamw,"new AdamW, horizon optimized",adamw,horizon_optimized,fc3,6,ERG_gap,3,1.666667,0.57735,0.333333,1.434218,0.232449,3.100884,1.0,2.0
new_adamw,"new AdamW, horizon optimized",adamw,horizon_optimized,fc3,7,ERG_gap,3,1.666667,0.57735,0.333333,1.434218,0.232449,3.100884,1.0,2.0
new_adamw,"new AdamW, horizon optimized",adamw,horizon_optimized,fc3,8,ERG_gap,3,1.333333,0.57735,0.333333,1.434218,-0.100884,2.767551,1.0,2.0
new_adamw,"new AdamW, horizon optimized",adamw,horizon_optimized,fc3,9,ERG_gap,3,1.666667,0.57735,0.333333,1.434218,0.232449,3.100884,1.0,2.0
new_adamw,"new AdamW, horizon optimized",adamw,horizon_optimized,fc3,10,ERG_gap,3,1.666667,0.57735,0.333333,1.434218,0.232449,3.100884,1.0,2.0
new_adamw,"new AdamW, horizon optimized",adamw,horizon_optimized,fc3,11,ERG_gap,3,1.666667,0.57735,0.333333,1.434218,0.232449,3.100884,1.0,2.0
new_adamw,"new AdamW, horizon optimized",adamw,horizon_optimized,fc3,12,ERG_gap,3,2.0,0.0,0.0,0.0,2.0,2.0,2.0,2.0
new_adamw,"new AdamW, horizon optimized",adamw,horizon_optimized,fc3,13,ERG_gap,3,1.666667,0.57735,0.333333,1.434218,0.232449,3.100884,1.0,2.0
new_adamw,"new AdamW, horizon optimized",adamw,horizon_optimized,fc3,14,ERG_gap,3,1.666667,0.57735,0.333333,1.434218,0.232449,3.100884,1.0,2.0
new_adamw,"new AdamW, horizon optimized",adamw,horizon_optimized,fc3,15,ERG_gap,3,1.666667,0.57735,0.333333,1.434218,0.232449,3.100884,1.0,2.0
new_adamw,"new AdamW, horizon optimized",adamw,horizon_optimized,fc3,16,ERG_gap,3,1.666667,0.57735,0.333333,1.434218,0.232449,3.100884,1.0,2.0
new_adamw,"new AdamW, horizon optimized",adamw,horizon_optimized,fc3,17,ERG_gap,3,1.666667,0.57735,0.333333,1.434218,0.232449,3.100884,1.0,2.0
new_adamw,"new AdamW, horizon optimized",adamw,horizon_optimized,fc3,18,ERG_gap,3,1.666667,0.57735,0.333333,1.434218,0.232449,3.100884,1.0,2.0
new_adamw,"new AdamW, horizon optimized",adamw,horizon_optimized,fc3,19,ERG_gap,3,1.666667,0.57735,0.333333,1.434218,0.232449,3.100884,1.0,2.0
new_adamw,"new AdamW, horizon optimized",adamw,horizon_optimized,fc3,20,ERG_gap,3,1.666667,0.57735,0.333333,1.434218,0.232449,3.100884,1.0,2.0
new_adamw,"new AdamW, horizon optimized",adamw,horizon_optimized,fc3,21,ERG_gap,3,1.666667,0.57735,0.333333,1.434218,0.232449,3.100884,1.0,2.0
new_adamw,"new AdamW, horizon optimized",adamw,horizon_optimized,fc3,22,ERG_gap,3,1.666667,0.57735,0.333333,1.434218,0.232449,3.100884,1.0,2.0
new_adamw,"new AdamW, horizon optimized",adamw,horizon_optimized,fc3,23,ERG_gap,3,1.666667,0.57735,0.333333,1.434218,0.232449,3.100884,1.0,2.0
new_adamw,"new AdamW, horizon optimized",adamw,horizon_optimized,fc3,24,ERG_gap,3,1.666667,0.57735,0.333333,1.434218,0.232449,3.100884,1.0,2.0
new_adamw,"new AdamW, horizon optimized",adamw,horizon_optimized,fc3,25,ERG_gap,3,1.666667,0.57735,0.333333,1.434218,0.232449,3.100884,1.0,2.0
new_adamw,"new AdamW, horizon optimized",adamw,horizon_optimized,fc3,26,ERG_gap,3,1.666667,0.57735,0.333333,1.434218,0.232449,3.100884,1.0,2.0
new_adamw,"new AdamW, horizon optimized",adamw,horizon_optimized,fc3,27,ERG_gap,3,1.666667,0.57735,0.333333,1.434218,0.232449,3.100884,1.0,2.0
new_adamw,"new AdamW, horizon optimized",adamw,horizon_optimized,fc3,28,ERG_gap,3,1.666667,0.57735,0.333333,1.434218,0.232449,3.100884,1.0,2.0
new_adamw,"new AdamW, horizon optimized",adamw,horizon_optimized,fc3,29,ERG_gap,3,1.666667,0.57735,0.333333,1.434218,0.232449,3.100884,1.0,2.0
new_adamw,"new AdamW, horizon optimized",adamw,horizon_optimized,fc3,30,ERG_gap,3,1.666667,0.57735,0.333333,1.434218,0.232449,3.100884,1.0,2.0
old_adamw,old AdamW,adamw,old,fc1,0,ERG_gap,3,357.666667,27.682726,15.982629,68.767704,288.898962,426.434371,332.0,387.0
old_adamw,old AdamW,adamw,old,fc1,1,ERG_gap,3,371.0,3.0,1.732051,7.452413,363.547587,378.452413,368.0,374.0
old_adamw,old AdamW,adamw,old,fc1,2,ERG_gap,3,318.0,1.0,0.57735,2.484138,315.515862,320.484138,317.0,319.0
old_adamw,old AdamW,adamw,old,fc1,3,ERG_gap,3,284.333333,3.05505,1.763834,7.589166,276.744167,291.922499,281.0,287.0
old_adamw,old AdamW,adamw,old,fc1,4,ERG_gap,3,266.333333,4.041452,2.333333,10.039523,256.29381,276.372856,262.0,270.0
old_adamw,old AdamW,adamw,old,fc1,5,ERG_gap,3,247.0,0.0,0.0,0.0,247.0,247.0,247.0,247.0
old_adamw,old AdamW,adamw,old,fc1,6,ERG_gap,3,236.333333,3.21455,1.855921,7.985386,228.347948,244.318719,234.0,240.0
old_adamw,old AdamW,adamw,old,fc1,7,ERG_gap,3,223.666667,2.309401,1.333333,5.73687,217.929796,229.403537,221.0,225.0
old_adamw,old AdamW,adamw,old,fc1,8,ERG_gap,3,212.0,1.0,0.57735,2.484138,209.515862,214.484138,211.0,213.0
old_adamw,old AdamW,adamw,old,fc1,9,ERG_gap,3,202.666667,3.21455,1.855921,7.985386,194.681281,210.652052,199.0,205.0
old_adamw,old AdamW,adamw,old,fc1,10,ERG_gap,3,191.333333,2.081666,1.20185,5.171145,186.162188,196.504478,189.0,193.0
old_adamw,old AdamW,adamw,old,fc1,11,ERG_gap,3,182.666667,5.131601,2.962731,12.747605,169.919062,195.414271,177.0,187.0
old_adamw,old AdamW,adamw,old,fc1,12,ERG_gap,3,177.666667,10.40833,6.009252,25.855725,151.810942,203.522392,166.0,186.0
old_adamw,old AdamW,adamw,old,fc1,13,ERG_gap,3,173.333333,7.505553,4.333333,18.644828,154.688505,191.978162,166.0,181.0
old_adamw,old AdamW,adamw,old,fc1,14,ERG_gap,3,168.666667,4.163332,2.403701,10.34229,158.324377,179.008957,164.0,172.0
old_adamw,old AdamW,adamw,old,fc1,15,ERG_gap,3,167.0,4.0,2.309401,9.936551,157.063449,176.936551,163.0,171.0
old_adamw,old AdamW,adamw,old,fc1,16,ERG_gap,3,164.666667,2.516611,1.452966,6.251609,158.415057,170.918276,162.0,167.0
old_adamw,old AdamW,adamw,old,fc1,17,ERG_gap,3,165.333333,2.081666,1.20185,5.171145,160.162188,170.504478,163.0,167.0
old_adamw,old AdamW,adamw,old,fc1,18,ERG_gap,3,165.666667,1.527525,0.881917,3.794583,161.872084,169.46125,164.0,167.0
old_adamw,old AdamW,adamw,old,fc1,19,ERG_gap,3,165.666667,1.527525,0.881917,3.794583,161.872084,169.46125,164.0,167.0
old_adamw,old AdamW,adamw,old,fc1,20,ERG_gap,3,165.666667,1.527525,0.881917,3.794583,161.872084,169.46125,164.0,167.0
old_adamw,old AdamW,adamw,old,fc1,21,ERG_gap,3,166.0,1.732051,1.0,4.302653,161.697347,170.302653,164.0,167.0
old_adamw,old AdamW,adamw,old,fc1,22,ERG_gap,3,166.0,1.732051,1.0,4.302653,161.697347,170.302653,164.0,167.0
old_adamw,old AdamW,adamw,old,fc1,23,ERG_gap,3,166.0,1.732051,1.0,4.302653,161.697347,170.302653,164.0,167.0
old_adamw,old AdamW,adamw,old,fc1,24,ERG_gap,3,166.0,1.732051,1.0,4.302653,161.697347,170.302653,164.0,167.0
old_adamw,old AdamW,adamw,old,fc1,25,ERG_gap,3,166.333333,2.081666,1.20185,5.171145,161.162188,171.504478,164.0,168.0
old_adamw,old AdamW,adamw,old,fc1,26,ERG_gap,3,166.666667,2.309401,1.333333,5.73687,160.929796,172.403537,164.0,168.0
old_adamw,old AdamW,adamw,old,fc1,27,ERG_gap,3,166.666667,2.309401,1.333333,5.73687,160.929796,172.403537,164.0,168.0
old_adamw,old AdamW,adamw,old,fc1,28,ERG_gap,3,166.666667,2.309401,1.333333,5.73687,160.929796,172.403537,164.0,168.0
old_adamw,old AdamW,adamw,old,fc1,29,ERG_gap,3,166.666667,2.309401,1.333333,5.73687,160.929796,172.403537,164.0,168.0
old_adamw,old AdamW,adamw,old,fc1,30,ERG_gap,3,166.666667,2.309401,1.333333,5.73687,160.929796,172.403537,164.0,168.0
old_adamw,old AdamW,adamw,old,fc2,0,ERG_gap,3,343.0,18.520259,10.692677,46.006874,296.993126,389.006874,322.0,357.0
old_adamw,old AdamW,adamw,old,fc2,1,ERG_gap,3,344.666667,4.932883,2.848001,12.25396,332.412706,356.920627,339.0,348.0
old_adamw,old AdamW,adamw,old,fc2,2,ERG_gap,3,320.333333,5.507571,3.179797,13.681564,306.65177,334.014897,314.0,324.0
old_adamw,old AdamW,adamw,old,fc2,3,ERG_gap,3,301.333333,5.507571,3.179797,13.681564,287.65177,315.014897,296.0,307.0
old_adamw,old AdamW,adamw,old,fc2,4,ERG_gap,3,289.333333,8.504901,4.910307,21.127344,268.205989,310.460678,283.0,299.0
old_adamw,old AdamW,adamw,old,fc2,5,ERG_gap,3,275.333333,2.309401,1.333333,5.73687,269.596463,281.070204,274.0,278.0
old_adamw,old AdamW,adamw,old,fc2,6,ERG_gap,3,267.333333,2.516611,1.452966,6.251609,261.081724,273.584943,265.0,270.0
old_adamw,old AdamW,adamw,old,fc2,7,ERG_gap,3,258.666667,3.05505,1.763834,7.589166,251.077501,266.255833,256.0,262.0
old_adamw,old AdamW,adamw,old,fc2,8,ERG_gap,3,253.0,1.0,0.57735,2.484138,250.515862,255.484138,252.0,254.0
old_adamw,old AdamW,adamw,old,fc2,9,ERG_gap,3,246.666667,4.50925,2.603417,11.201597,235.465069,257.868264,242.0,251.0
old_adamw,old AdamW,adamw,old,fc2,10,ERG_gap,3,243.666667,3.05505,1.763834,7.589166,236.077501,251.255833,241.0,247.0
old_adamw,old AdamW,adamw,old,fc2,11,ERG_gap,3,240.666667,5.033223,2.905933,12.503219,228.163448,253.169886,236.0,246.0
old_adamw,old AdamW,adamw,old,fc2,12,ERG_gap,3,233.0,3.464102,2.0,8.605305,224.394695,241.605305,229.0,235.0
old_adamw,old AdamW,adamw,old,fc2,13,ERG_gap,3,233.0,4.582576,2.645751,11.383749,221.616251,244.383749,228.0,237.0
old_adamw,old AdamW,adamw,old,fc2,14,ERG_gap,3,230.666667,7.094599,4.096069,17.623961,213.042706,248.290627,223.0,237.0
old_adamw,old AdamW,adamw,old,fc2,15,ERG_gap,3,226.0,4.0,2.309401,9.936551,216.063449,235.936551,222.0,230.0
old_adamw,old AdamW,adamw,old,fc2,16,ERG_gap,3,226.0,6.557439,3.785939,16.28958,209.71042,242.28958,219.0,232.0
old_adamw,old AdamW,adamw,old,fc2,17,ERG_gap,3,227.0,3.605551,2.081666,8.956686,218.043314,235.956686,224.0,231.0
old_adamw,old AdamW,adamw,old,fc2,18,ERG_gap,3,227.0,3.605551,2.081666,8.956686,218.043314,235.956686,224.0,231.0
old_adamw,old AdamW,adamw,old,fc2,19,ERG_gap,3,226.666667,4.041452,2.333333,10.039523,216.627144,236.70619,223.0,231.0
old_adamw,old AdamW,adamw,old,fc2,20,ERG_gap,3,227.0,4.0,2.309401,9.936551,217.063449,236.936551,223.0,231.0
old_adamw,old AdamW,adamw,old,fc2,21,ERG_gap,3,226.0,4.358899,2.516611,10.828105,215.171895,236.828105,223.0,231.0
old_adamw,old AdamW,adamw,old,fc2,22,ERG_gap,3,226.0,4.358899,2.516611,10.828105,215.171895,236.828105,223.0,231.0
old_adamw,old AdamW,adamw,old,fc2,23,ERG_gap,3,226.0,4.358899,2.516611,10.828105,215.171895,236.828105,223.0,231.0
old_adamw,old AdamW,adamw,old,fc2,24,ERG_gap,3,226.0,4.358899,2.516611,10.828105,215.171895,236.828105,223.0,231.0
old_adamw,old AdamW,adamw,old,fc2,25,ERG_gap,3,226.0,4.358899,2.516611,10.828105,215.171895,236.828105,223.0,231.0
old_adamw,old AdamW,adamw,old,fc2,26,ERG_gap,3,226.0,4.358899,2.516611,10.828105,215.171895,236.828105,223.0,231.0
old_adamw,old AdamW,adamw,old,fc2,27,ERG_gap,3,226.0,4.358899,2.516611,10.828105,215.171895,236.828105,223.0,231.0
old_adamw,old AdamW,adamw,old,fc2,28,ERG_gap,3,226.0,4.358899,2.516611,10.828105,215.171895,236.828105,223.0,231.0
old_adamw,old AdamW,adamw,old,fc2,29,ERG_gap,3,226.0,4.358899,2.516611,10.828105,215.171895,236.828105,223.0,231.0
old_adamw,old AdamW,adamw,old,fc2,30,ERG_gap,3,226.333333,4.163332,2.403701,10.34229,215.991043,236.675623,223.0,231.0
old_adamw,old AdamW,adamw,old,fc3,0,ERG_gap,3,2.0,0.0,0.0,0.0,2.0,2.0,2.0,2.0
old_adamw,old AdamW,adamw,old,fc3,1,ERG_gap,3,0.333333,0.57735,0.333333,1.434218,-1.100884,1.767551,0.0,1.0
old_adamw,old AdamW,adamw,old,fc3,2,ERG_gap,3,0.333333,0.57735,0.333333,1.434218,-1.100884,1.767551,0.0,1.0
old_adamw,old AdamW,adamw,old,fc3,3,ERG_gap,3,0.333333,0.57735,0.333333,1.434218,-1.100884,1.767551,0.0,1.0
old_adamw,old AdamW,adamw,old,fc3,4,ERG_gap,3,0.666667,1.154701,0.666667,2.868435,-2.201768,3.535102,0.0,2.0
old_adamw,old AdamW,adamw,old,fc3,5,ERG_gap,3,1.0,1.0,0.57735,2.484138,-1.484138,3.484138,0.0,2.0
old_adamw,old AdamW,adamw,old,fc3,6,ERG_gap,3,1.0,1.0,0.57735,2.484138,-1.484138,3.484138,0.0,2.0
old_adamw,old AdamW,adamw,old,fc3,7,ERG_gap,3,0.666667,1.154701,0.666667,2.868435,-2.201768,3.535102,0.0,2.0
old_adamw,old AdamW,adamw,old,fc3,8,ERG_gap,3,1.0,1.0,0.57735,2.484138,-1.484138,3.484138,0.0,2.0
old_adamw,old AdamW,adamw,old,fc3,9,ERG_gap,3,1.0,1.0,0.57735,2.484138,-1.484138,3.484138,0.0,2.0
old_adamw,old AdamW,adamw,old,fc3,10,ERG_gap,3,1.0,1.0,0.57735,2.484138,-1.484138,3.484138,0.0,2.0
old_adamw,old AdamW,adamw,old,fc3,11,ERG_gap,3,1.0,1.0,0.57735,2.484138,-1.484138,3.484138,0.0,2.0
old_adamw,old AdamW,adamw,old,fc3,12,ERG_gap,3,1.333333,1.154701,0.666667,2.868435,-1.535102,4.201768,0.0,2.0
old_adamw,old AdamW,adamw,old,fc3,13,ERG_gap,3,1.666667,0.57735,0.333333,1.434218,0.232449,3.100884,1.0,2.0
old_adamw,old AdamW,adamw,old,fc3,14,ERG_gap,3,1.666667,0.57735,0.333333,1.434218,0.232449,3.100884,1.0,2.0
old_adamw,old AdamW,adamw,old,fc3,15,ERG_gap,3,1.0,1.0,0.57735,2.484138,-1.484138,3.484138,0.0,2.0
old_adamw,old AdamW,adamw,old,fc3,16,ERG_gap,3,1.333333,1.154701,0.666667,2.868435,-1.535102,4.201768,0.0,2.0
old_adamw,old AdamW,adamw,old,fc3,17,ERG_gap,3,1.333333,1.154701,0.666667,2.868435,-1.535102,4.201768,0.0,2.0
old_adamw,old AdamW,adamw,old,fc3,18,ERG_gap,3,1.333333,1.154701,0.666667,2.868435,-1.535102,4.201768,0.0,2.0
old_adamw,old AdamW,adamw,old,fc3,19,ERG_gap,3,1.333333,1.154701,0.666667,2.868435,-1.535102,4.201768,0.0,2.0
old_adamw,old AdamW,adamw,old,fc3,20,ERG_gap,3,1.333333,1.154701,0.666667,2.868435,-1.535102,4.201768,0.0,2.0
old_adamw,old AdamW,adamw,old,fc3,21,ERG_gap,3,1.333333,1.154701,0.666667,2.868435,-1.535102,4.201768,0.0,2.0
old_adamw,old AdamW,adamw,old,fc3,22,ERG_gap,3,1.333333,1.154701,0.666667,2.868435,-1.535102,4.201768,0.0,2.0
old_adamw,old AdamW,adamw,old,fc3,23,ERG_gap,3,1.333333,1.154701,0.666667,2.868435,-1.535102,4.201768,0.0,2.0
old_adamw,old AdamW,adamw,old,fc3,24,ERG_gap,3,1.333333,1.154701,0.666667,2.868435,-1.535102,4.201768,0.0,2.0
old_adamw,old AdamW,adamw,old,fc3,25,ERG_gap,3,1.333333,1.154701,0.666667,2.868435,-1.535102,4.201768,0.0,2.0
old_adamw,old AdamW,adamw,old,fc3,26,ERG_gap,3,1.333333,1.154701,0.666667,2.868435,-1.535102,4.201768,0.0,2.0
old_adamw,old AdamW,adamw,old,fc3,27,ERG_gap,3,1.333333,1.154701,0.666667,2.868435,-1.535102,4.201768,0.0,2.0
old_adamw,old AdamW,adamw,old,fc3,28,ERG_gap,3,1.333333,1.154701,0.666667,2.868435,-1.535102,4.201768,0.0,2.0
old_adamw,old AdamW,adamw,old,fc3,29,ERG_gap,3,1.333333,1.154701,0.666667,2.868435,-1.535102,4.201768,0.0,2.0
old_adamw,old AdamW,adamw,old,fc3,30,ERG_gap,3,1.333333,1.154701,0.666667,2.868435,-1.535102,4.201768,0.0,2.0
old_sgd,old SGD + Nesterov,sgd_momentum,old,fc1,0,ERG_gap,3,357.666667,27.682726,15.982629,68.767704,288.898962,426.434371,332.0,387.0
old_sgd,old SGD + Nesterov,sgd_momentum,old,fc1,1,ERG_gap,3,343.0,32.908965,19.0,81.750402,261.249598,424.750402,324.0,381.0
old_sgd,old SGD + Nesterov,sgd_momentum,old,fc1,2,ERG_gap,3,374.333333,0.57735,0.333333,1.434218,372.899116,375.767551,374.0,375.0
old_sgd,old SGD + Nesterov,sgd_momentum,old,fc1,3,ERG_gap,3,354.333333,1.527525,0.881917,3.794583,350.53875,358.127916,353.0,356.0
old_sgd,old SGD + Nesterov,sgd_momentum,old,fc1,4,ERG_gap,3,341.0,8.717798,5.033223,21.65621,319.34379,362.65621,335.0,351.0
old_sgd,old SGD + Nesterov,sgd_momentum,old,fc1,5,ERG_gap,3,329.0,3.605551,2.081666,8.956686,320.043314,337.956686,325.0,332.0
old_sgd,old SGD + Nesterov,sgd_momentum,old,fc1,6,ERG_gap,3,319.666667,3.785939,2.185813,9.404794,310.261873,329.07146,317.0,324.0
old_sgd,old SGD + Nesterov,sgd_momentum,old,fc1,7,ERG_gap,3,316.0,1.0,0.57735,2.484138,313.515862,318.484138,315.0,317.0
old_sgd,old SGD + Nesterov,sgd_momentum,old,fc1,8,ERG_gap,3,315.333333,1.154701,0.666667,2.868435,312.464898,318.201768,314.0,316.0
old_sgd,old SGD + Nesterov,sgd_momentum,old,fc1,9,ERG_gap,3,311.0,4.582576,2.645751,11.383749,299.616251,322.383749,306.0,315.0
old_sgd,old SGD + Nesterov,sgd_momentum,old,fc1,10,ERG_gap,3,310.333333,5.686241,3.282953,14.125405,296.207928,324.458738,304.0,315.0
old_sgd,old SGD + Nesterov,sgd_momentum,old,fc1,11,ERG_gap,3,310.333333,4.725816,2.728451,11.739577,298.593757,322.07291,305.0,314.0
old_sgd,old SGD + Nesterov,sgd_momentum,old,fc1,12,ERG_gap,3,310.333333,4.725816,2.728451,11.739577,298.593757,322.07291,305.0,314.0
old_sgd,old SGD + Nesterov,sgd_momentum,old,fc1,13,ERG_gap,3,308.333333,4.163332,2.403701,10.34229,297.991043,318.675623,305.0,313.0
old_sgd,old SGD + Nesterov,sgd_momentum,old,fc1,14,ERG_gap,3,307.666667,3.785939,2.185813,9.404794,298.261873,317.07146,305.0,312.0
old_sgd,old SGD + Nesterov,sgd_momentum,old,fc1,15,ERG_gap,3,307.666667,3.785939,2.185813,9.404794,298.261873,317.07146,305.0,312.0
old_sgd,old SGD + Nesterov,sgd_momentum,old,fc1,16,ERG_gap,3,307.666667,3.785939,2.185813,9.404794,298.261873,317.07146,305.0,312.0
old_sgd,old SGD + Nesterov,sgd_momentum,old,fc1,17,ERG_gap,3,307.333333,4.163332,2.403701,10.34229,296.991043,317.675623,304.0,312.0
old_sgd,old SGD + Nesterov,sgd_momentum,old,fc1,18,ERG_gap,3,307.333333,4.163332,2.403701,10.34229,296.991043,317.675623,304.0,312.0
old_sgd,old SGD + Nesterov,sgd_momentum,old,fc1,19,ERG_gap,3,306.333333,2.516611,1.452966,6.251609,300.081724,312.584943,304.0,309.0
old_sgd,old SGD + Nesterov,sgd_momentum,old,fc1,20,ERG_gap,3,306.333333,2.516611,1.452966,6.251609,300.081724,312.584943,304.0,309.0
old_sgd,old SGD + Nesterov,sgd_momentum,old,fc1,21,ERG_gap,3,306.666667,2.516611,1.452966,6.251609,300.415057,312.918276,304.0,309.0
old_sgd,old SGD + Nesterov,sgd_momentum,old,fc1,22,ERG_gap,3,306.666667,2.516611,1.452966,6.251609,300.415057,312.918276,304.0,309.0
old_sgd,old SGD + Nesterov,sgd_momentum,old,fc1,23,ERG_gap,3,305.666667,1.527525,0.881917,3.794583,301.872084,309.46125,304.0,307.0
old_sgd,old SGD + Nesterov,sgd_momentum,old,fc1,24,ERG_gap,3,305.666667,1.527525,0.881917,3.794583,301.872084,309.46125,304.0,307.0
old_sgd,old SGD + Nesterov,sgd_momentum,old,fc1,25,ERG_gap,3,305.0,1.732051,1.0,4.302653,300.697347,309.302653,303.0,306.0
old_sgd,old SGD + Nesterov,sgd_momentum,old,fc1,26,ERG_gap,3,305.0,1.732051,1.0,4.302653,300.697347,309.302653,303.0,306.0
old_sgd,old SGD + Nesterov,sgd_momentum,old,fc1,27,ERG_gap,3,305.0,1.732051,1.0,4.302653,300.697347,309.302653,303.0,306.0
old_sgd,old SGD + Nesterov,sgd_momentum,old,fc1,28,ERG_gap,3,305.0,1.732051,1.0,4.302653,300.697347,309.302653,303.0,306.0
old_sgd,old SGD + Nesterov,sgd_momentum,old,fc1,29,ERG_gap,3,305.0,1.732051,1.0,4.302653,300.697347,309.302653,303.0,306.0
old_sgd,old SGD + Nesterov,sgd_momentum,old,fc1,30,ERG_gap,3,305.0,1.732051,1.0,4.302653,300.697347,309.302653,303.0,306.0
old_sgd,old SGD + Nesterov,sgd_momentum,old,fc2,0,ERG_gap,3,343.0,18.520259,10.692677,46.006874,296.993126,389.006874,322.0,357.0
old_sgd,old SGD + Nesterov,sgd_momentum,old,fc2,1,ERG_gap,3,335.666667,11.06044,6.385748,27.475656,308.191011,363.142323,324.0,346.0
old_sgd,old SGD + Nesterov,sgd_momentum,old,fc2,2,ERG_gap,3,343.333333,8.504901,4.910307,21.127344,322.205989,364.460678,335.0,352.0
old_sgd,old SGD + Nesterov,sgd_momentum,old,fc2,3,ERG_gap,3,341.0,8.185353,4.725816,20.333544,320.666456,361.333544,332.0,348.0
old_sgd,old SGD + Nesterov,sgd_momentum,old,fc2,4,ERG_gap,3,341.666667,7.234178,4.176655,17.970695,323.695972,359.637361,337.0,350.0
old_sgd,old SGD + Nesterov,sgd_momentum,old,fc2,5,ERG_gap,3,329.333333,5.507571,3.179797,13.681564,315.65177,343.014897,324.0,335.0
old_sgd,old SGD + Nesterov,sgd_momentum,old,fc2,6,ERG_gap,3,336.666667,7.023769,4.055175,17.44801,319.218657,354.114677,330.0,344.0
old_sgd,old SGD + Nesterov,sgd_momentum,old,fc2,7,ERG_gap,3,333.0,7.211103,4.163332,17.913372,315.086628,350.913372,325.0,339.0
old_sgd,old SGD + Nesterov,sgd_momentum,old,fc2,8,ERG_gap,3,331.333333,6.429101,3.711843,15.970771,315.362562,347.304104,324.0,336.0
old_sgd,old SGD + Nesterov,sgd_momentum,old,fc2,9,ERG_gap,3,331.666667,7.094599,4.096069,17.623961,314.042706,349.290627,324.0,338.0
old_sgd,old SGD + Nesterov,sgd_momentum,old,fc2,10,ERG_gap,3,328.666667,6.027714,3.480102,14.973671,313.692996,343.640338,323.0,335.0
old_sgd,old SGD + Nesterov,sgd_momentum,old,fc2,11,ERG_gap,3,327.0,3.605551,2.081666,8.956686,318.043314,335.956686,323.0,330.0
old_sgd,old SGD + Nesterov,sgd_momentum,old,fc2,12,ERG_gap,3,326.666667,3.511885,2.027588,8.724005,317.942662,335.390672,323.0,330.0
old_sgd,old SGD + Nesterov,sgd_momentum,old,fc2,13,ERG_gap,3,326.666667,3.511885,2.027588,8.724005,317.942662,335.390672,323.0,330.0
old_sgd,old SGD + Nesterov,sgd_momentum,old,fc2,14,ERG_gap,3,326.666667,3.511885,2.027588,8.724005,317.942662,335.390672,323.0,330.0
old_sgd,old SGD + Nesterov,sgd_momentum,old,fc2,15,ERG_gap,3,325.0,5.291503,3.05505,13.144821,311.855179,338.144821,319.0,329.0
old_sgd,old SGD + Nesterov,sgd_momentum,old,fc2,16,ERG_gap,3,324.666667,5.859465,3.382964,14.555719,310.110948,339.222385,318.0,329.0
old_sgd,old SGD + Nesterov,sgd_momentum,old,fc2,17,ERG_gap,3,324.666667,5.859465,3.382964,14.555719,310.110948,339.222385,318.0,329.0
old_sgd,old SGD + Nesterov,sgd_momentum,old,fc2,18,ERG_gap,3,324.666667,5.859465,3.382964,14.555719,310.110948,339.222385,318.0,329.0
old_sgd,old SGD + Nesterov,sgd_momentum,old,fc2,19,ERG_gap,3,323.666667,4.932883,2.848001,12.25396,311.412706,335.920627,318.0,327.0
old_sgd,old SGD + Nesterov,sgd_momentum,old,fc2,20,ERG_gap,3,323.666667,4.932883,2.848001,12.25396,311.412706,335.920627,318.0,327.0
old_sgd,old SGD + Nesterov,sgd_momentum,old,fc2,21,ERG_gap,3,323.666667,4.932883,2.848001,12.25396,311.412706,335.920627,318.0,327.0
old_sgd,old SGD + Nesterov,sgd_momentum,old,fc2,22,ERG_gap,3,323.333333,4.618802,2.666667,11.473741,311.859593,334.807074,318.0,326.0
old_sgd,old SGD + Nesterov,sgd_momentum,old,fc2,23,ERG_gap,3,323.333333,4.618802,2.666667,11.473741,311.859593,334.807074,318.0,326.0
old_sgd,old SGD + Nesterov,sgd_momentum,old,fc2,24,ERG_gap,3,323.333333,4.618802,2.666667,11.473741,311.859593,334.807074,318.0,326.0
old_sgd,old SGD + Nesterov,sgd_momentum,old,fc2,25,ERG_gap,3,324.666667,2.309401,1.333333,5.73687,318.929796,330.403537,322.0,326.0
old_sgd,old SGD + Nesterov,sgd_momentum,old,fc2,26,ERG_gap,3,324.666667,2.309401,1.333333,5.73687,318.929796,330.403537,322.0,326.0
old_sgd,old SGD + Nesterov,sgd_momentum,old,fc2,27,ERG_gap,3,324.333333,2.081666,1.20185,5.171145,319.162188,329.504478,322.0,326.0
old_sgd,old SGD + Nesterov,sgd_momentum,old,fc2,28,ERG_gap,3,324.333333,2.081666,1.20185,5.171145,319.162188,329.504478,322.0,326.0
old_sgd,old SGD + Nesterov,sgd_momentum,old,fc2,29,ERG_gap,3,324.333333,2.081666,1.20185,5.171145,319.162188,329.504478,322.0,326.0
old_sgd,old SGD + Nesterov,sgd_momentum,old,fc2,30,ERG_gap,3,324.333333,2.081666,1.20185,5.171145,319.162188,329.504478,322.0,326.0
old_sgd,old SGD + Nesterov,sgd_momentum,old,fc3,0,ERG_gap,3,2.0,0.0,0.0,0.0,2.0,2.0,2.0,2.0
old_sgd,old SGD + Nesterov,sgd_momentum,old,fc3,1,ERG_gap,3,1.666667,0.57735,0.333333,1.434218,0.232449,3.100884,1.0,2.0
old_sgd,old SGD + Nesterov,sgd_momentum,old,fc3,2,ERG_gap,3,1.333333,0.57735,0.333333,1.434218,-0.100884,2.767551,1.0,2.0
old_sgd,old SGD + Nesterov,sgd_momentum,old,fc3,3,ERG_gap,3,1.666667,0.57735,0.333333,1.434218,0.232449,3.100884,1.0,2.0
old_sgd,old SGD + Nesterov,sgd_momentum,old,fc3,4,ERG_gap,3,1.666667,0.57735,0.333333,1.434218,0.232449,3.100884,1.0,2.0
old_sgd,old SGD + Nesterov,sgd_momentum,old,fc3,5,ERG_gap,3,1.666667,0.57735,0.333333,1.434218,0.232449,3.100884,1.0,2.0
old_sgd,old SGD + Nesterov,sgd_momentum,old,fc3,6,ERG_gap,3,1.666667,0.57735,0.333333,1.434218,0.232449,3.100884,1.0,2.0
old_sgd,old SGD + Nesterov,sgd_momentum,old,fc3,7,ERG_gap,3,2.0,0.0,0.0,0.0,2.0,2.0,2.0,2.0
old_sgd,old SGD + Nesterov,sgd_momentum,old,fc3,8,ERG_gap,3,1.666667,0.57735,0.333333,1.434218,0.232449,3.100884,1.0,2.0
old_sgd,old SGD + Nesterov,sgd_momentum,old,fc3,9,ERG_gap,3,1.333333,0.57735,0.333333,1.434218,-0.100884,2.767551,1.0,2.0
old_sgd,old SGD + Nesterov,sgd_momentum,old,fc3,10,ERG_gap,3,1.333333,0.57735,0.333333,1.434218,-0.100884,2.767551,1.0,2.0
old_sgd,old SGD + Nesterov,sgd_momentum,old,fc3,11,ERG_gap,3,1.333333,0.57735,0.333333,1.434218,-0.100884,2.767551,1.0,2.0
old_sgd,old SGD + Nesterov,sgd_momentum,old,fc3,12,ERG_gap,3,1.666667,0.57735,0.333333,1.434218,0.232449,3.100884,1.0,2.0
old_sgd,old SGD + Nesterov,sgd_momentum,old,fc3,13,ERG_gap,3,1.666667,0.57735,0.333333,1.434218,0.232449,3.100884,1.0,2.0
old_sgd,old SGD + Nesterov,sgd_momentum,old,fc3,14,ERG_gap,3,1.666667,0.57735,0.333333,1.434218,0.232449,3.100884,1.0,2.0
old_sgd,old SGD + Nesterov,sgd_momentum,old,fc3,15,ERG_gap,3,1.666667,0.57735,0.333333,1.434218,0.232449,3.100884,1.0,2.0
old_sgd,old SGD + Nesterov,sgd_momentum,old,fc3,16,ERG_gap,3,1.666667,0.57735,0.333333,1.434218,0.232449,3.100884,1.0,2.0
old_sgd,old SGD + Nesterov,sgd_momentum,old,fc3,17,ERG_gap,3,1.666667,0.57735,0.333333,1.434218,0.232449,3.100884,1.0,2.0
old_sgd,old SGD + Nesterov,sgd_momentum,old,fc3,18,ERG_gap,3,1.666667,0.57735,0.333333,1.434218,0.232449,3.100884,1.0,2.0
old_sgd,old SGD + Nesterov,sgd_momentum,old,fc3,19,ERG_gap,3,1.666667,0.57735,0.333333,1.434218,0.232449,3.100884,1.0,2.0
old_sgd,old SGD + Nesterov,sgd_momentum,old,fc3,20,ERG_gap,3,1.666667,0.57735,0.333333,1.434218,0.232449,3.100884,1.0,2.0
old_sgd,old SGD + Nesterov,sgd_momentum,old,fc3,21,ERG_gap,3,1.666667,0.57735,0.333333,1.434218,0.232449,3.100884,1.0,2.0
old_sgd,old SGD + Nesterov,sgd_momentum,old,fc3,22,ERG_gap,3,2.0,0.0,0.0,0.0,2.0,2.0,2.0,2.0
old_sgd,old SGD + Nesterov,sgd_momentum,old,fc3,23,ERG_gap,3,2.0,0.0,0.0,0.0,2.0,2.0,2.0,2.0
old_sgd,old SGD + Nesterov,sgd_momentum,old,fc3,24,ERG_gap,3,2.0,0.0,0.0,0.0,2.0,2.0,2.0,2.0
old_sgd,old SGD + Nesterov,sgd_momentum,old,fc3,25,ERG_gap,3,2.0,0.0,0.0,0.0,2.0,2.0,2.0,2.0
old_sgd,old SGD + Nesterov,sgd_momentum,old,fc3,26,ERG_gap,3,2.0,0.0,0.0,0.0,2.0,2.0,2.0,2.0
old_sgd,old SGD + Nesterov,sgd_momentum,old,fc3,27,ERG_gap,3,2.0,0.0,0.0,0.0,2.0,2.0,2.0,2.0
old_sgd,old SGD + Nesterov,sgd_momentum,old,fc3,28,ERG_gap,3,2.0,0.0,0.0,0.0,2.0,2.0,2.0,2.0
old_sgd,old SGD + Nesterov,sgd_momentum,old,fc3,29,ERG_gap,3,2.0,0.0,0.0,0.0,2.0,2.0,2.0,2.0
old_sgd,old SGD + Nesterov,sgd_momentum,old,fc3,30,ERG_gap,3,2.0,0.0,0.0,0.0,2.0,2.0,2.0,2.0
new_muon,"new Muon, horizon optimized",sgd_momentum_muon,horizon_optimized,fc1,0,ERG_gap,3,357.666667,27.682726,15.982629,68.767704,288.898962,426.434371,332.0,387.0
new_muon,"new Muon, horizon optimized",sgd_momentum_muon,horizon_optimized,fc1,1,ERG_gap,3,385.666667,7.371115,4.255715,18.310864,367.355802,403.977531,380.0,394.0
new_muon,"new Muon, horizon optimized",sgd_momentum_muon,horizon_optimized,fc1,2,ERG_gap,3,363.666667,19.502137,11.259564,48.445993,315.220674,412.11266,344.0,383.0
new_muon,"new Muon, horizon optimized",sgd_momentum_muon,horizon_optimized,fc1,3,ERG_gap,3,313.333333,29.022979,16.756425,72.097078,241.236256,385.430411,280.0,333.0
new_muon,"new Muon, horizon optimized",sgd_momentum_muon,horizon_optimized,fc1,4,ERG_gap,3,290.0,14.106736,8.144528,35.043075,254.956925,325.043075,277.0,305.0
new_muon,"new Muon, horizon optimized",sgd_momentum_muon,horizon_optimized,fc1,5,ERG_gap,3,257.0,25.70992,14.843629,63.866982,193.133018,320.866982,237.0,286.0
new_muon,"new Muon, horizon optimized",sgd_momentum_muon,horizon_optimized,fc1,6,ERG_gap,3,234.666667,28.536526,16.475571,70.888661,163.778006,305.555328,207.0,264.0
new_muon,"new Muon, horizon optimized",sgd_momentum_muon,horizon_optimized,fc1,7,ERG_gap,3,242.0,21.0,12.124356,52.166892,189.833108,294.166892,218.0,257.0
new_muon,"new Muon, horizon optimized",sgd_momentum_muon,horizon_optimized,fc1,8,ERG_gap,3,255.0,63.174362,36.473735,156.933815,98.066185,411.933815,186.0,310.0
new_muon,"new Muon, horizon optimized",sgd_momentum_muon,horizon_optimized,fc1,9,ERG_gap,3,210.666667,40.698075,23.497045,101.099624,109.567043,311.76629,175.0,255.0
new_muon,"new Muon, horizon optimized",sgd_momentum_muon,horizon_optimized,fc1,10,ERG_gap,3,216.333333,17.009801,9.820613,42.254688,174.078645,258.588022,199.0,233.0
new_muon,"new Muon, horizon optimized",sgd_momentum_muon,horizon_optimized,fc1,11,ERG_gap,3,201.0,28.354894,16.370706,70.437461,130.562539,271.437461,169.0,223.0
new_muon,"new Muon, horizon optimized",sgd_momentum_muon,horizon_optimized,fc1,12,ERG_gap,3,180.0,6.557439,3.785939,16.28958,163.71042,196.28958,173.0,186.0
new_muon,"new Muon, horizon optimized",sgd_momentum_muon,horizon_optimized,fc1,13,ERG_gap,3,183.333333,13.051181,7.535103,32.420932,150.912402,215.754265,171.0,197.0
new_muon,"new Muon, horizon optimized",sgd_momentum_muon,horizon_optimized,fc1,14,ERG_gap,3,175.333333,1.527525,0.881917,3.794583,171.53875,179.127916,174.0,177.0
new_muon,"new Muon, horizon optimized",sgd_momentum_muon,horizon_optimized,fc1,15,ERG_gap,3,154.0,37.589892,21.702534,93.378469,60.621531,247.378469,118.0,193.0
new_muon,"new Muon, horizon optimized",sgd_momentum_muon,horizon_optimized,fc1,16,ERG_gap,3,163.0,7.0,4.041452,17.388964,145.611036,180.388964,158.0,171.0
new_muon,"new Muon, horizon optimized",sgd_momentum_muon,horizon_optimized,fc1,17,ERG_gap,3,120.666667,32.316147,18.657736,80.277759,40.388908,200.944425,84.0,145.0
new_muon,"new Muon, horizon optimized",sgd_momentum_muon,horizon_optimized,fc1,18,ERG_gap,3,152.333333,39.106692,22.578259,97.146408,55.186926,249.479741,109.0,185.0
new_muon,"new Muon, horizon optimized",sgd_momentum_muon,horizon_optimized,fc1,19,ERG_gap,3,152.0,40.112342,23.158872,99.644582,52.355418,251.644582,107.0,184.0
new_muon,"new Muon, horizon optimized",sgd_momentum_muon,horizon_optimized,fc1,20,ERG_gap,3,143.0,31.953091,18.448125,79.375877,63.624123,222.375877,107.0,168.0
new_muon,"new Muon, horizon optimized",sgd_momentum_muon,horizon_optimized,fc1,21,ERG_gap,3,158.0,5.0,2.886751,12.420689,145.579311,170.420689,153.0,163.0
new_muon,"new Muon, horizon optimized",sgd_momentum_muon,horizon_optimized,fc1,22,ERG_gap,3,140.666667,33.261589,19.203588,82.626369,58.040298,223.293035,103.0,166.0
new_muon,"new Muon, horizon optimized",sgd_momentum_muon,horizon_optimized,fc1,23,ERG_gap,3,101.0,26.851443,15.502688,66.702683,34.297317,167.702683,77.0,130.0
new_muon,"new Muon, horizon optimized",sgd_momentum_muon,horizon_optimized,fc1,24,ERG_gap,3,106.333333,37.806525,21.827607,93.916615,12.416719,200.249948,77.0,149.0
new_muon,"new Muon, horizon optimized",sgd_momentum_muon,horizon_optimized,fc1,25,ERG_gap,3,128.666667,30.088758,17.371752,74.744617,53.922049,203.411284,100.0,160.0
new_muon,"new Muon, horizon optimized",sgd_momentum_muon,horizon_optimized,fc1,26,ERG_gap,3,127.666667,29.091809,16.796164,72.268059,55.398608,199.934726,100.0,158.0
new_muon,"new Muon, horizon optimized",sgd_momentum_muon,horizon_optimized,fc1,27,ERG_gap,3,127.0,29.614186,17.097758,73.565716,53.434284,200.565716,99.0,158.0
new_muon,"new Muon, horizon optimized",sgd_momentum_muon,horizon_optimized,fc1,28,ERG_gap,3,126.333333,29.569128,17.071744,73.453786,52.879547,199.787119,98.0,157.0
new_muon,"new Muon, horizon optimized",sgd_momentum_muon,horizon_optimized,fc1,29,ERG_gap,3,101.0,20.663978,11.930353,51.332168,49.667832,152.332168,82.0,123.0
new_muon,"new Muon, horizon optimized",sgd_momentum_muon,horizon_optimized,fc1,30,ERG_gap,3,98.0,24.515301,14.153916,60.899385,37.100615,158.899385,74.0,123.0
new_muon,"new Muon, horizon optimized",sgd_momentum_muon,horizon_optimized,fc2,0,ERG_gap,3,343.0,18.520259,10.692677,46.006874,296.993126,389.006874,322.0,357.0
new_muon,"new Muon, horizon optimized",sgd_momentum_muon,horizon_optimized,fc2,1,ERG_gap,3,340.0,8.717798,5.033223,21.65621,318.34379,361.65621,334.0,350.0
new_muon,"new Muon, horizon optimized",sgd_momentum_muon,horizon_optimized,fc2,2,ERG_gap,3,328.0,25.238859,14.571662,62.696801,265.303199,390.696801,299.0,345.0
new_muon,"new Muon, horizon optimized",sgd_momentum_muon,horizon_optimized,fc2,3,ERG_gap,3,312.666667,12.66228,7.310571,31.454847,281.21182,344.121514,303.0,327.0
new_muon,"new Muon, horizon optimized",sgd_momentum_muon,horizon_optimized,fc2,4,ERG_gap,3,321.333333,13.503086,7.79601,33.543525,287.789808,354.876859,308.0,335.0
new_muon,"new Muon, horizon optimized",sgd_momentum_muon,horizon_optimized,fc2,5,ERG_gap,3,287.666667,54.307765,31.354603,134.907967,152.7587,422.574634,225.0,321.0
new_muon,"new Muon, horizon optimized",sgd_momentum_muon,horizon_optimized,fc2,6,ERG_gap,3,257.666667,53.257237,30.74808,132.298312,125.368355,389.964978,214.0,317.0
new_muon,"new Muon, horizon optimized",sgd_momentum_muon,horizon_optimized,fc2,7,ERG_gap,3,189.333333,29.022979,16.756425,72.097078,117.236256,261.430411,161.0,219.0
new_muon,"new Muon, horizon optimized",sgd_momentum_muon,horizon_optimized,fc2,8,ERG_gap,3,189.333333,25.10644,14.49521,62.367855,126.965479,251.701188,168.0,217.0
new_muon,"new Muon, horizon optimized",sgd_momentum_muon,horizon_optimized,fc2,9,ERG_gap,3,262.666667,95.038589,54.870555,236.088942,26.577725,498.755609,153.0,321.0
new_muon,"new Muon, horizon optimized",sgd_momentum_muon,horizon_optimized,fc2,10,ERG_gap,3,210.666667,89.366287,51.59565,221.998165,-11.331498,432.664831,148.0,313.0
new_muon,"new Muon, horizon optimized",sgd_momentum_muon,horizon_optimized,fc2,11,ERG_gap,3,169.333333,0.57735,0.333333,1.434218,167.899116,170.767551,169.0,170.0
new_muon,"new Muon, horizon optimized",sgd_momentum_muon,horizon_optimized,fc2,12,ERG_gap,3,147.666667,16.165808,9.333333,40.158092,107.508575,187.824759,129.0,157.0
new_muon,"new Muon, horizon optimized",sgd_momentum_muon,horizon_optimized,fc2,13,ERG_gap,3,198.666667,93.601994,54.041137,232.520244,-33.853577,431.186911,134.0,306.0
new_muon,"new Muon, horizon optimized",sgd_momentum_muon,horizon_optimized,fc2,14,ERG_gap,3,161.0,28.618176,16.522712,71.09149,89.90851,232.09149,134.0,191.0
new_muon,"new Muon, horizon optimized",sgd_momentum_muon,horizon_optimized,fc2,15,ERG_gap,3,137.666667,11.590226,6.69162,28.791717,108.87495,166.458384,127.0,150.0
new_muon,"new Muon, horizon optimized",sgd_momentum_muon,horizon_optimized,fc2,16,ERG_gap,3,187.666667,89.511638,51.679568,222.359236,-34.692569,410.025902,134.0,291.0
new_muon,"new Muon, horizon optimized",sgd_momentum_muon,horizon_optimized,fc2,17,ERG_gap,3,145.333333,34.588052,19.969421,85.921484,59.411849,231.254817,115.0,183.0
new_muon,"new Muon, horizon optimized",sgd_momentum_muon,horizon_optimized,fc2,18,ERG_gap,3,149.0,23.430749,13.527749,58.205207,90.794793,207.205207,134.0,176.0
new_muon,"new Muon, horizon optimized",sgd_momentum_muon,horizon_optimized,fc2,19,ERG_gap,3,182.0,89.202018,51.500809,221.590097,-39.590097,403.590097,130.0,285.0
new_muon,"new Muon, horizon optimized",sgd_momentum_muon,horizon_optimized,fc2,20,ERG_gap,3,131.0,19.467922,11.23981,48.361,82.639,179.361,116.0,153.0
new_muon,"new Muon, horizon optimized",sgd_momentum_muon,horizon_optimized,fc2,21,ERG_gap,3,126.666667,21.548395,12.440972,53.529181,73.137486,180.195848,110.0,151.0
new_muon,"new Muon, horizon optimized",sgd_momentum_muon,horizon_optimized,fc2,22,ERG_gap,3,116.0,29.137605,16.822604,72.381822,43.618178,188.381822,91.0,148.0
new_muon,"new Muon, horizon optimized",sgd_momentum_muon,horizon_optimized,fc2,23,ERG_gap,3,114.333333,34.847286,20.11909,86.565457,27.767876,200.89879,77.0,146.0
new_muon,"new Muon, horizon optimized",sgd_momentum_muon,horizon_optimized,fc2,24,ERG_gap,3,112.333333,33.501244,19.341952,83.221703,29.11163,195.555036,76.0,142.0
new_muon,"new Muon, horizon optimized",sgd_momentum_muon,horizon_optimized,fc2,25,ERG_gap,3,117.0,12.124356,7.0,30.118569,86.881431,147.118569,104.0,128.0
new_muon,"new Muon, horizon optimized",sgd_momentum_muon,horizon_optimized,fc2,26,ERG_gap,3,113.333333,12.858201,7.423686,31.941542,81.391791,145.274875,104.0,128.0
new_muon,"new Muon, horizon optimized",sgd_momentum_muon,horizon_optimized,fc2,27,ERG_gap,3,115.333333,16.289056,9.404491,40.464257,74.869076,155.797591,104.0,134.0
new_muon,"new Muon, horizon optimized",sgd_momentum_muon,horizon_optimized,fc2,28,ERG_gap,3,116.666667,15.143756,8.743251,37.619174,79.047492,154.285841,106.0,134.0
new_muon,"new Muon, horizon optimized",sgd_momentum_muon,horizon_optimized,fc2,29,ERG_gap,3,116.333333,14.571662,8.412953,36.198015,80.135318,152.531348,106.0,133.0
new_muon,"new Muon, horizon optimized",sgd_momentum_muon,horizon_optimized,fc2,30,ERG_gap,3,112.666667,14.224392,8.212457,35.335349,77.331318,148.002016,103.0,129.0
new_muon,"new Muon, horizon optimized",sgd_momentum_muon,horizon_optimized,fc3,0,ERG_gap,3,2.0,0.0,0.0,0.0,2.0,2.0,2.0,2.0
new_muon,"new Muon, horizon optimized",sgd_momentum_muon,horizon_optimized,fc3,1,ERG_gap,3,1.666667,0.57735,0.333333,1.434218,0.232449,3.100884,1.0,2.0
new_muon,"new Muon, horizon optimized",sgd_momentum_muon,horizon_optimized,fc3,2,ERG_gap,3,1.0,1.0,0.57735,2.484138,-1.484138,3.484138,0.0,2.0
new_muon,"new Muon, horizon optimized",sgd_momentum_muon,horizon_optimized,fc3,3,ERG_gap,3,0.666667,0.57735,0.333333,1.434218,-0.767551,2.100884,0.0,1.0
new_muon,"new Muon, horizon optimized",sgd_momentum_muon,horizon_optimized,fc3,4,ERG_gap,3,1.333333,0.57735,0.333333,1.434218,-0.100884,2.767551,1.0,2.0
new_muon,"new Muon, horizon optimized",sgd_momentum_muon,horizon_optimized,fc3,5,ERG_gap,3,0.666667,0.57735,0.333333,1.434218,-0.767551,2.100884,0.0,1.0
new_muon,"new Muon, horizon optimized",sgd_momentum_muon,horizon_optimized,fc3,6,ERG_gap,3,1.333333,0.57735,0.333333,1.434218,-0.100884,2.767551,1.0,2.0
new_muon,"new Muon, horizon optimized",sgd_momentum_muon,horizon_optimized,fc3,7,ERG_gap,3,1.333333,0.57735,0.333333,1.434218,-0.100884,2.767551,1.0,2.0
new_muon,"new Muon, horizon optimized",sgd_momentum_muon,horizon_optimized,fc3,8,ERG_gap,3,1.333333,0.57735,0.333333,1.434218,-0.100884,2.767551,1.0,2.0
new_muon,"new Muon, horizon optimized",sgd_momentum_muon,horizon_optimized,fc3,9,ERG_gap,3,1.333333,0.57735,0.333333,1.434218,-0.100884,2.767551,1.0,2.0
new_muon,"new Muon, horizon optimized",sgd_momentum_muon,horizon_optimized,fc3,10,ERG_gap,3,1.333333,0.57735,0.333333,1.434218,-0.100884,2.767551,1.0,2.0
new_muon,"new Muon, horizon optimized",sgd_momentum_muon,horizon_optimized,fc3,11,ERG_gap,3,1.333333,0.57735,0.333333,1.434218,-0.100884,2.767551,1.0,2.0
new_muon,"new Muon, horizon optimized",sgd_momentum_muon,horizon_optimized,fc3,12,ERG_gap,3,1.666667,0.57735,0.333333,1.434218,0.232449,3.100884,1.0,2.0
new_muon,"new Muon, horizon optimized",sgd_momentum_muon,horizon_optimized,fc3,13,ERG_gap,3,1.666667,0.57735,0.333333,1.434218,0.232449,3.100884,1.0,2.0
new_muon,"new Muon, horizon optimized",sgd_momentum_muon,horizon_optimized,fc3,14,ERG_gap,3,1.666667,0.57735,0.333333,1.434218,0.232449,3.100884,1.0,2.0
new_muon,"new Muon, horizon optimized",sgd_momentum_muon,horizon_optimized,fc3,15,ERG_gap,3,1.666667,0.57735,0.333333,1.434218,0.232449,3.100884,1.0,2.0
new_muon,"new Muon, horizon optimized",sgd_momentum_muon,horizon_optimized,fc3,16,ERG_gap,3,1.666667,0.57735,0.333333,1.434218,0.232449,3.100884,1.0,2.0
new_muon,"new Muon, horizon optimized",sgd_momentum_muon,horizon_optimized,fc3,17,ERG_gap,3,1.666667,0.57735,0.333333,1.434218,0.232449,3.100884,1.0,2.0
new_muon,"new Muon, horizon optimized",sgd_momentum_muon,horizon_optimized,fc3,18,ERG_gap,3,1.666667,0.57735,0.333333,1.434218,0.232449,3.100884,1.0,2.0
new_muon,"new Muon, horizon optimized",sgd_momentum_muon,horizon_optimized,fc3,19,ERG_gap,3,1.666667,0.57735,0.333333,1.434218,0.232449,3.100884,1.0,2.0
new_muon,"new Muon, horizon optimized",sgd_momentum_muon,horizon_optimized,fc3,20,ERG_gap,3,1.333333,1.154701,0.666667,2.868435,-1.535102,4.201768,0.0,2.0
new_muon,"new Muon, horizon optimized",sgd_momentum_muon,horizon_optimized,fc3,21,ERG_gap,3,1.333333,1.154701,0.666667,2.868435,-1.535102,4.201768,0.0,2.0
new_muon,"new Muon, horizon optimized",sgd_momentum_muon,horizon_optimized,fc3,22,ERG_gap,3,1.0,1.0,0.57735,2.484138,-1.484138,3.484138,0.0,2.0
new_muon,"new Muon, horizon optimized",sgd_momentum_muon,horizon_optimized,fc3,23,ERG_gap,3,1.0,1.0,0.57735,2.484138,-1.484138,3.484138,0.0,2.0
new_muon,"new Muon, horizon optimized",sgd_momentum_muon,horizon_optimized,fc3,24,ERG_gap,3,1.0,1.0,0.57735,2.484138,-1.484138,3.484138,0.0,2.0
new_muon,"new Muon, horizon optimized",sgd_momentum_muon,horizon_optimized,fc3,25,ERG_gap,3,1.0,1.0,0.57735,2.484138,-1.484138,3.484138,0.0,2.0
new_muon,"new Muon, horizon optimized",sgd_momentum_muon,horizon_optimized,fc3,26,ERG_gap,3,1.0,1.0,0.57735,2.484138,-1.484138,3.484138,0.0,2.0
new_muon,"new Muon, horizon optimized",sgd_momentum_muon,horizon_optimized,fc3,27,ERG_gap,3,1.0,1.0,0.57735,2.484138,-1.484138,3.484138,0.0,2.0
new_muon,"new Muon, horizon optimized",sgd_momentum_muon,horizon_optimized,fc3,28,ERG_gap,3,1.333333,1.154701,0.666667,2.868435,-1.535102,4.201768,0.0,2.0
new_muon,"new Muon, horizon optimized",sgd_momentum_muon,horizon_optimized,fc3,29,ERG_gap,3,1.333333,1.154701,0.666667,2.868435,-1.535102,4.201768,0.0,2.0
new_muon,"new Muon, horizon optimized",sgd_momentum_muon,horizon_optimized,fc3,30,ERG_gap,3,1.333333,1.154701,0.666667,2.868435,-1.535102,4.201768,0.0,2.0
old_muon,old Muon + aux AdamW,sgd_momentum_muon,old,fc1,0,ERG_gap,3,357.666667,27.682726,15.982629,68.767704,288.898962,426.434371,332.0,387.0
old_muon,old Muon + aux AdamW,sgd_momentum_muon,old,fc1,1,ERG_gap,3,321.666667,35.118846,20.275875,87.240049,234.426617,408.906716,285.0,355.0
old_muon,old Muon + aux AdamW,sgd_momentum_muon,old,fc1,2,ERG_gap,3,342.666667,21.962089,12.679818,54.556852,288.109814,397.223519,329.0,368.0
old_muon,old Muon + aux AdamW,sgd_momentum_muon,old,fc1,3,ERG_gap,3,311.0,23.643181,13.650397,58.732917,252.267083,369.732917,284.0,328.0
old_muon,old Muon + aux AdamW,sgd_momentum_muon,old,fc1,4,ERG_gap,3,329.666667,8.326664,4.807402,20.68458,308.982087,350.351247,323.0,339.0
old_muon,old Muon + aux AdamW,sgd_momentum_muon,old,fc1,5,ERG_gap,3,284.333333,11.676187,6.741249,29.005255,255.328078,313.338589,274.0,297.0
old_muon,old Muon + aux AdamW,sgd_momentum_muon,old,fc1,6,ERG_gap,3,263.0,31.749016,18.330303,78.868927,184.131073,341.868927,239.0,299.0
old_muon,old Muon + aux AdamW,sgd_momentum_muon,old,fc1,7,ERG_gap,3,265.0,22.068076,12.74101,54.820141,210.179859,319.820141,244.0,288.0
old_muon,old Muon + aux AdamW,sgd_momentum_muon,old,fc1,8,ERG_gap,3,266.0,31.048349,17.925773,77.128376,188.871624,343.128376,234.0,296.0
old_muon,old Muon + aux AdamW,sgd_momentum_muon,old,fc1,9,ERG_gap,3,224.666667,22.27854,12.862521,55.342961,169.323706,280.009627,199.0,239.0
old_muon,old Muon + aux AdamW,sgd_momentum_muon,old,fc1,10,ERG_gap,3,237.0,38.118237,22.007574,94.69095,142.30905,331.69095,193.0,260.0
old_muon,old Muon + aux AdamW,sgd_momentum_muon,old,fc1,11,ERG_gap,3,257.333333,16.921387,9.769567,42.035055,215.298278,299.368389,243.0,276.0
old_muon,old Muon + aux AdamW,sgd_momentum_muon,old,fc1,12,ERG_gap,3,253.333333,6.506407,3.756476,16.162811,237.170522,269.496145,247.0,260.0
old_muon,old Muon + aux AdamW,sgd_momentum_muon,old,fc1,13,ERG_gap,3,243.666667,7.234178,4.176655,17.970695,225.695972,261.637361,239.0,252.0
old_muon,old Muon + aux AdamW,sgd_momentum_muon,old,fc1,14,ERG_gap,3,231.666667,9.451631,5.456902,23.479154,208.187513,255.14582,221.0,239.0
old_muon,old Muon + aux AdamW,sgd_momentum_muon,old,fc1,15,ERG_gap,3,206.666667,40.079088,23.139673,99.561975,107.104692,306.228642,161.0,236.0
old_muon,old Muon + aux AdamW,sgd_momentum_muon,old,fc1,16,ERG_gap,3,205.666667,44.049215,25.431826,109.424316,96.242351,315.090983,156.0,240.0
old_muon,old Muon + aux AdamW,sgd_momentum_muon,old,fc1,17,ERG_gap,3,206.333333,39.119475,22.585639,97.178163,109.15517,303.511497,162.0,236.0
old_muon,old Muon + aux AdamW,sgd_momentum_muon,old,fc1,18,ERG_gap,3,212.0,73.123184,42.21769,181.648058,30.351942,393.648058,134.0,279.0
old_muon,old Muon + aux AdamW,sgd_momentum_muon,old,fc1,19,ERG_gap,3,190.333333,43.661577,25.208023,108.461371,81.871963,298.794704,140.0,218.0
old_muon,old Muon + aux AdamW,sgd_momentum_muon,old,fc1,20,ERG_gap,3,188.666667,45.709226,26.390234,113.548012,75.118655,302.214679,136.0,218.0
old_muon,old Muon + aux AdamW,sgd_momentum_muon,old,fc1,21,ERG_gap,3,189.333333,46.188022,26.666667,114.737406,74.595927,304.070739,136.0,216.0
old_muon,old Muon + aux AdamW,sgd_momentum_muon,old,fc1,22,ERG_gap,3,186.666667,46.479386,26.834886,115.461196,71.205471,302.127863,133.0,214.0
old_muon,old Muon + aux AdamW,sgd_momentum_muon,old,fc1,23,ERG_gap,3,184.666667,41.525093,23.974524,103.154049,81.512618,287.820716,137.0,213.0
old_muon,old Muon + aux AdamW,sgd_momentum_muon,old,fc1,24,ERG_gap,3,191.0,45.96738,26.539279,114.189302,76.810698,305.189302,138.0,220.0
old_muon,old Muon + aux AdamW,sgd_momentum_muon,old,fc1,25,ERG_gap,3,184.333333,45.54485,26.295331,113.139679,71.193655,297.473012,132.0,215.0
old_muon,old Muon + aux AdamW,sgd_momentum_muon,old,fc1,26,ERG_gap,3,188.0,49.426713,28.536526,122.782763,65.217237,310.782763,131.0,219.0
old_muon,old Muon + aux AdamW,sgd_momentum_muon,old,fc1,27,ERG_gap,3,185.333333,47.374395,27.35162,117.684522,67.648811,303.017855,131.0,218.0
old_muon,old Muon + aux AdamW,sgd_momentum_muon,old,fc1,28,ERG_gap,3,179.666667,42.442117,24.503968,105.432065,74.234602,285.098731,131.0,209.0
old_muon,old Muon + aux AdamW,sgd_momentum_muon,old,fc1,29,ERG_gap,3,181.0,47.031904,27.153882,116.833727,64.166273,297.833727,127.0,213.0
old_muon,old Muon + aux AdamW,sgd_momentum_muon,old,fc1,30,ERG_gap,3,176.333333,44.185216,25.510346,109.762162,66.571171,286.095495,130.0,218.0
old_muon,old Muon + aux AdamW,sgd_momentum_muon,old,fc2,0,ERG_gap,3,343.0,18.520259,10.692677,46.006874,296.993126,389.006874,322.0,357.0
old_muon,old Muon + aux AdamW,sgd_momentum_muon,old,fc2,1,ERG_gap,3,326.666667,10.503968,6.064468,26.093302,300.573365,352.759968,316.0,337.0
old_muon,old Muon + aux AdamW,sgd_momentum_muon,old,fc2,2,ERG_gap,3,335.333333,5.033223,2.905933,12.503219,322.830114,347.836552,330.0,340.0
old_muon,old Muon + aux AdamW,sgd_momentum_muon,old,fc2,3,ERG_gap,3,330.0,12.124356,7.0,30.118569,299.881431,360.118569,317.0,341.0
old_muon,old Muon + aux AdamW,sgd_momentum_muon,old,fc2,4,ERG_gap,3,286.0,37.0,21.36196,91.913095,194.086905,377.913095,253.0,326.0
old_muon,old Muon + aux AdamW,sgd_momentum_muon,old,fc2,5,ERG_gap,3,293.333333,42.782395,24.700427,106.277361,187.055972,399.610694,248.0,333.0
old_muon,old Muon + aux AdamW,sgd_momentum_muon,old,fc2,6,ERG_gap,3,293.666667,18.009257,10.397649,44.737474,248.929192,338.404141,276.0,312.0
old_muon,old Muon + aux AdamW,sgd_momentum_muon,old,fc2,7,ERG_gap,3,277.0,53.075418,30.643107,131.846648,145.153352,408.846648,229.0,334.0
old_muon,old Muon + aux AdamW,sgd_momentum_muon,old,fc2,8,ERG_gap,3,260.666667,4.932883,2.848001,12.25396,248.412706,272.920627,255.0,264.0
old_muon,old Muon + aux AdamW,sgd_momentum_muon,old,fc2,9,ERG_gap,3,269.333333,52.99371,30.595933,131.643674,137.689659,400.977008,221.0,326.0
old_muon,old Muon + aux AdamW,sgd_momentum_muon,old,fc2,10,ERG_gap,3,273.0,46.357308,26.764404,115.157937,157.842063,388.157937,240.0,326.0
old_muon,old Muon + aux AdamW,sgd_momentum_muon,old,fc2,11,ERG_gap,3,264.0,53.028294,30.6159,131.729586,132.270414,395.729586,218.0,322.0
old_muon,old Muon + aux AdamW,sgd_momentum_muon,old,fc2,12,ERG_gap,3,302.333333,46.231303,26.691655,114.844922,187.488411,417.178255,249.0,331.0
old_muon,old Muon + aux AdamW,sgd_momentum_muon,old,fc2,13,ERG_gap,3,213.666667,18.556221,10.713439,46.096208,167.570459,259.762875,196.0,233.0
old_muon,old Muon + aux AdamW,sgd_momentum_muon,old,fc2,14,ERG_gap,3,232.666667,7.371115,4.255715,18.310864,214.355802,250.977531,227.0,241.0
old_muon,old Muon + aux AdamW,sgd_momentum_muon,old,fc2,15,ERG_gap,3,214.333333,23.797759,13.739643,59.116911,155.216423,273.450244,193.0,240.0
old_muon,old Muon + aux AdamW,sgd_momentum_muon,old,fc2,16,ERG_gap,3,226.333333,15.044379,8.685876,37.372309,188.961025,263.705642,209.0,236.0
old_muon,old Muon + aux AdamW,sgd_momentum_muon,old,fc2,17,ERG_gap,3,199.666667,22.810816,13.169831,56.665209,143.001458,256.331875,175.0,220.0
old_muon,old Muon + aux AdamW,sgd_momentum_muon,old,fc2,18,ERG_gap,3,189.0,32.357379,18.681542,80.380186,108.619814,269.380186,152.0,212.0
old_muon,old Muon + aux AdamW,sgd_momentum_muon,old,fc2,19,ERG_gap,3,192.0,25.357445,14.640128,62.991385,129.008615,254.991385,163.0,210.0
old_muon,old Muon + aux AdamW,sgd_momentum_muon,old,fc2,20,ERG_gap,3,208.0,8.185353,4.725816,20.333544,187.666456,228.333544,201.0,217.0
old_muon,old Muon + aux AdamW,sgd_momentum_muon,old,fc2,21,ERG_gap,3,190.666667,20.647841,11.921036,51.29208,139.374586,241.958747,167.0,205.0
old_muon,old Muon + aux AdamW,sgd_momentum_muon,old,fc2,22,ERG_gap,3,165.333333,37.434387,21.612753,92.992173,72.341161,258.325506,138.0,208.0
old_muon,old Muon + aux AdamW,sgd_momentum_muon,old,fc2,23,ERG_gap,3,191.0,25.514702,14.73092,63.382033,127.617967,254.382033,166.0,217.0
old_muon,old Muon + aux AdamW,sgd_momentum_muon,old,fc2,24,ERG_gap,3,186.333333,20.132892,11.623731,50.012876,136.320457,236.346209,165.0,205.0
old_muon,old Muon + aux AdamW,sgd_momentum_muon,old,fc2,25,ERG_gap,3,186.0,20.663978,11.930353,51.332168,134.667832,237.332168,164.0,205.0
old_muon,old Muon + aux AdamW,sgd_momentum_muon,old,fc2,26,ERG_gap,3,171.666667,28.919428,16.69664,71.839842,99.826824,243.506509,146.0,203.0
old_muon,old Muon + aux AdamW,sgd_momentum_muon,old,fc2,27,ERG_gap,3,170.0,29.816103,17.214335,74.067306,95.932694,244.067306,145.0,203.0
old_muon,old Muon + aux AdamW,sgd_momentum_muon,old,fc2,28,ERG_gap,3,169.333333,29.399546,16.973836,73.032522,96.300811,242.365855,145.0,202.0
old_muon,old Muon + aux AdamW,sgd_momentum_muon,old,fc2,29,ERG_gap,3,170.333333,29.737743,17.169094,73.872648,96.460686,244.205981,143.0,202.0
old_muon,old Muon + aux AdamW,sgd_momentum_muon,old,fc2,30,ERG_gap,3,169.0,29.46184,17.009801,73.187267,95.812733,242.187267,143.0,201.0
old_muon,old Muon + aux AdamW,sgd_momentum_muon,old,fc3,0,ERG_gap,3,2.0,0.0,0.0,0.0,2.0,2.0,2.0,2.0
old_muon,old Muon + aux AdamW,sgd_momentum_muon,old,fc3,1,ERG_gap,3,1.666667,0.57735,0.333333,1.434218,0.232449,3.100884,1.0,2.0
old_muon,old Muon + aux AdamW,sgd_momentum_muon,old,fc3,2,ERG_gap,3,1.666667,0.57735,0.333333,1.434218,0.232449,3.100884,1.0,2.0
old_muon,old Muon + aux AdamW,sgd_momentum_muon,old,fc3,3,ERG_gap,3,1.0,1.0,0.57735,2.484138,-1.484138,3.484138,0.0,2.0
old_muon,old Muon + aux AdamW,sgd_momentum_muon,old,fc3,4,ERG_gap,3,1.666667,0.57735,0.333333,1.434218,0.232449,3.100884,1.0,2.0
old_muon,old Muon + aux AdamW,sgd_momentum_muon,old,fc3,5,ERG_gap,3,1.0,1.0,0.57735,2.484138,-1.484138,3.484138,0.0,2.0
old_muon,old Muon + aux AdamW,sgd_momentum_muon,old,fc3,6,ERG_gap,3,0.666667,1.154701,0.666667,2.868435,-2.201768,3.535102,0.0,2.0
old_muon,old Muon + aux AdamW,sgd_momentum_muon,old,fc3,7,ERG_gap,3,0.666667,1.154701,0.666667,2.868435,-2.201768,3.535102,0.0,2.0
old_muon,old Muon + aux AdamW,sgd_momentum_muon,old,fc3,8,ERG_gap,3,0.666667,1.154701,0.666667,2.868435,-2.201768,3.535102,0.0,2.0
old_muon,old Muon + aux AdamW,sgd_momentum_muon,old,fc3,9,ERG_gap,3,0.666667,1.154701,0.666667,2.868435,-2.201768,3.535102,0.0,2.0
old_muon,old Muon + aux AdamW,sgd_momentum_muon,old,fc3,10,ERG_gap,3,0.666667,1.154701,0.666667,2.868435,-2.201768,3.535102,0.0,2.0
old_muon,old Muon + aux AdamW,sgd_momentum_muon,old,fc3,11,ERG_gap,3,0.666667,1.154701,0.666667,2.868435,-2.201768,3.535102,0.0,2.0
old_muon,old Muon + aux AdamW,sgd_momentum_muon,old,fc3,12,ERG_gap,3,0.666667,1.154701,0.666667,2.868435,-2.201768,3.535102,0.0,2.0
old_muon,old Muon + aux AdamW,sgd_momentum_muon,old,fc3,13,ERG_gap,3,0.666667,1.154701,0.666667,2.868435,-2.201768,3.535102,0.0,2.0
old_muon,old Muon + aux AdamW,sgd_momentum_muon,old,fc3,14,ERG_gap,3,0.666667,1.154701,0.666667,2.868435,-2.201768,3.535102,0.0,2.0
old_muon,old Muon + aux AdamW,sgd_momentum_muon,old,fc3,15,ERG_gap,3,0.666667,1.154701,0.666667,2.868435,-2.201768,3.535102,0.0,2.0
old_muon,old Muon + aux AdamW,sgd_momentum_muon,old,fc3,16,ERG_gap,3,0.666667,1.154701,0.666667,2.868435,-2.201768,3.535102,0.0,2.0
old_muon,old Muon + aux AdamW,sgd_momentum_muon,old,fc3,17,ERG_gap,3,0.666667,1.154701,0.666667,2.868435,-2.201768,3.535102,0.0,2.0
old_muon,old Muon + aux AdamW,sgd_momentum_muon,old,fc3,18,ERG_gap,3,0.666667,1.154701,0.666667,2.868435,-2.201768,3.535102,0.0,2.0
old_muon,old Muon + aux AdamW,sgd_momentum_muon,old,fc3,19,ERG_gap,3,0.666667,1.154701,0.666667,2.868435,-2.201768,3.535102,0.0,2.0
old_muon,old Muon + aux AdamW,sgd_momentum_muon,old,fc3,20,ERG_gap,3,1.333333,1.154701,0.666667,2.868435,-1.535102,4.201768,0.0,2.0
old_muon,old Muon + aux AdamW,sgd_momentum_muon,old,fc3,21,ERG_gap,3,1.333333,1.154701,0.666667,2.868435,-1.535102,4.201768,0.0,2.0
old_muon,old Muon + aux AdamW,sgd_momentum_muon,old,fc3,22,ERG_gap,3,1.333333,1.154701,0.666667,2.868435,-1.535102,4.201768,0.0,2.0
old_muon,old Muon + aux AdamW,sgd_momentum_muon,old,fc3,23,ERG_gap,3,0.666667,1.154701,0.666667,2.868435,-2.201768,3.535102,0.0,2.0
old_muon,old Muon + aux AdamW,sgd_momentum_muon,old,fc3,24,ERG_gap,3,1.333333,1.154701,0.666667,2.868435,-1.535102,4.201768,0.0,2.0
old_muon,old Muon + aux AdamW,sgd_momentum_muon,old,fc3,25,ERG_gap,3,1.333333,1.154701,0.666667,2.868435,-1.535102,4.201768,0.0,2.0
old_muon,old Muon + aux AdamW,sgd_momentum_muon,old,fc3,26,ERG_gap,3,1.333333,1.154701,0.666667,2.868435,-1.535102,4.201768,0.0,2.0
old_muon,old Muon + aux AdamW,sgd_momentum_muon,old,fc3,27,ERG_gap,3,1.333333,1.154701,0.666667,2.868435,-1.535102,4.201768,0.0,2.0
old_muon,old Muon + aux AdamW,sgd_momentum_muon,old,fc3,28,ERG_gap,3,1.333333,1.154701,0.666667,2.868435,-1.535102,4.201768,0.0,2.0
old_muon,old Muon + aux AdamW,sgd_momentum_muon,old,fc3,29,ERG_gap,3,1.333333,1.154701,0.666667,2.868435,-1.535102,4.201768,0.0,2.0
old_muon,old Muon + aux AdamW,sgd_momentum_muon,old,fc3,30,ERG_gap,3,1.333333,1.154701,0.666667,2.868435,-1.535102,4.201768,0.0,2.0
new_adamw,"new AdamW, horizon optimized",adamw,horizon_optimized,fc1,0,alpha,3,11.646882,7.859929,4.537932,19.525145,-7.878264,31.172027,6.148255,20.649379
new_adamw,"new AdamW, horizon optimized",adamw,horizon_optimized,fc1,1,alpha,3,12.469901,4.777011,2.758009,11.866753,0.603148,24.336655,7.077813,16.172856
new_adamw,"new AdamW, horizon optimized",adamw,horizon_optimized,fc1,2,alpha,3,10.035372,1.279632,0.738796,3.178783,6.856589,13.214155,8.89997,11.421978
new_adamw,"new AdamW, horizon optimized",adamw,horizon_optimized,fc1,3,alpha,3,6.943644,0.219012,0.126447,0.544055,6.399588,7.487699,6.724357,7.16238
new_adamw,"new AdamW, horizon optimized",adamw,horizon_optimized,fc1,4,alpha,3,5.62358,0.176346,0.101813,0.438067,5.185514,6.061647,5.419954,5.725561
new_adamw,"new AdamW, horizon optimized",adamw,horizon_optimized,fc1,5,alpha,3,5.034246,0.154161,0.089005,0.382958,4.651288,5.417204,4.857155,5.138436
new_adamw,"new AdamW, horizon optimized",adamw,horizon_optimized,fc1,6,alpha,3,4.602726,0.099379,0.057377,0.246872,4.355854,4.849598,4.49112,4.681643
new_adamw,"new AdamW, horizon optimized",adamw,horizon_optimized,fc1,7,alpha,3,4.368039,0.100441,0.05799,0.24951,4.118529,4.617549,4.253701,4.442048
new_adamw,"new AdamW, horizon optimized",adamw,horizon_optimized,fc1,8,alpha,3,4.170075,0.031339,0.018094,0.077851,4.092224,4.247927,4.136887,4.199162
new_adamw,"new AdamW, horizon optimized",adamw,horizon_optimized,fc1,9,alpha,3,3.98734,0.027727,0.016008,0.068878,3.918461,4.056218,3.970353,4.019336
new_adamw,"new AdamW, horizon optimized",adamw,horizon_optimized,fc1,10,alpha,3,3.830536,0.004621,0.002668,0.011478,3.819058,3.842014,3.825229,3.833664
new_adamw,"new AdamW, horizon optimized",adamw,horizon_optimized,fc1,11,alpha,3,3.748417,0.047375,0.027352,0.117687,3.63073,3.866104,3.704041,3.798309
new_adamw,"new AdamW, horizon optimized",adamw,horizon_optimized,fc1,12,alpha,3,3.681234,0.081233,0.0469,0.201795,3.47944,3.883029,3.617569,3.772723
new_adamw,"new AdamW, horizon optimized",adamw,horizon_optimized,fc1,13,alpha,3,3.627229,0.105718,0.061036,0.262617,3.364611,3.889846,3.564461,3.749284
new_adamw,"new AdamW, horizon optimized",adamw,horizon_optimized,fc1,14,alpha,3,3.531278,0.024026,0.013871,0.059684,3.471595,3.590962,3.505512,3.553067
new_adamw,"new AdamW, horizon optimized",adamw,horizon_optimized,fc1,15,alpha,3,3.505469,0.038804,0.022404,0.096395,3.409074,3.601865,3.466273,3.543869
new_adamw,"new AdamW, horizon optimized",adamw,horizon_optimized,fc1,16,alpha,3,3.495297,0.044468,0.025674,0.110465,3.384832,3.605761,3.466818,3.546538
new_adamw,"new AdamW, horizon optimized",adamw,horizon_optimized,fc1,17,alpha,3,3.484862,0.054179,0.03128,0.134587,3.350275,3.619449,3.444828,3.546512
new_adamw,"new AdamW, horizon optimized",adamw,horizon_optimized,fc1,18,alpha,3,3.481792,0.056806,0.032797,0.141114,3.340677,3.622906,3.437882,3.545947
new_adamw,"new AdamW, horizon optimized",adamw,horizon_optimized,fc1,19,alpha,3,3.491994,0.04647,0.02683,0.115439,3.376555,3.607433,3.459488,3.545221
new_adamw,"new AdamW, horizon optimized",adamw,horizon_optimized,fc1,20,alpha,3,3.485904,0.038214,0.022063,0.09493,3.390974,3.580834,3.457694,3.529394
new_adamw,"new AdamW, horizon optimized",adamw,horizon_optimized,fc1,21,alpha,3,3.484321,0.03779,0.021818,0.093876,3.390444,3.578197,3.455766,3.527174
new_adamw,"new AdamW, horizon optimized",adamw,horizon_optimized,fc1,22,alpha,3,3.482931,0.037486,0.021643,0.09312,3.389811,3.576051,3.454235,3.525343
new_adamw,"new AdamW, horizon optimized",adamw,horizon_optimized,fc1,23,alpha,3,3.481579,0.037249,0.021506,0.092532,3.389046,3.574111,3.452724,3.52363
new_adamw,"new AdamW, horizon optimized",adamw,horizon_optimized,fc1,24,alpha,3,3.480327,0.037022,0.021375,0.091969,3.388358,3.572296,3.451372,3.522041
new_adamw,"new AdamW, horizon optimized",adamw,horizon_optimized,fc1,25,alpha,3,3.479299,0.036773,0.021231,0.091349,3.38795,3.570648,3.45034,3.520672
new_adamw,"new AdamW, horizon optimized",adamw,horizon_optimized,fc1,26,alpha,3,3.467306,0.045956,0.026533,0.114162,3.353144,3.581468,3.433048,3.519532
new_adamw,"new AdamW, horizon optimized",adamw,horizon_optimized,fc1,27,alpha,3,3.4778,0.036506,0.021077,0.090687,3.387113,3.568487,3.448682,3.518756
new_adamw,"new AdamW, horizon optimized",adamw,horizon_optimized,fc1,28,alpha,3,3.466271,0.045692,0.02638,0.113505,3.352766,3.579775,3.432356,3.518229
new_adamw,"new AdamW, horizon optimized",adamw,horizon_optimized,fc1,29,alpha,3,3.466064,0.045638,0.026349,0.113371,3.352693,3.579435,3.432227,3.51797
new_adamw,"new AdamW, horizon optimized",adamw,horizon_optimized,fc1,30,alpha,3,3.465982,0.045622,0.02634,0.113333,3.352649,3.579314,3.432164,3.517872
new_adamw,"new AdamW, horizon optimized",adamw,horizon_optimized,fc2,0,alpha,3,11.078705,4.342865,2.507354,10.788274,0.290431,21.86698,6.52113,15.169082
new_adamw,"new AdamW, horizon optimized",adamw,horizon_optimized,fc2,1,alpha,3,9.466851,2.210792,1.276401,5.491911,3.974941,14.958762,7.95521,12.00419
new_adamw,"new AdamW, horizon optimized",adamw,horizon_optimized,fc2,2,alpha,3,9.581815,2.005394,1.157815,4.981674,4.600141,14.563489,8.250306,11.888276
new_adamw,"new AdamW, horizon optimized",adamw,horizon_optimized,fc2,3,alpha,3,7.188437,0.554765,0.320294,1.378112,5.810325,8.56655,6.549087,7.54257
new_adamw,"new AdamW, horizon optimized",adamw,horizon_optimized,fc2,4,alpha,3,5.936674,0.392567,0.226649,0.97519,4.961484,6.911864,5.573778,6.353363
new_adamw,"new AdamW, horizon optimized",adamw,horizon_optimized,fc2,5,alpha,3,5.063125,0.024078,0.013901,0.059813,5.003313,5.122938,5.040441,5.088389
new_adamw,"new AdamW, horizon optimized",adamw,horizon_optimized,fc2,6,alpha,3,4.579474,0.055089,0.031806,0.136848,4.442626,4.716322,4.516588,4.619213
new_adamw,"new AdamW, horizon optimized",adamw,horizon_optimized,fc2,7,alpha,3,4.333862,0.047633,0.027501,0.118328,4.215534,4.452189,4.288678,4.383616
new_adamw,"new AdamW, horizon optimized",adamw,horizon_optimized,fc2,8,alpha,3,4.116463,0.074688,0.043121,0.185536,3.930927,4.301999,4.060898,4.201366
new_adamw,"new AdamW, horizon optimized",adamw,horizon_optimized,fc2,9,alpha,3,3.961915,0.066251,0.03825,0.164575,3.79734,4.12649,3.921142,4.038358
new_adamw,"new AdamW, horizon optimized",adamw,horizon_optimized,fc2,10,alpha,3,3.812837,0.028051,0.016195,0.069683,3.743153,3.88252,3.788125,3.843327
new_adamw,"new AdamW, horizon optimized",adamw,horizon_optimized,fc2,11,alpha,3,3.709434,0.05806,0.033521,0.144229,3.565206,3.853663,3.650421,3.766491
new_adamw,"new AdamW, horizon optimized",adamw,horizon_optimized,fc2,12,alpha,3,3.647811,0.018526,0.010696,0.046022,3.601789,3.693832,3.627868,3.664487
new_adamw,"new AdamW, horizon optimized",adamw,horizon_optimized,fc2,13,alpha,3,3.616505,0.008901,0.005139,0.022111,3.594394,3.638615,3.607772,3.625565
new_adamw,"new AdamW, horizon optimized",adamw,horizon_optimized,fc2,14,alpha,3,3.560207,0.068697,0.039662,0.170653,3.389554,3.730859,3.497609,3.6337
new_adamw,"new AdamW, horizon optimized",adamw,horizon_optimized,fc2,15,alpha,3,3.52477,0.094467,0.054541,0.23467,3.2901,3.75944,3.431657,3.620536
new_adamw,"new AdamW, horizon optimized",adamw,horizon_optimized,fc2,16,alpha,3,3.508777,0.102072,0.058931,0.253561,3.255217,3.762338,3.408534,3.612585
new_adamw,"new AdamW, horizon optimized",adamw,horizon_optimized,fc2,17,alpha,3,3.504415,0.102077,0.058934,0.253573,3.250842,3.757988,3.403433,3.607553
new_adamw,"new AdamW, horizon optimized",adamw,horizon_optimized,fc2,18,alpha,3,3.499711,0.102104,0.05895,0.253642,3.246069,3.753352,3.398397,3.602588
new_adamw,"new AdamW, horizon optimized",adamw,horizon_optimized,fc2,19,alpha,3,3.495793,0.101166,0.058408,0.251311,3.244482,3.747104,3.394878,3.597209
new_adamw,"new AdamW, horizon optimized",adamw,horizon_optimized,fc2,20,alpha,3,3.475996,0.076832,0.044359,0.190861,3.285136,3.666857,3.392367,3.543457
new_adamw,"new AdamW, horizon optimized",adamw,horizon_optimized,fc2,21,alpha,3,3.472667,0.076576,0.044211,0.190225,3.282442,3.662892,3.389283,3.539837
new_adamw,"new AdamW, horizon optimized",adamw,horizon_optimized,fc2,22,alpha,3,3.465305,0.075338,0.043496,0.187149,3.278156,3.652454,3.386439,3.536532
new_adamw,"new AdamW, horizon optimized",adamw,horizon_optimized,fc2,23,alpha,3,3.46251,0.075014,0.043309,0.186346,3.276164,3.648855,3.384006,3.533463
new_adamw,"new AdamW, horizon optimized",adamw,horizon_optimized,fc2,24,alpha,3,3.459854,0.074605,0.043073,0.185329,3.274526,3.645183,3.381964,3.53067
new_adamw,"new AdamW, horizon optimized",adamw,horizon_optimized,fc2,25,alpha,3,3.457785,0.074413,0.042962,0.184852,3.272933,3.642637,3.380137,3.528474
new_adamw,"new AdamW, horizon optimized",adamw,horizon_optimized,fc2,26,alpha,3,3.45608,0.074167,0.04282,0.184241,3.271839,3.640322,3.378787,3.526665
new_adamw,"new AdamW, horizon optimized",adamw,horizon_optimized,fc2,27,alpha,3,3.454755,0.073942,0.042691,0.183683,3.271072,3.638438,3.37779,3.52525
new_adamw,"new AdamW, horizon optimized",adamw,horizon_optimized,fc2,28,alpha,3,3.453923,0.073791,0.042603,0.183307,3.270616,3.637229,3.377158,3.524328
new_adamw,"new AdamW, horizon optimized",adamw,horizon_optimized,fc2,29,alpha,3,3.453498,0.07373,0.042568,0.183156,3.270342,3.636655,3.376821,3.523878
new_adamw,"new AdamW, horizon optimized",adamw,horizon_optimized,fc2,30,alpha,3,3.453314,0.073689,0.042544,0.183053,3.270262,3.636367,3.376689,3.523665
new_adamw,"new AdamW, horizon optimized",adamw,horizon_optimized,fc3,0,alpha,3,7.368381,0.581824,0.335916,1.44533,5.923051,8.813712,6.700321,7.763975
new_adamw,"new AdamW, horizon optimized",adamw,horizon_optimized,fc3,1,alpha,3,6.673437,0.162454,0.093793,0.403557,6.26988,7.076995,6.521634,6.844775
new_adamw,"new AdamW, horizon optimized",adamw,horizon_optimized,fc3,2,alpha,3,6.444828,0.337765,0.195009,0.839054,5.605774,7.283882,6.205337,6.831159
new_adamw,"new AdamW, horizon optimized",adamw,horizon_optimized,fc3,3,alpha,3,5.961089,0.319985,0.184744,0.794888,5.166201,6.755977,5.641326,6.281296
new_adamw,"new AdamW, horizon optimized",adamw,horizon_optimized,fc3,4,alpha,3,5.47154,0.424286,0.244962,1.053985,4.417555,6.525525,5.154992,5.953645
new_adamw,"new AdamW, horizon optimized",adamw,horizon_optimized,fc3,5,alpha,3,5.130491,0.345249,0.19933,0.857646,4.272845,5.988137,4.744085,5.408632
new_adamw,"new AdamW, horizon optimized",adamw,horizon_optimized,fc3,6,alpha,3,4.94855,0.584275,0.337331,1.451418,3.497132,6.399969,4.35358,5.521506
new_adamw,"new AdamW, horizon optimized",adamw,horizon_optimized,fc3,7,alpha,3,4.827884,0.586147,0.338412,1.456071,3.371813,6.283955,4.157442,5.243413
new_adamw,"new AdamW, horizon optimized",adamw,horizon_optimized,fc3,8,alpha,3,4.583077,0.617815,0.356695,1.534737,3.04834,6.117814,4.031814,5.250852
new_adamw,"new AdamW, horizon optimized",adamw,horizon_optimized,fc3,9,alpha,3,4.781909,0.353315,0.203986,0.877683,3.904226,5.659591,4.374111,4.996174
new_adamw,"new AdamW, horizon optimized",adamw,horizon_optimized,fc3,10,alpha,3,4.663733,0.324464,0.18733,0.806014,3.857718,5.469747,4.319111,4.963339
new_adamw,"new AdamW, horizon optimized",adamw,horizon_optimized,fc3,11,alpha,3,4.656176,0.345197,0.199299,0.857516,3.798661,5.513692,4.270677,4.936696
new_adamw,"new AdamW, horizon optimized",adamw,horizon_optimized,fc3,12,alpha,3,5.053852,0.224602,0.129674,0.557941,4.495911,5.611793,4.806281,5.24455
new_adamw,"new AdamW, horizon optimized",adamw,horizon_optimized,fc3,13,alpha,3,4.648499,0.363168,0.209675,0.90216,3.74634,5.550659,4.302687,5.026835
new_adamw,"new AdamW, horizon optimized",adamw,horizon_optimized,fc3,14,alpha,3,4.582509,0.385645,0.222652,0.957994,3.624515,5.540503,4.261885,5.010444
new_adamw,"new AdamW, horizon optimized",adamw,horizon_optimized,fc3,15,alpha,3,4.577334,0.440516,0.254332,1.094303,3.483031,5.671636,4.261725,5.080605
new_adamw,"new AdamW, horizon optimized",adamw,horizon_optimized,fc3,16,alpha,3,4.585254,0.459625,0.265365,1.141771,3.443482,5.727025,4.254926,5.110164
new_adamw,"new AdamW, horizon optimized",adamw,horizon_optimized,fc3,17,alpha,3,4.601297,0.457024,0.263863,1.135312,3.465985,5.736608,4.263415,5.121305
new_adamw,"new AdamW, horizon optimized",adamw,horizon_optimized,fc3,18,alpha,3,4.617594,0.458403,0.264659,1.138737,3.478857,5.756331,4.269242,5.13691
new_adamw,"new AdamW, horizon optimized",adamw,horizon_optimized,fc3,19,alpha,3,4.632773,0.457999,0.264426,1.137732,3.495042,5.770505,4.27942,5.150212
new_adamw,"new AdamW, horizon optimized",adamw,horizon_optimized,fc3,20,alpha,3,4.645096,0.456592,0.263614,1.134238,3.510858,5.779333,4.28701,5.159262
new_adamw,"new AdamW, horizon optimized",adamw,horizon_optimized,fc3,21,alpha,3,4.658549,0.456637,0.263639,1.134349,3.5242,5.792898,4.296197,5.171452
new_adamw,"new AdamW, horizon optimized",adamw,horizon_optimized,fc3,22,alpha,3,4.671448,0.458091,0.264479,1.137962,3.533486,5.80941,4.302795,5.184285
new_adamw,"new AdamW, horizon optimized",adamw,horizon_optimized,fc3,23,alpha,3,4.683067,0.457834,0.26433,1.137322,3.545745,5.820389,4.309336,5.193747
new_adamw,"new AdamW, horizon optimized",adamw,horizon_optimized,fc3,24,alpha,3,4.692228,0.457046,0.263875,1.135364,3.556864,5.827593,4.315359,5.200613
new_adamw,"new AdamW, horizon optimized",adamw,horizon_optimized,fc3,25,alpha,3,4.701057,0.458957,0.264979,1.140112,3.560945,5.841169,4.320164,5.210615
new_adamw,"new AdamW, horizon optimized",adamw,horizon_optimized,fc3,26,alpha,3,4.707405,0.458951,0.264975,1.140097,3.567308,5.847502,4.324209,5.21603
new_adamw,"new AdamW, horizon optimized",adamw,horizon_optimized,fc3,27,alpha,3,4.71245,0.459617,0.26536,1.141752,3.570698,5.854202,4.326393,5.220864
new_adamw,"new AdamW, horizon optimized",adamw,horizon_optimized,fc3,28,alpha,3,4.715002,0.459012,0.265011,1.140249,3.574752,5.855251,4.328288,5.222256
new_adamw,"new AdamW, horizon optimized",adamw,horizon_optimized,fc3,29,alpha,3,4.716482,0.45927,0.26516,1.140891,3.575591,5.857372,4.328898,5.223744
new_adamw,"new AdamW, horizon optimized",adamw,horizon_optimized,fc3,30,alpha,3,4.717057,0.459338,0.265199,1.141058,3.575999,5.858115,4.329283,5.224336
old_adamw,old AdamW,adamw,old,fc1,0,alpha,3,11.646882,7.859929,4.537932,19.525145,-7.878264,31.172027,6.148255,20.649379
old_adamw,old AdamW,adamw,old,fc1,1,alpha,3,8.2507,0.410992,0.237286,1.02096,7.22974,9.27166,7.835867,8.65774
old_adamw,old AdamW,adamw,old,fc1,2,alpha,3,4.143059,0.005262,0.003038,0.01307,4.129988,4.156129,4.138793,4.148938
old_adamw,old AdamW,adamw,old,fc1,3,alpha,3,3.504328,0.026607,0.015362,0.066097,3.438231,3.570424,3.475021,3.526969
old_adamw,old AdamW,adamw,old,fc1,4,alpha,3,3.213849,0.008874,0.005123,0.022044,3.191805,3.235892,3.20459,3.22228
old_adamw,old AdamW,adamw,old,fc1,5,alpha,3,3.010037,0.008556,0.00494,0.021253,2.988784,3.031291,3.000981,3.017984
old_adamw,old AdamW,adamw,old,fc1,6,alpha,3,2.867871,0.028117,0.016233,0.069846,2.798025,2.937717,2.841338,2.897341
old_adamw,old AdamW,adamw,old,fc1,7,alpha,3,2.754009,0.013693,0.007905,0.034014,2.719995,2.788023,2.74604,2.76982
old_adamw,old AdamW,adamw,old,fc1,8,alpha,3,2.660948,0.014836,0.008565,0.036854,2.624093,2.697802,2.647274,2.676721
old_adamw,old AdamW,adamw,old,fc1,9,alpha,3,2.595852,0.011805,0.006816,0.029326,2.566525,2.625178,2.582224,2.602945
old_adamw,old AdamW,adamw,old,fc1,10,alpha,3,2.538559,0.002908,0.001679,0.007224,2.531336,2.545783,2.535752,2.541558
old_adamw,old AdamW,adamw,old,fc1,11,alpha,3,2.49852,0.016375,0.009454,0.040677,2.457843,2.539197,2.480724,2.51295
old_adamw,old AdamW,adamw,old,fc1,12,alpha,3,2.469704,0.027677,0.015979,0.068753,2.400951,2.538457,2.438898,2.492473
old_adamw,old AdamW,adamw,old,fc1,13,alpha,3,2.439635,0.00571,0.003296,0.014183,2.425451,2.453818,2.433116,2.44375
old_adamw,old AdamW,adamw,old,fc1,14,alpha,3,2.420741,0.007314,0.004223,0.018168,2.402573,2.438909,2.41233,2.425602
old_adamw,old AdamW,adamw,old,fc1,15,alpha,3,2.41217,0.003075,0.001775,0.007638,2.404532,2.419808,2.408843,2.414908
old_adamw,old AdamW,adamw,old,fc1,16,alpha,3,2.399866,0.006646,0.003837,0.01651,2.383356,2.416376,2.392619,2.405676
old_adamw,old AdamW,adamw,old,fc1,17,alpha,3,2.397275,0.004648,0.002684,0.011547,2.385728,2.408821,2.393572,2.402491
old_adamw,old AdamW,adamw,old,fc1,18,alpha,3,2.397145,0.004759,0.002748,0.011822,2.385324,2.408967,2.392964,2.402324
old_adamw,old AdamW,adamw,old,fc1,19,alpha,3,2.396988,0.004759,0.002747,0.011822,2.385166,2.408809,2.3927,2.402108
old_adamw,old AdamW,adamw,old,fc1,20,alpha,3,2.396767,0.004847,0.002798,0.01204,2.384727,2.408807,2.392311,2.401928
old_adamw,old AdamW,adamw,old,fc1,21,alpha,3,2.395111,0.007095,0.004096,0.017624,2.377487,2.412736,2.387641,2.401759
old_adamw,old AdamW,adamw,old,fc1,22,alpha,3,2.394976,0.007111,0.004105,0.017664,2.377312,2.41264,2.387481,2.401628
old_adamw,old AdamW,adamw,old,fc1,23,alpha,3,2.394843,0.007119,0.00411,0.017686,2.377157,2.412529,2.387323,2.401479
old_adamw,old AdamW,adamw,old,fc1,24,alpha,3,2.394721,0.007121,0.004111,0.017688,2.377032,2.412409,2.387201,2.401361
old_adamw,old AdamW,adamw,old,fc1,25,alpha,3,2.39264,0.004781,0.00276,0.011876,2.380764,2.404517,2.387121,2.395509
old_adamw,old AdamW,adamw,old,fc1,26,alpha,3,2.392559,0.004783,0.002761,0.011881,2.380678,2.404439,2.387038,2.395433
old_adamw,old AdamW,adamw,old,fc1,27,alpha,3,2.392496,0.004781,0.00276,0.011876,2.380621,2.404372,2.386978,2.395375
old_adamw,old AdamW,adamw,old,fc1,28,alpha,3,2.392451,0.00477,0.002754,0.01185,2.380601,2.404301,2.386944,2.395326
old_adamw,old AdamW,adamw,old,fc1,29,alpha,3,2.392416,0.004771,0.002755,0.011852,2.380563,2.404268,2.386908,2.395291
old_adamw,old AdamW,adamw,old,fc1,30,alpha,3,2.392389,0.004772,0.002755,0.011855,2.380534,2.404245,2.38688,2.395266
old_adamw,old AdamW,adamw,old,fc2,0,alpha,3,11.078705,4.342865,2.507354,10.788274,0.290431,21.86698,6.52113,15.169082
old_adamw,old AdamW,adamw,old,fc2,1,alpha,3,8.574853,1.034086,0.59703,2.568812,6.006041,11.143666,7.399703,9.345734
old_adamw,old AdamW,adamw,old,fc2,2,alpha,3,4.7679,0.096483,0.055704,0.239676,4.528224,5.007576,4.663776,4.854278
old_adamw,old AdamW,adamw,old,fc2,3,alpha,3,3.971065,0.036884,0.021295,0.091625,3.87944,4.06269,3.932121,4.005468
old_adamw,old AdamW,adamw,old,fc2,4,alpha,3,3.595707,0.043116,0.024893,0.107106,3.488601,3.702813,3.545924,3.621064
old_adamw,old AdamW,adamw,old,fc2,5,alpha,3,3.341831,0.023858,0.013775,0.059267,3.282564,3.401098,3.318858,3.366486
old_adamw,old AdamW,adamw,old,fc2,6,alpha,3,3.185453,0.028618,0.016523,0.071092,3.114361,3.256545,3.155705,3.212789
old_adamw,old AdamW,adamw,old,fc2,7,alpha,3,3.064966,0.023268,0.013434,0.057801,3.007166,3.122767,3.038692,3.082966
old_adamw,old AdamW,adamw,old,fc2,8,alpha,3,2.976469,0.011009,0.006356,0.027349,2.949121,3.003818,2.964433,2.986029
old_adamw,old AdamW,adamw,old,fc2,9,alpha,3,2.895339,0.021086,0.012174,0.05238,2.842959,2.947719,2.871266,2.910533
old_adamw,old AdamW,adamw,old,fc2,10,alpha,3,2.843751,0.02139,0.01235,0.053136,2.790615,2.896887,2.826349,2.867632
old_adamw,old AdamW,adamw,old,fc2,11,alpha,3,2.813052,0.031387,0.018121,0.077969,2.735083,2.891021,2.782477,2.845192
old_adamw,old AdamW,adamw,old,fc2,12,alpha,3,2.766595,0.014835,0.008565,0.036852,2.729743,2.803447,2.752027,2.781684
old_adamw,old AdamW,adamw,old,fc2,13,alpha,3,2.745851,0.00776,0.00448,0.019278,2.726574,2.765129,2.736892,2.750463
old_adamw,old AdamW,adamw,old,fc2,14,alpha,3,2.726063,0.00796,0.004595,0.019773,2.70629,2.745836,2.718078,2.733997
old_adamw,old AdamW,adamw,old,fc2,15,alpha,3,2.706243,0.009872,0.0057,0.024523,2.68172,2.730766,2.699492,2.717573
old_adamw,old AdamW,adamw,old,fc2,16,alpha,3,2.700127,0.013914,0.008033,0.034565,2.665562,2.734692,2.692061,2.716194
old_adamw,old AdamW,adamw,old,fc2,17,alpha,3,2.704227,0.011286,0.006516,0.028036,2.676191,2.732263,2.692477,2.714983
old_adamw,old AdamW,adamw,old,fc2,18,alpha,3,2.703235,0.010766,0.006216,0.026744,2.676491,2.72998,2.692241,2.713758
old_adamw,old AdamW,adamw,old,fc2,19,alpha,3,2.702328,0.010754,0.006209,0.026714,2.675613,2.729042,2.692104,2.713543
old_adamw,old AdamW,adamw,old,fc2,20,alpha,3,2.699844,0.014233,0.008217,0.035356,2.664488,2.7352,2.684978,2.713345
old_adamw,old AdamW,adamw,old,fc2,21,alpha,3,2.698392,0.016266,0.009391,0.040407,2.657986,2.738799,2.680916,2.713089
old_adamw,old AdamW,adamw,old,fc2,22,alpha,3,2.698105,0.01647,0.009509,0.040913,2.657192,2.739017,2.680359,2.7129
old_adamw,old AdamW,adamw,old,fc2,23,alpha,3,2.697856,0.016686,0.009634,0.04145,2.656407,2.739306,2.679842,2.712782
old_adamw,old AdamW,adamw,old,fc2,24,alpha,3,2.697662,0.016843,0.009724,0.041841,2.655821,2.739502,2.679425,2.712633
old_adamw,old AdamW,adamw,old,fc2,25,alpha,3,2.697486,0.016967,0.009796,0.042148,2.655338,2.739634,2.679087,2.712515
old_adamw,old AdamW,adamw,old,fc2,26,alpha,3,2.697353,0.017083,0.009863,0.042436,2.654916,2.739789,2.678806,2.712444
old_adamw,old AdamW,adamw,old,fc2,27,alpha,3,2.69726,0.017159,0.009906,0.042624,2.654636,2.739884,2.67861,2.712378
old_adamw,old AdamW,adamw,old,fc2,28,alpha,3,2.697202,0.017226,0.009945,0.042791,2.654411,2.739994,2.678467,2.712355
old_adamw,old AdamW,adamw,old,fc2,29,alpha,3,2.697143,0.017262,0.009966,0.04288,2.654262,2.740023,2.67836,2.71231
old_adamw,old AdamW,adamw,old,fc2,30,alpha,3,2.697395,0.016831,0.009717,0.041811,2.655584,2.739206,2.67914,2.712299
old_adamw,old AdamW,adamw,old,fc3,0,alpha,3,7.368381,0.581824,0.335916,1.44533,5.923051,8.813712,6.700321,7.763975
old_adamw,old AdamW,adamw,old,fc3,1,alpha,3,5.191265,0.851885,0.491836,2.116198,3.075066,7.307463,4.475668,6.13357
old_adamw,old AdamW,adamw,old,fc3,2,alpha,3,4.472472,0.684176,0.395009,1.699588,2.772884,6.17206,3.937935,5.243526
old_adamw,old AdamW,adamw,old,fc3,3,alpha,3,4.044855,0.389038,0.224611,0.966425,3.07843,5.01128,3.782349,4.491812
old_adamw,old AdamW,adamw,old,fc3,4,alpha,3,3.900443,0.425377,0.245592,1.056696,2.843747,4.957139,3.643041,4.391434
old_adamw,old AdamW,adamw,old,fc3,5,alpha,3,3.747681,0.283528,0.163695,0.704322,3.043359,4.452003,3.543827,4.071465
old_adamw,old AdamW,adamw,old,fc3,6,alpha,3,3.685503,0.321977,0.185893,0.799835,2.885668,4.485338,3.419326,4.043384
old_adamw,old AdamW,adamw,old,fc3,7,alpha,3,3.46354,0.361196,0.208537,0.897261,2.56628,4.360801,3.172917,3.86792
old_adamw,old AdamW,adamw,old,fc3,8,alpha,3,3.501894,0.27811,0.160567,0.690863,2.811031,4.192757,3.280282,3.813974
old_adamw,old AdamW,adamw,old,fc3,9,alpha,3,3.548424,0.377193,0.217772,0.936998,2.611426,4.485423,3.318274,3.98373
old_adamw,old AdamW,adamw,old,fc3,10,alpha,3,3.406918,0.227924,0.131592,0.566196,2.840723,3.973114,3.222636,3.661785
old_adamw,old AdamW,adamw,old,fc3,11,alpha,3,3.431972,0.405337,0.234021,1.006913,2.425059,4.438885,3.177481,3.8994
old_adamw,old AdamW,adamw,old,fc3,12,alpha,3,3.627681,0.44047,0.254305,1.094187,2.533493,4.721868,3.146891,4.011757
old_adamw,old AdamW,adamw,old,fc3,13,alpha,3,3.700885,0.480638,0.277497,1.193972,2.506913,4.894857,3.218347,4.179601
old_adamw,old AdamW,adamw,old,fc3,14,alpha,3,3.692469,0.449519,0.25953,1.116668,2.575801,4.809137,3.224832,4.121363
old_adamw,old AdamW,adamw,old,fc3,15,alpha,3,3.446391,0.545299,0.314828,1.354597,2.091793,4.800988,3.032818,4.064357
old_adamw,old AdamW,adamw,old,fc3,16,alpha,3,3.672196,0.57291,0.33077,1.423188,2.249008,5.095384,3.040076,4.157208
old_adamw,old AdamW,adamw,old,fc3,17,alpha,3,3.67763,0.593597,0.342713,1.474576,2.203054,5.152206,3.014218,4.158569
old_adamw,old AdamW,adamw,old,fc3,18,alpha,3,3.683355,0.608173,0.351129,1.510785,2.172569,5.19414,3.006284,4.183307
old_adamw,old AdamW,adamw,old,fc3,19,alpha,3,3.689131,0.61901,0.357385,1.537706,2.151425,5.226836,2.999659,4.197098
old_adamw,old AdamW,adamw,old,fc3,20,alpha,3,3.696242,0.625383,0.361065,1.553537,2.142705,5.249779,2.999085,4.207864
old_adamw,old AdamW,adamw,old,fc3,21,alpha,3,3.704311,0.633254,0.365609,1.57309,2.131221,5.2774,2.998898,4.223766
old_adamw,old AdamW,adamw,old,fc3,22,alpha,3,3.712495,0.640907,0.370028,1.592101,2.120394,5.304596,2.998909,4.239163
old_adamw,old AdamW,adamw,old,fc3,23,alpha,3,3.719125,0.647164,0.37364,1.607643,2.111482,5.326769,2.998935,4.251891
old_adamw,old AdamW,adamw,old,fc3,24,alpha,3,3.724256,0.651918,0.376385,1.619454,2.104802,5.34371,2.999003,4.261535
old_adamw,old AdamW,adamw,old,fc3,25,alpha,3,3.729141,0.656257,0.37889,1.630232,2.098909,5.359373,2.998947,4.269695
old_adamw,old AdamW,adamw,old,fc3,26,alpha,3,3.733038,0.659819,0.380947,1.639082,2.093956,5.372121,2.998844,4.276434
old_adamw,old AdamW,adamw,old,fc3,27,alpha,3,3.736096,0.662778,0.382655,1.646432,2.089664,5.382528,2.998764,4.282332
old_adamw,old AdamW,adamw,old,fc3,28,alpha,3,3.738434,0.664891,0.383875,1.651681,2.086753,5.390116,2.998752,4.286412
old_adamw,old AdamW,adamw,old,fc3,29,alpha,3,3.740037,0.666391,0.384741,1.655408,2.08463,5.395445,2.998733,4.289373
old_adamw,old AdamW,adamw,old,fc3,30,alpha,3,3.741267,0.667518,0.385392,1.658206,2.08306,5.399473,2.99872,4.29156
old_sgd,old SGD + Nesterov,sgd_momentum,old,fc1,0,alpha,3,11.646882,7.859929,4.537932,19.525145,-7.878264,31.172027,6.148255,20.649379
old_sgd,old SGD + Nesterov,sgd_momentum,old,fc1,1,alpha,3,8.797384,5.27685,3.046591,13.108421,-4.311037,21.905805,5.736322,14.890542
old_sgd,old SGD + Nesterov,sgd_momentum,old,fc1,2,alpha,3,9.728784,0.429631,0.248048,1.067263,8.661522,10.796047,9.433065,10.221601
old_sgd,old SGD + Nesterov,sgd_momentum,old,fc1,3,alpha,3,6.037841,0.133444,0.077044,0.331493,5.706347,6.369334,5.935244,6.188702
old_sgd,old SGD + Nesterov,sgd_momentum,old,fc1,4,alpha,3,5.02577,0.174224,0.100588,0.432796,4.592975,5.458566,4.896137,5.223817
old_sgd,old SGD + Nesterov,sgd_momentum,old,fc1,5,alpha,3,4.492859,0.085822,0.04955,0.213195,4.279664,4.706054,4.418344,4.586695
old_sgd,old SGD + Nesterov,sgd_momentum,old,fc1,6,alpha,3,4.215845,0.028129,0.01624,0.069877,4.145969,4.285722,4.185562,4.241157
old_sgd,old SGD + Nesterov,sgd_momentum,old,fc1,7,alpha,3,4.058748,0.022873,0.013206,0.056819,4.001929,4.115567,4.038189,4.083386
old_sgd,old SGD + Nesterov,sgd_momentum,old,fc1,8,alpha,3,4.00865,0.031206,0.018017,0.077521,3.931129,4.086171,3.990248,4.044681
old_sgd,old SGD + Nesterov,sgd_momentum,old,fc1,9,alpha,3,3.930751,0.005844,0.003374,0.014518,3.916232,3.945269,3.924594,3.936223
old_sgd,old SGD + Nesterov,sgd_momentum,old,fc1,10,alpha,3,3.916962,0.004206,0.002428,0.010449,3.906513,3.927411,3.912279,3.92042
old_sgd,old SGD + Nesterov,sgd_momentum,old,fc1,11,alpha,3,3.909623,0.003375,0.001948,0.008383,3.90124,3.918006,3.906787,3.913356
old_sgd,old SGD + Nesterov,sgd_momentum,old,fc1,12,alpha,3,3.900751,0.002971,0.001716,0.007381,3.893369,3.908132,3.899032,3.904182
old_sgd,old SGD + Nesterov,sgd_momentum,old,fc1,13,alpha,3,3.877335,0.018317,0.010576,0.045503,3.831832,3.922838,3.859019,3.895654
old_sgd,old SGD + Nesterov,sgd_momentum,old,fc1,14,alpha,3,3.865122,0.018785,0.010846,0.046665,3.818456,3.911787,3.851766,3.886602
old_sgd,old SGD + Nesterov,sgd_momentum,old,fc1,15,alpha,3,3.856547,0.01833,0.010583,0.045535,3.811012,3.902081,3.843025,3.87741
old_sgd,old SGD + Nesterov,sgd_momentum,old,fc1,16,alpha,3,3.848951,0.018392,0.010619,0.045688,3.803263,3.894639,3.834824,3.869747
old_sgd,old SGD + Nesterov,sgd_momentum,old,fc1,17,alpha,3,3.841519,0.017435,0.010066,0.04331,3.798209,3.884829,3.828312,3.861281
old_sgd,old SGD + Nesterov,sgd_momentum,old,fc1,18,alpha,3,3.835098,0.016299,0.00941,0.040488,3.79461,3.875586,3.822477,3.853499
old_sgd,old SGD + Nesterov,sgd_momentum,old,fc1,19,alpha,3,3.822788,0.021164,0.012219,0.052574,3.770213,3.875362,3.80578,3.846489
old_sgd,old SGD + Nesterov,sgd_momentum,old,fc1,20,alpha,3,3.817273,0.020927,0.012082,0.051986,3.765288,3.869259,3.800286,3.84065
old_sgd,old SGD + Nesterov,sgd_momentum,old,fc1,21,alpha,3,3.805295,0.02664,0.015381,0.066178,3.739117,3.871474,3.784676,3.835375
old_sgd,old SGD + Nesterov,sgd_momentum,old,fc1,22,alpha,3,3.801395,0.026253,0.015157,0.065215,3.73618,3.86661,3.781453,3.831138
old_sgd,old SGD + Nesterov,sgd_momentum,old,fc1,23,alpha,3,3.795524,0.027867,0.016089,0.069227,3.726297,3.864751,3.778816,3.827695
old_sgd,old SGD + Nesterov,sgd_momentum,old,fc1,24,alpha,3,3.793196,0.027356,0.015794,0.067955,3.725241,3.861151,3.776719,3.824773
old_sgd,old SGD + Nesterov,sgd_momentum,old,fc1,25,alpha,3,3.785183,0.016145,0.009321,0.040106,3.745077,3.825289,3.775156,3.803807
old_sgd,old SGD + Nesterov,sgd_momentum,old,fc1,26,alpha,3,3.783977,0.01604,0.009261,0.039847,3.744131,3.823824,3.773992,3.80248
old_sgd,old SGD + Nesterov,sgd_momentum,old,fc1,27,alpha,3,3.783197,0.015954,0.009211,0.039632,3.743565,3.822828,3.773227,3.801597
old_sgd,old SGD + Nesterov,sgd_momentum,old,fc1,28,alpha,3,3.782725,0.015891,0.009175,0.039476,3.743249,3.822201,3.772796,3.801053
old_sgd,old SGD + Nesterov,sgd_momentum,old,fc1,29,alpha,3,3.782438,0.015869,0.009162,0.039421,3.743017,3.821858,3.772511,3.80074
old_sgd,old SGD + Nesterov,sgd_momentum,old,fc1,30,alpha,3,3.782253,0.015849,0.00915,0.039371,3.742882,3.821624,3.772334,3.800532
old_sgd,old SGD + Nesterov,sgd_momentum,old,fc2,0,alpha,3,11.078705,4.342865,2.507354,10.788274,0.290431,21.86698,6.52113,15.169082
old_sgd,old SGD + Nesterov,sgd_momentum,old,fc2,1,alpha,3,8.47181,1.735812,1.002172,4.311997,4.159813,12.783808,6.823233,10.283362
old_sgd,old SGD + Nesterov,sgd_momentum,old,fc2,2,alpha,3,9.555683,1.748985,1.009777,4.34472,5.210963,13.900403,8.030884,11.4649
old_sgd,old SGD + Nesterov,sgd_momentum,old,fc2,3,alpha,3,8.142502,0.922491,0.5326,2.291595,5.850907,10.434096,7.13642,8.948592
old_sgd,old SGD + Nesterov,sgd_momentum,old,fc2,4,alpha,3,7.228355,0.881455,0.508908,2.189655,5.038699,9.41801,6.693064,8.245707
old_sgd,old SGD + Nesterov,sgd_momentum,old,fc2,5,alpha,3,6.031691,0.40734,0.235178,1.011888,5.019803,7.043579,5.657545,6.465618
old_sgd,old SGD + Nesterov,sgd_momentum,old,fc2,6,alpha,3,6.030512,0.339615,0.196077,0.843652,5.186861,6.874164,5.704581,6.38233
old_sgd,old SGD + Nesterov,sgd_momentum,old,fc2,7,alpha,3,5.716922,0.337641,0.194937,0.838748,4.878174,6.55567,5.377775,6.053038
old_sgd,old SGD + Nesterov,sgd_momentum,old,fc2,8,alpha,3,5.477224,0.271115,0.156528,0.673487,4.803737,6.150711,5.185067,5.720702
old_sgd,old SGD + Nesterov,sgd_momentum,old,fc2,9,alpha,3,5.457471,0.273803,0.15808,0.680163,4.777308,6.137634,5.185194,5.732774
old_sgd,old SGD + Nesterov,sgd_momentum,old,fc2,10,alpha,3,5.327055,0.263838,0.152327,0.65541,4.671645,5.982465,5.066381,5.593947
old_sgd,old SGD + Nesterov,sgd_momentum,old,fc2,11,alpha,3,5.261149,0.206987,0.119504,0.514185,4.746964,5.775334,5.046575,5.459607
old_sgd,old SGD + Nesterov,sgd_momentum,old,fc2,12,alpha,3,5.232022,0.2042,0.117895,0.507261,4.724762,5.739283,5.022204,5.430097
old_sgd,old SGD + Nesterov,sgd_momentum,old,fc2,13,alpha,3,5.205543,0.201891,0.116562,0.501525,4.704018,5.707068,5.00066,5.404302
old_sgd,old SGD + Nesterov,sgd_momentum,old,fc2,14,alpha,3,5.178483,0.198324,0.114502,0.492663,4.68582,5.671146,4.979303,5.375939
old_sgd,old SGD + Nesterov,sgd_momentum,old,fc2,15,alpha,3,5.124242,0.237431,0.137081,0.589811,4.534431,5.714054,4.875035,5.347817
old_sgd,old SGD + Nesterov,sgd_momentum,old,fc2,16,alpha,3,5.100061,0.233089,0.134574,0.579025,4.521036,5.679086,4.856647,5.321229
old_sgd,old SGD + Nesterov,sgd_momentum,old,fc2,17,alpha,3,5.077324,0.230713,0.133202,0.573122,4.504201,5.650446,4.837724,5.297982
old_sgd,old SGD + Nesterov,sgd_momentum,old,fc2,18,alpha,3,5.055925,0.227847,0.131548,0.566004,4.489922,5.621929,4.820074,5.274821
old_sgd,old SGD + Nesterov,sgd_momentum,old,fc2,19,alpha,3,4.989783,0.164183,0.094791,0.407852,4.581931,5.397635,4.803493,5.11339
old_sgd,old SGD + Nesterov,sgd_momentum,old,fc2,20,alpha,3,4.975832,0.165494,0.095548,0.411111,4.564722,5.386943,4.788889,5.103618
old_sgd,old SGD + Nesterov,sgd_momentum,old,fc2,21,alpha,3,4.963503,0.166593,0.096182,0.41384,4.549664,5.377343,4.776091,5.094769
old_sgd,old SGD + Nesterov,sgd_momentum,old,fc2,22,alpha,3,4.953233,0.167561,0.096741,0.416244,4.536989,5.369477,4.765366,5.087243
old_sgd,old SGD + Nesterov,sgd_momentum,old,fc2,23,alpha,3,4.944775,0.168362,0.097204,0.418234,4.526542,5.363009,4.756628,5.081231
old_sgd,old SGD + Nesterov,sgd_momentum,old,fc2,24,alpha,3,4.938304,0.169088,0.097623,0.420039,4.518265,5.358343,4.749836,5.076706
old_sgd,old SGD + Nesterov,sgd_momentum,old,fc2,25,alpha,3,4.965458,0.117113,0.067615,0.290924,4.674533,5.256382,4.840736,5.073082
old_sgd,old SGD + Nesterov,sgd_momentum,old,fc2,26,alpha,3,4.962104,0.117302,0.067724,0.291394,4.67071,5.253498,4.837534,5.070448
old_sgd,old SGD + Nesterov,sgd_momentum,old,fc2,27,alpha,3,4.931226,0.083105,0.04798,0.206443,4.724783,5.13767,4.835364,4.982923
old_sgd,old SGD + Nesterov,sgd_momentum,old,fc2,28,alpha,3,4.929605,0.082768,0.047786,0.205607,4.723998,5.135213,4.834129,4.981049
old_sgd,old SGD + Nesterov,sgd_momentum,old,fc2,29,alpha,3,4.928632,0.082581,0.047678,0.205142,4.72349,5.133775,4.833371,4.979939
old_sgd,old SGD + Nesterov,sgd_momentum,old,fc2,30,alpha,3,4.928008,0.082466,0.047612,0.204856,4.723152,5.132865,4.832879,4.979229
old_sgd,old SGD + Nesterov,sgd_momentum,old,fc3,0,alpha,3,7.368381,0.581824,0.335916,1.44533,5.923051,8.813712,6.700321,7.763975
old_sgd,old SGD + Nesterov,sgd_momentum,old,fc3,1,alpha,3,5.386282,0.244291,0.141041,0.606852,4.779431,5.993134,5.2196,5.666704
old_sgd,old SGD + Nesterov,sgd_momentum,old,fc3,2,alpha,3,3.865439,0.7509,0.433532,1.865339,2.0001,5.730778,3.417814,4.732349
old_sgd,old SGD + Nesterov,sgd_momentum,old,fc3,3,alpha,3,3.469444,0.343884,0.198541,0.854255,2.61519,4.323699,3.083071,3.741959
old_sgd,old SGD + Nesterov,sgd_momentum,old,fc3,4,alpha,3,3.329219,0.311242,0.179696,0.773168,2.556051,4.102387,3.025128,3.64715
old_sgd,old SGD + Nesterov,sgd_momentum,old,fc3,5,alpha,3,3.282735,0.074593,0.043066,0.185299,3.097436,3.468034,3.200786,3.346674
old_sgd,old SGD + Nesterov,sgd_momentum,old,fc3,6,alpha,3,3.146153,0.111048,0.064113,0.275858,2.870295,3.422011,3.017954,3.212549
old_sgd,old SGD + Nesterov,sgd_momentum,old,fc3,7,alpha,3,3.188951,0.046296,0.026729,0.115006,3.073945,3.303958,3.156269,3.241929
old_sgd,old SGD + Nesterov,sgd_momentum,old,fc3,8,alpha,3,3.072058,0.129994,0.075052,0.322923,2.749135,3.394981,2.922396,3.156862
old_sgd,old SGD + Nesterov,sgd_momentum,old,fc3,9,alpha,3,3.007966,0.140068,0.080868,0.347948,2.660018,3.355914,2.887083,3.161464
old_sgd,old SGD + Nesterov,sgd_momentum,old,fc3,10,alpha,3,3.023847,0.166747,0.096271,0.414221,2.609626,3.438069,2.88513,3.208846
old_sgd,old SGD + Nesterov,sgd_momentum,old,fc3,11,alpha,3,3.021297,0.174914,0.100986,0.434509,2.586788,3.455807,2.877531,3.216035
old_sgd,old SGD + Nesterov,sgd_momentum,old,fc3,12,alpha,3,3.153925,0.161592,0.093295,0.401416,2.752509,3.555341,2.968918,3.267432
old_sgd,old SGD + Nesterov,sgd_momentum,old,fc3,13,alpha,3,3.160121,0.167998,0.096993,0.417329,2.742792,3.57745,2.967559,3.276722
old_sgd,old SGD + Nesterov,sgd_momentum,old,fc3,14,alpha,3,3.167848,0.173261,0.100032,0.430403,2.737445,3.598251,2.969258,3.288134
old_sgd,old SGD + Nesterov,sgd_momentum,old,fc3,15,alpha,3,3.171009,0.173408,0.100117,0.430769,2.74024,3.601777,2.972234,3.291294
old_sgd,old SGD + Nesterov,sgd_momentum,old,fc3,16,alpha,3,3.17405,0.177825,0.102668,0.441743,2.732307,3.615793,2.970954,3.301791
old_sgd,old SGD + Nesterov,sgd_momentum,old,fc3,17,alpha,3,3.176628,0.179425,0.103591,0.445717,2.730911,3.622344,2.971471,3.304236
old_sgd,old SGD + Nesterov,sgd_momentum,old,fc3,18,alpha,3,3.180836,0.18431,0.106411,0.457851,2.722986,3.638687,2.9705,3.314096
old_sgd,old SGD + Nesterov,sgd_momentum,old,fc3,19,alpha,3,3.182619,0.184074,0.106275,0.457266,2.725353,3.639886,2.971863,3.311864
old_sgd,old SGD + Nesterov,sgd_momentum,old,fc3,20,alpha,3,3.183559,0.186596,0.107731,0.463531,2.720029,3.64709,2.970224,3.316385
old_sgd,old SGD + Nesterov,sgd_momentum,old,fc3,21,alpha,3,3.183852,0.18664,0.107756,0.463639,2.720213,3.647491,2.970541,3.317119
old_sgd,old SGD + Nesterov,sgd_momentum,old,fc3,22,alpha,3,3.258025,0.068067,0.039298,0.169087,3.088938,3.427112,3.185733,3.320882
old_sgd,old SGD + Nesterov,sgd_momentum,old,fc3,23,alpha,3,3.258346,0.069583,0.040174,0.172853,3.085492,3.431199,3.184605,3.322848
old_sgd,old SGD + Nesterov,sgd_momentum,old,fc3,24,alpha,3,3.258645,0.070152,0.040502,0.174267,3.084378,3.432911,3.184256,3.323607
old_sgd,old SGD + Nesterov,sgd_momentum,old,fc3,25,alpha,3,3.259085,0.070264,0.040567,0.174547,3.084539,3.433632,3.184566,3.324134
old_sgd,old SGD + Nesterov,sgd_momentum,old,fc3,26,alpha,3,3.259453,0.070118,0.040483,0.174182,3.08527,3.433635,3.185223,3.324567
old_sgd,old SGD + Nesterov,sgd_momentum,old,fc3,27,alpha,3,3.259833,0.070037,0.040436,0.173982,3.085851,3.433815,3.185936,3.325235
old_sgd,old SGD + Nesterov,sgd_momentum,old,fc3,28,alpha,3,3.25995,0.069781,0.040288,0.173347,3.086603,3.433297,3.186308,3.325092
old_sgd,old SGD + Nesterov,sgd_momentum,old,fc3,29,alpha,3,3.260105,0.069752,0.040271,0.173273,3.086832,3.433379,3.186511,3.325244
old_sgd,old SGD + Nesterov,sgd_momentum,old,fc3,30,alpha,3,3.260169,0.069767,0.04028,0.173311,3.086858,3.433481,3.186568,3.325335
new_muon,"new Muon, horizon optimized",sgd_momentum_muon,horizon_optimized,fc1,0,alpha,3,11.646882,7.859929,4.537932,19.525145,-7.878264,31.172027,6.148255,20.649379
new_muon,"new Muon, horizon optimized",sgd_momentum_muon,horizon_optimized,fc1,1,alpha,3,20.590218,9.628028,5.558745,23.917348,-3.32713,44.507566,14.550655,31.69342
new_muon,"new Muon, horizon optimized",sgd_momentum_muon,horizon_optimized,fc1,2,alpha,3,10.597709,5.089914,2.938663,12.644048,-2.046339,23.241757,6.701402,16.356548
new_muon,"new Muon, horizon optimized",sgd_momentum_muon,horizon_optimized,fc1,3,alpha,3,4.750373,0.964763,0.557006,2.396604,2.35377,7.146977,3.64795,5.440379
new_muon,"new Muon, horizon optimized",sgd_momentum_muon,horizon_optimized,fc1,4,alpha,3,3.881948,0.344268,0.198763,0.855209,3.026738,4.737157,3.596204,4.264159
new_muon,"new Muon, horizon optimized",sgd_momentum_muon,horizon_optimized,fc1,5,alpha,3,3.23303,0.415428,0.239847,1.031979,2.201051,4.265009,2.912313,3.702315
new_muon,"new Muon, horizon optimized",sgd_momentum_muon,horizon_optimized,fc1,6,alpha,3,2.904713,0.362177,0.209103,0.899697,2.005016,3.80441,2.59517,3.30302
new_muon,"new Muon, horizon optimized",sgd_momentum_muon,horizon_optimized,fc1,7,alpha,3,2.953173,0.28647,0.165394,0.711631,2.241542,3.664805,2.628438,3.170086
new_muon,"new Muon, horizon optimized",sgd_momentum_muon,horizon_optimized,fc1,8,alpha,3,4.321429,2.524005,1.457235,6.269976,-1.948547,10.591404,2.368211,7.171352
new_muon,"new Muon, horizon optimized",sgd_momentum_muon,horizon_optimized,fc1,9,alpha,3,2.637423,0.45647,0.263543,1.133934,1.503489,3.771358,2.278719,3.151235
new_muon,"new Muon, horizon optimized",sgd_momentum_muon,horizon_optimized,fc1,10,alpha,3,2.635804,0.184398,0.106462,0.45807,2.177734,3.093874,2.45293,2.821689
new_muon,"new Muon, horizon optimized",sgd_momentum_muon,horizon_optimized,fc1,11,alpha,3,2.482916,0.237055,0.136864,0.588878,1.894038,3.071793,2.220763,2.682198
new_muon,"new Muon, horizon optimized",sgd_momentum_muon,horizon_optimized,fc1,12,alpha,3,2.283008,0.04465,0.025779,0.110917,2.172091,2.393925,2.234026,2.321434
new_muon,"new Muon, horizon optimized",sgd_momentum_muon,horizon_optimized,fc1,13,alpha,3,2.304407,0.09108,0.052585,0.226256,2.07815,2.530663,2.224055,2.403348
new_muon,"new Muon, horizon optimized",sgd_momentum_muon,horizon_optimized,fc1,14,alpha,3,2.233006,0.008999,0.005196,0.022356,2.21065,2.255362,2.223764,2.241742
new_muon,"new Muon, horizon optimized",sgd_momentum_muon,horizon_optimized,fc1,15,alpha,3,2.134468,0.211976,0.122384,0.526578,1.60789,2.661046,1.942825,2.362155
new_muon,"new Muon, horizon optimized",sgd_momentum_muon,horizon_optimized,fc1,16,alpha,3,2.152601,0.041143,0.023754,0.102205,2.050396,2.254806,2.120461,2.19897
new_muon,"new Muon, horizon optimized",sgd_momentum_muon,horizon_optimized,fc1,17,alpha,3,1.966254,0.117305,0.067726,0.291403,1.674852,2.257657,1.834554,2.059524
new_muon,"new Muon, horizon optimized",sgd_momentum_muon,horizon_optimized,fc1,18,alpha,3,2.103541,0.186989,0.107958,0.464507,1.639034,2.568048,1.904405,2.275384
new_muon,"new Muon, horizon optimized",sgd_momentum_muon,horizon_optimized,fc1,19,alpha,3,2.100339,0.183984,0.106223,0.457041,1.643298,2.55738,1.899996,2.261724
new_muon,"new Muon, horizon optimized",sgd_momentum_muon,horizon_optimized,fc1,20,alpha,3,2.045209,0.13442,0.077608,0.333919,1.711291,2.379128,1.894305,2.152121
new_muon,"new Muon, horizon optimized",sgd_momentum_muon,horizon_optimized,fc1,21,alpha,3,2.102348,0.023269,0.013435,0.057805,2.044544,2.160153,2.079534,2.126048
new_muon,"new Muon, horizon optimized",sgd_momentum_muon,horizon_optimized,fc1,22,alpha,3,2.029829,0.134885,0.077876,0.335072,1.694757,2.364901,1.878731,2.138104
new_muon,"new Muon, horizon optimized",sgd_momentum_muon,horizon_optimized,fc1,23,alpha,3,1.870458,0.088076,0.050851,0.218793,1.651665,2.08925,1.798408,1.968644
new_muon,"new Muon, horizon optimized",sgd_momentum_muon,horizon_optimized,fc1,24,alpha,3,1.892921,0.136434,0.07877,0.338921,1.554,2.231843,1.793009,2.048364
new_muon,"new Muon, horizon optimized",sgd_momentum_muon,horizon_optimized,fc1,25,alpha,3,1.967397,0.117121,0.06762,0.290944,1.676453,2.25834,1.860522,2.092601
new_muon,"new Muon, horizon optimized",sgd_momentum_muon,horizon_optimized,fc1,26,alpha,3,1.963279,0.114011,0.065825,0.28322,1.680059,2.246499,1.859941,2.085585
new_muon,"new Muon, horizon optimized",sgd_momentum_muon,horizon_optimized,fc1,27,alpha,3,1.960709,0.113331,0.065432,0.281529,1.67918,2.242239,1.858579,2.082633
new_muon,"new Muon, horizon optimized",sgd_momentum_muon,horizon_optimized,fc1,28,alpha,3,1.957682,0.112038,0.064685,0.278318,1.679364,2.236,1.855821,2.077683
new_muon,"new Muon, horizon optimized",sgd_momentum_muon,horizon_optimized,fc1,29,alpha,3,1.865049,0.066626,0.038467,0.165509,1.69954,2.030559,1.80523,1.936856
new_muon,"new Muon, horizon optimized",sgd_momentum_muon,horizon_optimized,fc1,30,alpha,3,1.855261,0.076931,0.044416,0.191108,1.664153,2.046369,1.781053,1.934653
new_muon,"new Muon, horizon optimized",sgd_momentum_muon,horizon_optimized,fc2,0,alpha,3,11.078705,4.342865,2.507354,10.788274,0.290431,21.86698,6.52113,15.169082
new_muon,"new Muon, horizon optimized",sgd_momentum_muon,horizon_optimized,fc2,1,alpha,3,9.14054,1.549617,0.894672,3.849462,5.291078,12.990003,8.241429,10.929877
new_muon,"new Muon, horizon optimized",sgd_momentum_muon,horizon_optimized,fc2,2,alpha,3,7.665326,2.458927,1.419662,6.108314,1.557012,13.77364,4.903877,9.617997
new_muon,"new Muon, horizon optimized",sgd_momentum_muon,horizon_optimized,fc2,3,alpha,3,5.751366,1.10566,0.638353,2.746612,3.004754,8.497978,5.038125,7.02502
new_muon,"new Muon, horizon optimized",sgd_momentum_muon,horizon_optimized,fc2,4,alpha,3,7.095221,2.411507,1.392284,5.990516,1.104705,13.085737,5.046,9.752586
new_muon,"new Muon, horizon optimized",sgd_momentum_muon,horizon_optimized,fc2,5,alpha,3,5.240195,2.146272,1.239151,5.331636,-0.091441,10.571832,2.78942,6.784581
new_muon,"new Muon, horizon optimized",sgd_momentum_muon,horizon_optimized,fc2,6,alpha,3,4.189087,2.372434,1.369725,5.893453,-1.704366,10.082539,2.666828,6.922648
new_muon,"new Muon, horizon optimized",sgd_momentum_muon,horizon_optimized,fc2,7,alpha,3,2.44501,0.206117,0.119002,0.512023,1.932987,2.957034,2.247749,2.658968
new_muon,"new Muon, horizon optimized",sgd_momentum_muon,horizon_optimized,fc2,8,alpha,3,2.413757,0.175987,0.101606,0.437177,1.976581,2.850934,2.270598,2.610239
new_muon,"new Muon, horizon optimized",sgd_momentum_muon,horizon_optimized,fc2,9,alpha,3,8.76839,6.516211,3.762136,16.187166,-7.418775,24.955556,2.158251,15.186425
new_muon,"new Muon, horizon optimized",sgd_momentum_muon,horizon_optimized,fc2,10,alpha,3,4.469808,3.959504,2.286021,9.835954,-5.366146,14.305762,2.123111,9.041308
new_muon,"new Muon, horizon optimized",sgd_momentum_muon,horizon_optimized,fc2,11,alpha,3,2.228553,0.012764,0.007369,0.031708,2.196845,2.26026,2.215669,2.241194
new_muon,"new Muon, horizon optimized",sgd_momentum_muon,horizon_optimized,fc2,12,alpha,3,2.111766,0.066451,0.038365,0.165072,1.946694,2.276839,2.035152,2.153736
new_muon,"new Muon, horizon optimized",sgd_momentum_muon,horizon_optimized,fc2,13,alpha,3,5.218811,5.414123,3.125845,13.449426,-8.230615,18.668237,2.040942,11.470211
new_muon,"new Muon, horizon optimized",sgd_momentum_muon,horizon_optimized,fc2,14,alpha,3,2.167546,0.139645,0.080624,0.346897,1.820649,2.514443,2.040958,2.31734
new_muon,"new Muon, horizon optimized",sgd_momentum_muon,horizon_optimized,fc2,15,alpha,3,2.043149,0.044724,0.025821,0.1111,1.932049,2.154249,2.002848,2.091265
new_muon,"new Muon, horizon optimized",sgd_momentum_muon,horizon_optimized,fc2,16,alpha,3,3.902952,3.236995,1.86888,8.041141,-4.138189,11.944093,2.027461,7.640704
new_muon,"new Muon, horizon optimized",sgd_momentum_muon,horizon_optimized,fc2,17,alpha,3,2.080794,0.154047,0.088939,0.382674,1.69812,2.463468,1.954238,2.252322
new_muon,"new Muon, horizon optimized",sgd_momentum_muon,horizon_optimized,fc2,18,alpha,3,2.082275,0.104155,0.060134,0.258734,1.823541,2.341009,2.01762,2.202426
new_muon,"new Muon, horizon optimized",sgd_momentum_muon,horizon_optimized,fc2,19,alpha,3,3.715349,2.979247,1.720069,7.40086,-3.68551,11.116209,1.990791,7.155484
new_muon,"new Muon, horizon optimized",sgd_momentum_muon,horizon_optimized,fc2,20,alpha,3,1.991713,0.069099,0.039895,0.171652,1.820061,2.163365,1.944442,2.071015
new_muon,"new Muon, horizon optimized",sgd_momentum_muon,horizon_optimized,fc2,21,alpha,3,1.982636,0.069687,0.040234,0.173112,1.809524,2.155748,1.92533,2.06021
new_muon,"new Muon, horizon optimized",sgd_momentum_muon,horizon_optimized,fc2,22,alpha,3,1.938911,0.090606,0.052311,0.225077,1.713833,2.163988,1.861387,2.038516
new_muon,"new Muon, horizon optimized",sgd_momentum_muon,horizon_optimized,fc2,23,alpha,3,1.930199,0.107278,0.061937,0.266493,1.663707,2.196692,1.818182,2.032007
new_muon,"new Muon, horizon optimized",sgd_momentum_muon,horizon_optimized,fc2,24,alpha,3,1.92006,0.098859,0.057076,0.245578,1.674482,2.165638,1.814231,2.01003
new_muon,"new Muon, horizon optimized",sgd_momentum_muon,horizon_optimized,fc2,25,alpha,3,1.928247,0.032699,0.018879,0.081229,1.847018,2.009476,1.895073,1.960449
new_muon,"new Muon, horizon optimized",sgd_momentum_muon,horizon_optimized,fc2,26,alpha,3,1.918223,0.033626,0.019414,0.083532,1.834691,2.001755,1.896011,1.95691
new_muon,"new Muon, horizon optimized",sgd_momentum_muon,horizon_optimized,fc2,27,alpha,3,1.920293,0.040961,0.023649,0.101753,1.81854,2.022046,1.893511,1.967445
new_muon,"new Muon, horizon optimized",sgd_momentum_muon,horizon_optimized,fc2,28,alpha,3,1.926741,0.037608,0.021713,0.093423,1.833318,2.020165,1.897182,1.969072
new_muon,"new Muon, horizon optimized",sgd_momentum_muon,horizon_optimized,fc2,29,alpha,3,1.925992,0.038594,0.022282,0.095873,1.830119,2.021866,1.896326,1.969625
new_muon,"new Muon, horizon optimized",sgd_momentum_muon,horizon_optimized,fc2,30,alpha,3,1.912743,0.036464,0.021053,0.090583,1.82216,2.003325,1.888591,1.954688
new_muon,"new Muon, horizon optimized",sgd_momentum_muon,horizon_optimized,fc3,0,alpha,3,7.368381,0.581824,0.335916,1.44533,5.923051,8.813712,6.700321,7.763975
new_muon,"new Muon, horizon optimized",sgd_momentum_muon,horizon_optimized,fc3,1,alpha,3,6.993247,0.434309,0.250748,1.078883,5.914364,8.072129,6.659664,7.484331
new_muon,"new Muon, horizon optimized",sgd_momentum_muon,horizon_optimized,fc3,2,alpha,3,6.395655,0.832216,0.48048,2.06734,4.328315,8.462995,5.453219,7.029491
new_muon,"new Muon, horizon optimized",sgd_momentum_muon,horizon_optimized,fc3,3,alpha,3,5.580579,1.237867,0.714683,3.075033,2.505546,8.655612,4.251928,6.701337
new_muon,"new Muon, horizon optimized",sgd_momentum_muon,horizon_optimized,fc3,4,alpha,3,6.219032,0.244046,0.1409,0.606244,5.612788,6.825276,5.942171,6.402954
new_muon,"new Muon, horizon optimized",sgd_momentum_muon,horizon_optimized,fc3,5,alpha,3,5.39573,1.026649,0.592736,2.550336,2.845394,7.946067,4.210905,6.022049
new_muon,"new Muon, horizon optimized",sgd_momentum_muon,horizon_optimized,fc3,6,alpha,3,5.990123,0.139003,0.080253,0.345302,5.644821,6.335426,5.838784,6.112097
new_muon,"new Muon, horizon optimized",sgd_momentum_muon,horizon_optimized,fc3,7,alpha,3,5.957045,0.205788,0.118812,0.511206,5.445839,6.468251,5.725321,6.118478
new_muon,"new Muon, horizon optimized",sgd_momentum_muon,horizon_optimized,fc3,8,alpha,3,5.679645,0.251579,0.145249,0.624958,5.054687,6.304603,5.422797,5.925603
new_muon,"new Muon, horizon optimized",sgd_momentum_muon,horizon_optimized,fc3,9,alpha,3,5.540381,0.182448,0.105336,0.453225,5.087156,5.993606,5.429782,5.750965
new_muon,"new Muon, horizon optimized",sgd_momentum_muon,horizon_optimized,fc3,10,alpha,3,5.520129,0.198571,0.114645,0.493278,5.026851,6.013407,5.315975,5.712601
new_muon,"new Muon, horizon optimized",sgd_momentum_muon,horizon_optimized,fc3,11,alpha,3,5.395707,0.093631,0.054058,0.232592,5.163115,5.628299,5.337391,5.503707
new_muon,"new Muon, horizon optimized",sgd_momentum_muon,horizon_optimized,fc3,12,alpha,3,5.650314,0.414794,0.239481,1.030405,4.619909,6.680719,5.392179,6.128779
new_muon,"new Muon, horizon optimized",sgd_momentum_muon,horizon_optimized,fc3,13,alpha,3,5.702911,0.571885,0.330178,1.420641,4.282269,7.123552,5.359003,6.363074
new_muon,"new Muon, horizon optimized",sgd_momentum_muon,horizon_optimized,fc3,14,alpha,3,5.684033,0.614851,0.354984,1.527374,4.156659,7.211407,5.231263,6.384012
new_muon,"new Muon, horizon optimized",sgd_momentum_muon,horizon_optimized,fc3,15,alpha,3,5.575455,0.512047,0.295631,1.271996,4.30346,6.847451,5.150692,6.144031
new_muon,"new Muon, horizon optimized",sgd_momentum_muon,horizon_optimized,fc3,16,alpha,3,5.56718,0.453686,0.261936,1.127019,4.440161,6.694199,5.239423,6.084983
new_muon,"new Muon, horizon optimized",sgd_momentum_muon,horizon_optimized,fc3,17,alpha,3,5.56112,0.337317,0.19475,0.837942,4.723178,6.399062,5.324846,5.947424
new_muon,"new Muon, horizon optimized",sgd_momentum_muon,horizon_optimized,fc3,18,alpha,3,5.523602,0.40989,0.23665,1.018224,4.505377,6.541826,5.28639,5.996902
new_muon,"new Muon, horizon optimized",sgd_momentum_muon,horizon_optimized,fc3,19,alpha,3,5.497407,0.397887,0.22972,0.988406,4.509001,6.485812,5.237439,5.955455
new_muon,"new Muon, horizon optimized",sgd_momentum_muon,horizon_optimized,fc3,20,alpha,3,5.201697,0.867279,0.500724,2.15444,3.047257,7.356137,4.275875,5.995233
new_muon,"new Muon, horizon optimized",sgd_momentum_muon,horizon_optimized,fc3,21,alpha,3,5.211595,0.825806,0.476779,2.051416,3.160179,7.263012,4.302553,5.915492
new_muon,"new Muon, horizon optimized",sgd_momentum_muon,horizon_optimized,fc3,22,alpha,3,4.989176,0.623266,0.359843,1.54828,3.440896,6.537456,4.271798,5.39774
new_muon,"new Muon, horizon optimized",sgd_momentum_muon,horizon_optimized,fc3,23,alpha,3,5.003268,0.619561,0.357704,1.539076,3.464193,6.542344,4.289031,5.395809
new_muon,"new Muon, horizon optimized",sgd_momentum_muon,horizon_optimized,fc3,24,alpha,3,5.017023,0.627359,0.362206,1.558445,3.458577,6.575468,4.293635,5.41206
new_muon,"new Muon, horizon optimized",sgd_momentum_muon,horizon_optimized,fc3,25,alpha,3,5.028862,0.64094,0.370047,1.592183,3.436679,6.621045,4.290283,5.439129
new_muon,"new Muon, horizon optimized",sgd_momentum_muon,horizon_optimized,fc3,26,alpha,3,5.032047,0.647,0.373546,1.607237,3.42481,6.639284,4.286511,5.446532
new_muon,"new Muon, horizon optimized",sgd_momentum_muon,horizon_optimized,fc3,27,alpha,3,5.032242,0.651094,0.375909,1.617408,3.414834,6.649649,4.281869,5.447797
new_muon,"new Muon, horizon optimized",sgd_momentum_muon,horizon_optimized,fc3,28,alpha,3,5.226743,0.859677,0.496334,2.135555,3.091188,7.362298,4.277917,5.953824
new_muon,"new Muon, horizon optimized",sgd_momentum_muon,horizon_optimized,fc3,29,alpha,3,5.23842,0.877986,0.506905,2.181037,3.057383,7.419458,4.274673,5.992787
new_muon,"new Muon, horizon optimized",sgd_momentum_muon,horizon_optimized,fc3,30,alpha,3,5.247207,0.892302,0.515171,2.2166,3.030607,7.463807,4.272028,6.022844
old_muon,old Muon + aux AdamW,sgd_momentum_muon,old,fc1,0,alpha,3,11.646882,7.859929,4.537932,19.525145,-7.878264,31.172027,6.148255,20.649379
old_muon,old Muon + aux AdamW,sgd_momentum_muon,old,fc1,1,alpha,3,5.970654,1.819703,1.050606,4.520393,1.450261,10.491048,4.318084,7.920807
old_muon,old Muon + aux AdamW,sgd_momentum_muon,old,fc1,2,alpha,3,8.301256,4.31853,2.493304,10.727823,-2.426567,19.029079,5.806003,13.287865
old_muon,old Muon + aux AdamW,sgd_momentum_muon,old,fc1,3,alpha,3,5.584869,1.483171,0.856309,3.6844,1.900469,9.269269,4.007736,6.951608
old_muon,old Muon + aux AdamW,sgd_momentum_muon,old,fc1,4,alpha,3,8.705946,2.29619,1.325706,5.704051,3.001895,14.409997,6.708801,11.214832
old_muon,old Muon + aux AdamW,sgd_momentum_muon,old,fc1,5,alpha,3,4.247905,0.501822,0.289727,1.246595,3.001309,5.4945,3.847211,4.810755
old_muon,old Muon + aux AdamW,sgd_momentum_muon,old,fc1,6,alpha,3,3.781921,1.079678,0.623353,2.68207,1.099851,6.46399,3.071278,5.024341
old_muon,old Muon + aux AdamW,sgd_momentum_muon,old,fc1,7,alpha,3,3.75914,0.713506,0.411943,1.772448,1.986692,5.531588,3.137458,4.538196
old_muon,old Muon + aux AdamW,sgd_momentum_muon,old,fc1,8,alpha,3,3.996472,1.160112,0.669791,2.881877,1.114595,6.878349,3.041531,5.28753
old_muon,old Muon + aux AdamW,sgd_momentum_muon,old,fc1,9,alpha,3,2.900165,0.297477,0.171748,0.738973,2.161192,3.639138,2.556687,3.075012
old_muon,old Muon + aux AdamW,sgd_momentum_muon,old,fc1,10,alpha,3,3.20647,0.610192,0.352295,1.515802,1.690669,4.722272,2.502832,3.58999
old_muon,old Muon + aux AdamW,sgd_momentum_muon,old,fc1,11,alpha,3,3.543084,0.489488,0.282606,1.215955,2.327129,4.759039,3.148479,4.090834
old_muon,old Muon + aux AdamW,sgd_momentum_muon,old,fc1,12,alpha,3,3.417668,0.188732,0.108964,0.468836,2.948832,3.886504,3.224004,3.601047
old_muon,old Muon + aux AdamW,sgd_momentum_muon,old,fc1,13,alpha,3,3.177589,0.177548,0.102508,0.441055,2.736534,3.618644,3.066264,3.382344
old_muon,old Muon + aux AdamW,sgd_momentum_muon,old,fc1,14,alpha,3,2.95256,0.156023,0.09008,0.387583,2.564976,3.340143,2.781073,3.086132
old_muon,old Muon + aux AdamW,sgd_momentum_muon,old,fc1,15,alpha,3,2.674417,0.444335,0.256537,1.10379,1.570627,3.778207,2.183953,3.050102
old_muon,old Muon + aux AdamW,sgd_momentum_muon,old,fc1,16,alpha,3,2.664918,0.464448,0.268149,1.153753,1.511165,3.818671,2.161249,3.076284
old_muon,old Muon + aux AdamW,sgd_momentum_muon,old,fc1,17,alpha,3,2.678965,0.436142,0.251807,1.083437,1.595528,3.762402,2.194303,3.039816
old_muon,old Muon + aux AdamW,sgd_momentum_muon,old,fc1,18,alpha,3,3.355815,1.69454,0.978343,4.209471,-0.853656,7.565287,2.018458,5.261455
old_muon,old Muon + aux AdamW,sgd_momentum_muon,old,fc1,19,alpha,3,2.469202,0.368389,0.212689,0.915129,1.554073,3.38433,2.044481,2.702047
old_muon,old Muon + aux AdamW,sgd_momentum_muon,old,fc1,20,alpha,3,2.454922,0.372385,0.214997,0.925057,1.529865,3.379979,2.025332,2.685837
old_muon,old Muon + aux AdamW,sgd_momentum_muon,old,fc1,21,alpha,3,2.46112,0.370026,0.213635,0.919195,1.541925,3.380315,2.033884,2.679337
old_muon,old Muon + aux AdamW,sgd_momentum_muon,old,fc1,22,alpha,3,2.42827,0.360667,0.208231,0.895946,1.532325,3.324216,2.011872,2.642792
old_muon,old Muon + aux AdamW,sgd_momentum_muon,old,fc1,23,alpha,3,2.401873,0.331768,0.191546,0.824157,1.577715,3.22603,2.023636,2.643647
old_muon,old Muon + aux AdamW,sgd_momentum_muon,old,fc1,24,alpha,3,2.482048,0.389719,0.225004,0.968116,1.513933,3.450164,2.034687,2.747937
old_muon,old Muon + aux AdamW,sgd_momentum_muon,old,fc1,25,alpha,3,2.399599,0.344635,0.198975,0.856122,1.543477,3.25572,2.007308,2.653661
old_muon,old Muon + aux AdamW,sgd_momentum_muon,old,fc1,26,alpha,3,2.461191,0.396959,0.229185,0.986101,1.47509,3.447293,2.004419,2.722683
old_muon,old Muon + aux AdamW,sgd_momentum_muon,old,fc1,27,alpha,3,2.41608,0.369769,0.213486,0.918558,1.497523,3.334638,1.999754,2.706302
old_muon,old Muon + aux AdamW,sgd_momentum_muon,old,fc1,28,alpha,3,2.34038,0.304239,0.175652,0.755771,1.584609,3.096151,1.993671,2.562787
old_muon,old Muon + aux AdamW,sgd_momentum_muon,old,fc1,29,alpha,3,2.370355,0.343061,0.198067,0.852212,1.518144,3.222567,1.97864,2.617307
old_muon,old Muon + aux AdamW,sgd_momentum_muon,old,fc1,30,alpha,3,2.334318,0.356584,0.205874,0.885804,1.448515,3.220122,1.993871,2.705101
old_muon,old Muon + aux AdamW,sgd_momentum_muon,old,fc2,0,alpha,3,11.078705,4.342865,2.507354,10.788274,0.290431,21.86698,6.52113,15.169082
old_muon,old Muon + aux AdamW,sgd_momentum_muon,old,fc2,1,alpha,3,7.238348,1.373684,0.793097,3.41242,3.825927,10.650768,6.067293,8.750417
old_muon,old Muon + aux AdamW,sgd_momentum_muon,old,fc2,2,alpha,3,8.386766,1.178487,0.6804,2.927524,5.459243,11.31429,7.43948,9.70647
old_muon,old Muon + aux AdamW,sgd_momentum_muon,old,fc2,3,alpha,3,7.696251,1.856815,1.072033,4.612585,3.083666,12.308835,5.718322,9.401882
old_muon,old Muon + aux AdamW,sgd_momentum_muon,old,fc2,4,alpha,3,4.6113,1.633299,0.942985,4.057338,0.553961,8.668638,3.386155,6.465616
old_muon,old Muon + aux AdamW,sgd_momentum_muon,old,fc2,5,alpha,3,5.377438,2.518176,1.453869,6.255495,-0.878058,11.632933,3.232906,8.150276
old_muon,old Muon + aux AdamW,sgd_momentum_muon,old,fc2,6,alpha,3,4.500212,0.852907,0.492426,2.118739,2.381474,6.618951,3.724984,5.413865
old_muon,old Muon + aux AdamW,sgd_momentum_muon,old,fc2,7,alpha,3,5.523946,3.971485,2.292938,9.865715,-4.341769,15.389662,2.91604,10.094673
old_muon,old Muon + aux AdamW,sgd_momentum_muon,old,fc2,8,alpha,3,3.375927,0.097055,0.056035,0.241099,3.134828,3.617025,3.263988,3.436587
old_muon,old Muon + aux AdamW,sgd_momentum_muon,old,fc2,9,alpha,3,5.191434,3.682495,2.12609,9.147826,-3.956392,14.339259,2.770675,9.429307
old_muon,old Muon + aux AdamW,sgd_momentum_muon,old,fc2,10,alpha,3,5.052731,3.436852,1.984267,8.537613,-3.484883,13.590344,2.974772,9.019767
old_muon,old Muon + aux AdamW,sgd_momentum_muon,old,fc2,11,alpha,3,4.669915,3.046666,1.758993,7.568337,-2.898422,12.238252,2.694542,8.178633
old_muon,old Muon + aux AdamW,sgd_momentum_muon,old,fc2,12,alpha,3,8.92434,5.207215,3.006387,12.93544,-4.0111,21.85978,3.063118,13.016694
old_muon,old Muon + aux AdamW,sgd_momentum_muon,old,fc2,13,alpha,3,2.631732,0.172294,0.099474,0.428002,2.20373,3.059734,2.465881,2.809817
old_muon,old Muon + aux AdamW,sgd_momentum_muon,old,fc2,14,alpha,3,2.822222,0.133917,0.077317,0.332668,2.489555,3.15489,2.738951,2.976699
old_muon,old Muon + aux AdamW,sgd_momentum_muon,old,fc2,15,alpha,3,2.626634,0.238299,0.137582,0.591967,2.034667,3.218602,2.435791,2.893726
old_muon,old Muon + aux AdamW,sgd_momentum_muon,old,fc2,16,alpha,3,2.716524,0.162793,0.093989,0.404401,2.312123,3.120925,2.531613,2.838267
old_muon,old Muon + aux AdamW,sgd_momentum_muon,old,fc2,17,alpha,3,2.463201,0.162751,0.093964,0.404296,2.058904,2.867497,2.293726,2.618271
old_muon,old Muon + aux AdamW,sgd_momentum_muon,old,fc2,18,alpha,3,2.381495,0.193759,0.111867,0.481325,1.90017,2.86282,2.161043,2.524789
old_muon,old Muon + aux AdamW,sgd_momentum_muon,old,fc2,19,alpha,3,2.385982,0.152681,0.08815,0.37928,2.006702,2.765262,2.211119,2.492871
old_muon,old Muon + aux AdamW,sgd_momentum_muon,old,fc2,20,alpha,3,2.486005,0.064208,0.037071,0.159502,2.326504,2.645507,2.438369,2.559025
old_muon,old Muon + aux AdamW,sgd_momentum_muon,old,fc2,21,alpha,3,2.37046,0.130825,0.075532,0.324986,2.045474,2.695446,2.2203,2.459822
old_muon,old Muon + aux AdamW,sgd_momentum_muon,old,fc2,22,alpha,3,2.237447,0.210913,0.121771,0.523938,1.713509,2.761384,2.086434,2.478424
old_muon,old Muon + aux AdamW,sgd_momentum_muon,old,fc2,23,alpha,3,2.369402,0.164969,0.095245,0.409805,1.959597,2.779207,2.210534,2.53986
old_muon,old Muon + aux AdamW,sgd_momentum_muon,old,fc2,24,alpha,3,2.334803,0.126455,0.073009,0.314132,2.020671,2.648935,2.203104,2.455264
old_muon,old Muon + aux AdamW,sgd_momentum_muon,old,fc2,25,alpha,3,2.328706,0.128152,0.073989,0.318348,2.010358,2.647054,2.193034,2.447707
old_muon,old Muon + aux AdamW,sgd_momentum_muon,old,fc2,26,alpha,3,2.252325,0.156638,0.090435,0.38911,1.863216,2.641435,2.126305,2.427695
old_muon,old Muon + aux AdamW,sgd_momentum_muon,old,fc2,27,alpha,3,2.243444,0.157197,0.090758,0.390499,1.852945,2.633943,2.126932,2.422239
old_muon,old Muon + aux AdamW,sgd_momentum_muon,old,fc2,28,alpha,3,2.240742,0.158172,0.091321,0.392922,1.847821,2.633664,2.122875,2.420502
old_muon,old Muon + aux AdamW,sgd_momentum_muon,old,fc2,29,alpha,3,2.243275,0.155985,0.090058,0.387488,1.855787,2.630762,2.115301,2.417026
old_muon,old Muon + aux AdamW,sgd_momentum_muon,old,fc2,30,alpha,3,2.235272,0.156982,0.090634,0.389966,1.845306,2.625238,2.112123,2.412039
old_muon,old Muon + aux AdamW,sgd_momentum_muon,old,fc3,0,alpha,3,7.368381,0.581824,0.335916,1.44533,5.923051,8.813712,6.700321,7.763975
old_muon,old Muon + aux AdamW,sgd_momentum_muon,old,fc3,1,alpha,3,7.036278,0.578261,0.333859,1.436479,5.599799,8.472756,6.683816,7.703643
old_muon,old Muon + aux AdamW,sgd_momentum_muon,old,fc3,2,alpha,3,6.596493,0.174534,0.100767,0.433567,6.162925,7.03006,6.445821,6.787741
old_muon,old Muon + aux AdamW,sgd_momentum_muon,old,fc3,3,alpha,3,6.07937,1.25219,0.722952,3.110613,2.968757,9.189984,4.678783,7.090705
old_muon,old Muon + aux AdamW,sgd_momentum_muon,old,fc3,4,alpha,3,6.220627,0.948749,0.54776,2.356823,3.863804,8.57745,5.404599,7.261648
old_muon,old Muon + aux AdamW,sgd_momentum_muon,old,fc3,5,alpha,3,5.83795,1.298333,0.749593,3.225237,2.612713,9.063186,4.625838,7.208045
old_muon,old Muon + aux AdamW,sgd_momentum_muon,old,fc3,6,alpha,3,5.463134,1.412253,0.815365,3.508232,1.954902,8.971367,4.64338,7.093856
old_muon,old Muon + aux AdamW,sgd_momentum_muon,old,fc3,7,alpha,3,5.147437,1.292872,0.74644,3.211671,1.935766,8.359108,4.327244,6.637801
old_muon,old Muon + aux AdamW,sgd_momentum_muon,old,fc3,8,alpha,3,5.08902,1.341637,0.774595,3.332812,1.756208,8.421832,4.166003,6.628035
old_muon,old Muon + aux AdamW,sgd_momentum_muon,old,fc3,9,alpha,3,4.863619,1.213556,0.700647,3.01464,1.848979,7.878259,4.033216,6.256338
old_muon,old Muon + aux AdamW,sgd_momentum_muon,old,fc3,10,alpha,3,4.788974,1.172265,0.676808,2.912068,1.876905,7.701042,4.037514,6.139736
old_muon,old Muon + aux AdamW,sgd_momentum_muon,old,fc3,11,alpha,3,4.549742,0.992657,0.573111,2.465896,2.083845,7.015638,3.888406,5.691177
old_muon,old Muon + aux AdamW,sgd_momentum_muon,old,fc3,12,alpha,3,4.515891,0.935677,0.540213,2.324351,2.19154,6.840241,3.863663,5.587954
old_muon,old Muon + aux AdamW,sgd_momentum_muon,old,fc3,13,alpha,3,4.473719,0.922545,0.532632,2.291729,2.18199,6.765449,3.84305,5.532547
old_muon,old Muon + aux AdamW,sgd_momentum_muon,old,fc3,14,alpha,3,4.440766,0.930729,0.537357,2.31206,2.128705,6.752826,3.866342,5.514607
old_muon,old Muon + aux AdamW,sgd_momentum_muon,old,fc3,15,alpha,3,4.418194,0.88818,0.512791,2.206362,2.211832,6.624555,3.823214,5.439122
old_muon,old Muon + aux AdamW,sgd_momentum_muon,old,fc3,16,alpha,3,4.423735,0.943475,0.544716,2.343722,2.080013,6.767457,3.787261,5.507688
old_muon,old Muon + aux AdamW,sgd_momentum_muon,old,fc3,17,alpha,3,4.384906,0.865936,0.499949,2.151105,2.2338,6.536011,3.820469,5.381899
old_muon,old Muon + aux AdamW,sgd_momentum_muon,old,fc3,18,alpha,3,4.362371,0.873606,0.504376,2.170157,2.192214,6.532528,3.753407,5.363315
old_muon,old Muon + aux AdamW,sgd_momentum_muon,old,fc3,19,alpha,3,4.365058,0.846719,0.488854,2.103368,2.261691,6.468426,3.794066,5.337875
old_muon,old Muon + aux AdamW,sgd_momentum_muon,old,fc3,20,alpha,3,4.556151,0.712836,0.411556,1.770784,2.785367,6.326934,3.97066,5.349931
old_muon,old Muon + aux AdamW,sgd_momentum_muon,old,fc3,21,alpha,3,4.520173,0.654913,0.378114,1.626894,2.893279,6.147067,4.01048,5.258828
old_muon,old Muon + aux AdamW,sgd_momentum_muon,old,fc3,22,alpha,3,4.517419,0.65314,0.377091,1.62249,2.894929,6.13991,4.012176,5.254953
old_muon,old Muon + aux AdamW,sgd_momentum_muon,old,fc3,23,alpha,3,4.339073,0.759693,0.438609,1.887182,2.451891,6.226255,3.790318,5.206143
old_muon,old Muon + aux AdamW,sgd_momentum_muon,old,fc3,24,alpha,3,4.523144,0.622492,0.359396,1.546356,2.976788,6.0695,4.031164,5.222965
old_muon,old Muon + aux AdamW,sgd_momentum_muon,old,fc3,25,alpha,3,4.555268,0.64345,0.371496,1.598418,2.95685,6.153686,4.055255,5.281213
old_muon,old Muon + aux AdamW,sgd_momentum_muon,old,fc3,26,alpha,3,4.564241,0.63789,0.368286,1.584607,2.979633,6.148848,4.064995,5.282872
old_muon,old Muon + aux AdamW,sgd_momentum_muon,old,fc3,27,alpha,3,4.569921,0.653906,0.377533,1.624392,2.945529,6.194313,4.06816,5.309442
old_muon,old Muon + aux AdamW,sgd_momentum_muon,old,fc3,28,alpha,3,4.579043,0.660304,0.381226,1.640285,2.938758,6.219328,4.0704,5.325261
old_muon,old Muon + aux AdamW,sgd_momentum_muon,old,fc3,29,alpha,3,4.580201,0.660964,0.381608,1.641926,2.938275,6.222127,4.070533,5.327024
old_muon,old Muon + aux AdamW,sgd_momentum_muon,old,fc3,30,alpha,3,4.581465,0.658707,0.380304,1.636318,2.945147,6.217783,4.071766,5.325241
new_adamw,"new AdamW, horizon optimized",adamw,horizon_optimized,fc1,0,m_midpoint,3,224.0,14.106736,8.144528,35.043075,188.956925,259.043075,209.0,237.0
new_adamw,"new AdamW, horizon optimized",adamw,horizon_optimized,fc1,1,m_midpoint,3,218.0,10.392305,6.0,25.815916,192.184084,243.815916,212.0,230.0
new_adamw,"new AdamW, horizon optimized",adamw,horizon_optimized,fc1,2,m_midpoint,3,214.333333,3.785939,2.185813,9.404794,204.92854,223.738127,210.0,217.0
new_adamw,"new AdamW, horizon optimized",adamw,horizon_optimized,fc1,3,m_midpoint,3,216.666667,2.081666,1.20185,5.171145,211.495522,221.837812,215.0,219.0
new_adamw,"new AdamW, horizon optimized",adamw,horizon_optimized,fc1,4,m_midpoint,3,220.666667,1.527525,0.881917,3.794583,216.872084,224.46125,219.0,222.0
new_adamw,"new AdamW, horizon optimized",adamw,horizon_optimized,fc1,5,m_midpoint,3,223.666667,2.081666,1.20185,5.171145,218.495522,228.837812,222.0,226.0
new_adamw,"new AdamW, horizon optimized",adamw,horizon_optimized,fc1,6,m_midpoint,3,226.666667,2.081666,1.20185,5.171145,221.495522,231.837812,225.0,229.0
new_adamw,"new AdamW, horizon optimized",adamw,horizon_optimized,fc1,7,m_midpoint,3,227.0,3.464102,2.0,8.605305,218.394695,235.605305,225.0,231.0
new_adamw,"new AdamW, horizon optimized",adamw,horizon_optimized,fc1,8,m_midpoint,3,228.0,1.732051,1.0,4.302653,223.697347,232.302653,227.0,230.0
new_adamw,"new AdamW, horizon optimized",adamw,horizon_optimized,fc1,9,m_midpoint,3,229.666667,1.154701,0.666667,2.868435,226.798232,232.535102,229.0,231.0
new_adamw,"new AdamW, horizon optimized",adamw,horizon_optimized,fc1,10,m_midpoint,3,231.0,2.645751,1.527525,6.572411,224.427589,237.572411,229.0,234.0
new_adamw,"new AdamW, horizon optimized",adamw,horizon_optimized,fc1,11,m_midpoint,3,231.0,4.358899,2.516611,10.828105,220.171895,241.828105,226.0,234.0
new_adamw,"new AdamW, horizon optimized",adamw,horizon_optimized,fc1,12,m_midpoint,3,232.333333,4.725816,2.728451,11.739577,220.593757,244.07291,227.0,236.0
new_adamw,"new AdamW, horizon optimized",adamw,horizon_optimized,fc1,13,m_midpoint,3,232.666667,5.131601,2.962731,12.747605,219.919062,245.414271,227.0,237.0
new_adamw,"new AdamW, horizon optimized",adamw,horizon_optimized,fc1,14,m_midpoint,3,234.333333,1.527525,0.881917,3.794583,230.53875,238.127916,233.0,236.0
new_adamw,"new AdamW, horizon optimized",adamw,horizon_optimized,fc1,15,m_midpoint,3,234.666667,1.527525,0.881917,3.794583,230.872084,238.46125,233.0,236.0
new_adamw,"new AdamW, horizon optimized",adamw,horizon_optimized,fc1,16,m_midpoint,3,235.0,1.0,0.57735,2.484138,232.515862,237.484138,234.0,236.0
new_adamw,"new AdamW, horizon optimized",adamw,horizon_optimized,fc1,17,m_midpoint,3,235.666667,0.57735,0.333333,1.434218,234.232449,237.100884,235.0,236.0
new_adamw,"new AdamW, horizon optimized",adamw,horizon_optimized,fc1,18,m_midpoint,3,235.666667,0.57735,0.333333,1.434218,234.232449,237.100884,235.0,236.0
new_adamw,"new AdamW, horizon optimized",adamw,horizon_optimized,fc1,19,m_midpoint,3,235.0,1.0,0.57735,2.484138,232.515862,237.484138,234.0,236.0
new_adamw,"new AdamW, horizon optimized",adamw,horizon_optimized,fc1,20,m_midpoint,3,235.333333,1.154701,0.666667,2.868435,232.464898,238.201768,234.0,236.0
new_adamw,"new AdamW, horizon optimized",adamw,horizon_optimized,fc1,21,m_midpoint,3,235.333333,1.154701,0.666667,2.868435,232.464898,238.201768,234.0,236.0
new_adamw,"new AdamW, horizon optimized",adamw,horizon_optimized,fc1,22,m_midpoint,3,235.333333,1.154701,0.666667,2.868435,232.464898,238.201768,234.0,236.0
new_adamw,"new AdamW, horizon optimized",adamw,horizon_optimized,fc1,23,m_midpoint,3,235.333333,1.154701,0.666667,2.868435,232.464898,238.201768,234.0,236.0
new_adamw,"new AdamW, horizon optimized",adamw,horizon_optimized,fc1,24,m_midpoint,3,235.333333,1.154701,0.666667,2.868435,232.464898,238.201768,234.0,236.0
new_adamw,"new AdamW, horizon optimized",adamw,horizon_optimized,fc1,25,m_midpoint,3,235.333333,1.154701,0.666667,2.868435,232.464898,238.201768,234.0,236.0
new_adamw,"new AdamW, horizon optimized",adamw,horizon_optimized,fc1,26,m_midpoint,3,235.666667,0.57735,0.333333,1.434218,234.232449,237.100884,235.0,236.0
new_adamw,"new AdamW, horizon optimized",adamw,horizon_optimized,fc1,27,m_midpoint,3,235.333333,1.154701,0.666667,2.868435,232.464898,238.201768,234.0,236.0
new_adamw,"new AdamW, horizon optimized",adamw,horizon_optimized,fc1,28,m_midpoint,3,235.666667,0.57735,0.333333,1.434218,234.232449,237.100884,235.0,236.0
new_adamw,"new AdamW, horizon optimized",adamw,horizon_optimized,fc1,29,m_midpoint,3,235.666667,0.57735,0.333333,1.434218,234.232449,237.100884,235.0,236.0
new_adamw,"new AdamW, horizon optimized",adamw,horizon_optimized,fc1,30,m_midpoint,3,235.666667,0.57735,0.333333,1.434218,234.232449,237.100884,235.0,236.0
new_adamw,"new AdamW, horizon optimized",adamw,horizon_optimized,fc2,0,m_midpoint,3,203.0,8.888194,5.131601,22.079499,180.920501,225.079499,196.0,213.0
new_adamw,"new AdamW, horizon optimized",adamw,horizon_optimized,fc2,1,m_midpoint,3,204.0,6.244998,3.605551,15.513435,188.486565,219.513435,197.0,209.0
new_adamw,"new AdamW, horizon optimized",adamw,horizon_optimized,fc2,2,m_midpoint,3,200.0,3.464102,2.0,8.605305,191.394695,208.605305,196.0,202.0
new_adamw,"new AdamW, horizon optimized",adamw,horizon_optimized,fc2,3,m_midpoint,3,199.0,2.0,1.154701,4.968275,194.031725,203.968275,197.0,201.0
new_adamw,"new AdamW, horizon optimized",adamw,horizon_optimized,fc2,4,m_midpoint,3,199.666667,2.309401,1.333333,5.73687,193.929796,205.403537,197.0,201.0
new_adamw,"new AdamW, horizon optimized",adamw,horizon_optimized,fc2,5,m_midpoint,3,203.333333,1.527525,0.881917,3.794583,199.53875,207.127916,202.0,205.0
new_adamw,"new AdamW, horizon optimized",adamw,horizon_optimized,fc2,6,m_midpoint,3,209.0,1.0,0.57735,2.484138,206.515862,211.484138,208.0,210.0
new_adamw,"new AdamW, horizon optimized",adamw,horizon_optimized,fc2,7,m_midpoint,3,210.333333,1.154701,0.666667,2.868435,207.464898,213.201768,209.0,211.0
new_adamw,"new AdamW, horizon optimized",adamw,horizon_optimized,fc2,8,m_midpoint,3,210.666667,1.527525,0.881917,3.794583,206.872084,214.46125,209.0,212.0
new_adamw,"new AdamW, horizon optimized",adamw,horizon_optimized,fc2,9,m_midpoint,3,210.666667,0.57735,0.333333,1.434218,209.232449,212.100884,210.0,211.0
new_adamw,"new AdamW, horizon optimized",adamw,horizon_optimized,fc2,10,m_midpoint,3,211.0,1.0,0.57735,2.484138,208.515862,213.484138,210.0,212.0
new_adamw,"new AdamW, horizon optimized",adamw,horizon_optimized,fc2,11,m_midpoint,3,211.666667,3.785939,2.185813,9.404794,202.261873,221.07146,209.0,216.0
new_adamw,"new AdamW, horizon optimized",adamw,horizon_optimized,fc2,12,m_midpoint,3,212.666667,3.05505,1.763834,7.589166,205.077501,220.255833,210.0,216.0
new_adamw,"new AdamW, horizon optimized",adamw,horizon_optimized,fc2,13,m_midpoint,3,212.333333,2.081666,1.20185,5.171145,207.162188,217.504478,210.0,214.0
new_adamw,"new AdamW, horizon optimized",adamw,horizon_optimized,fc2,14,m_midpoint,3,213.333333,4.041452,2.333333,10.039523,203.29381,223.372856,209.0,217.0
new_adamw,"new AdamW, horizon optimized",adamw,horizon_optimized,fc2,15,m_midpoint,3,214.0,5.0,2.886751,12.420689,201.579311,226.420689,209.0,219.0
new_adamw,"new AdamW, horizon optimized",adamw,horizon_optimized,fc2,16,m_midpoint,3,213.666667,4.50925,2.603417,11.201597,202.465069,224.868264,209.0,218.0
new_adamw,"new AdamW, horizon optimized",adamw,horizon_optimized,fc2,17,m_midpoint,3,213.333333,4.50925,2.603417,11.201597,202.131736,224.534931,209.0,218.0
new_adamw,"new AdamW, horizon optimized",adamw,horizon_optimized,fc2,18,m_midpoint,3,213.333333,4.50925,2.603417,11.201597,202.131736,224.534931,209.0,218.0
new_adamw,"new AdamW, horizon optimized",adamw,horizon_optimized,fc2,19,m_midpoint,3,213.0,4.0,2.309401,9.936551,203.063449,222.936551,209.0,217.0
new_adamw,"new AdamW, horizon optimized",adamw,horizon_optimized,fc2,20,m_midpoint,3,213.666667,3.05505,1.763834,7.589166,206.077501,221.255833,211.0,217.0
new_adamw,"new AdamW, horizon optimized",adamw,horizon_optimized,fc2,21,m_midpoint,3,213.666667,3.05505,1.763834,7.589166,206.077501,221.255833,211.0,217.0
new_adamw,"new AdamW, horizon optimized",adamw,horizon_optimized,fc2,22,m_midpoint,3,213.666667,3.05505,1.763834,7.589166,206.077501,221.255833,211.0,217.0
new_adamw,"new AdamW, horizon optimized",adamw,horizon_optimized,fc2,23,m_midpoint,3,213.666667,3.05505,1.763834,7.589166,206.077501,221.255833,211.0,217.0
new_adamw,"new AdamW, horizon optimized",adamw,horizon_optimized,fc2,24,m_midpoint,3,213.666667,3.05505,1.763834,7.589166,206.077501,221.255833,211.0,217.0
new_adamw,"new AdamW, horizon optimized",adamw,horizon_optimized,fc2,25,m_midpoint,3,213.666667,3.05505,1.763834,7.589166,206.077501,221.255833,211.0,217.0
new_adamw,"new AdamW, horizon optimized",adamw,horizon_optimized,fc2,26,m_midpoint,3,213.666667,3.05505,1.763834,7.589166,206.077501,221.255833,211.0,217.0
new_adamw,"new AdamW, horizon optimized",adamw,horizon_optimized,fc2,27,m_midpoint,3,213.666667,3.05505,1.763834,7.589166,206.077501,221.255833,211.0,217.0
new_adamw,"new AdamW, horizon optimized",adamw,horizon_optimized,fc2,28,m_midpoint,3,213.666667,3.05505,1.763834,7.589166,206.077501,221.255833,211.0,217.0
new_adamw,"new AdamW, horizon optimized",adamw,horizon_optimized,fc2,29,m_midpoint,3,213.666667,3.05505,1.763834,7.589166,206.077501,221.255833,211.0,217.0
new_adamw,"new AdamW, horizon optimized",adamw,horizon_optimized,fc2,30,m_midpoint,3,213.666667,3.05505,1.763834,7.589166,206.077501,221.255833,211.0,217.0
new_adamw,"new AdamW, horizon optimized",adamw,horizon_optimized,fc3,0,m_midpoint,3,9.0,0.0,0.0,0.0,9.0,9.0,9.0,9.0
new_adamw,"new AdamW, horizon optimized",adamw,horizon_optimized,fc3,1,m_midpoint,3,9.0,0.0,0.0,0.0,9.0,9.0,9.0,9.0
new_adamw,"new AdamW, horizon optimized",adamw,horizon_optimized,fc3,2,m_midpoint,3,9.0,0.0,0.0,0.0,9.0,9.0,9.0,9.0
new_adamw,"new AdamW, horizon optimized",adamw,horizon_optimized,fc3,3,m_midpoint,3,9.0,0.0,0.0,0.0,9.0,9.0,9.0,9.0
new_adamw,"new AdamW, horizon optimized",adamw,horizon_optimized,fc3,4,m_midpoint,3,9.0,0.0,0.0,0.0,9.0,9.0,9.0,9.0
new_adamw,"new AdamW, horizon optimized",adamw,horizon_optimized,fc3,5,m_midpoint,3,9.0,0.0,0.0,0.0,9.0,9.0,9.0,9.0
new_adamw,"new AdamW, horizon optimized",adamw,horizon_optimized,fc3,6,m_midpoint,3,9.0,0.0,0.0,0.0,9.0,9.0,9.0,9.0
new_adamw,"new AdamW, horizon optimized",adamw,horizon_optimized,fc3,7,m_midpoint,3,9.0,0.0,0.0,0.0,9.0,9.0,9.0,9.0
new_adamw,"new AdamW, horizon optimized",adamw,horizon_optimized,fc3,8,m_midpoint,3,9.0,0.0,0.0,0.0,9.0,9.0,9.0,9.0
new_adamw,"new AdamW, horizon optimized",adamw,horizon_optimized,fc3,9,m_midpoint,3,9.0,0.0,0.0,0.0,9.0,9.0,9.0,9.0
new_adamw,"new AdamW, horizon optimized",adamw,horizon_optimized,fc3,10,m_midpoint,3,9.0,0.0,0.0,0.0,9.0,9.0,9.0,9.0
new_adamw,"new AdamW, horizon optimized",adamw,horizon_optimized,fc3,11,m_midpoint,3,9.0,0.0,0.0,0.0,9.0,9.0,9.0,9.0
new_adamw,"new AdamW, horizon optimized",adamw,horizon_optimized,fc3,12,m_midpoint,3,9.0,0.0,0.0,0.0,9.0,9.0,9.0,9.0
new_adamw,"new AdamW, horizon optimized",adamw,horizon_optimized,fc3,13,m_midpoint,3,9.0,0.0,0.0,0.0,9.0,9.0,9.0,9.0
new_adamw,"new AdamW, horizon optimized",adamw,horizon_optimized,fc3,14,m_midpoint,3,9.0,0.0,0.0,0.0,9.0,9.0,9.0,9.0
new_adamw,"new AdamW, horizon optimized",adamw,horizon_optimized,fc3,15,m_midpoint,3,9.0,0.0,0.0,0.0,9.0,9.0,9.0,9.0
new_adamw,"new AdamW, horizon optimized",adamw,horizon_optimized,fc3,16,m_midpoint,3,9.0,0.0,0.0,0.0,9.0,9.0,9.0,9.0
new_adamw,"new AdamW, horizon optimized",adamw,horizon_optimized,fc3,17,m_midpoint,3,9.0,0.0,0.0,0.0,9.0,9.0,9.0,9.0
new_adamw,"new AdamW, horizon optimized",adamw,horizon_optimized,fc3,18,m_midpoint,3,9.0,0.0,0.0,0.0,9.0,9.0,9.0,9.0
new_adamw,"new AdamW, horizon optimized",adamw,horizon_optimized,fc3,19,m_midpoint,3,9.0,0.0,0.0,0.0,9.0,9.0,9.0,9.0
new_adamw,"new AdamW, horizon optimized",adamw,horizon_optimized,fc3,20,m_midpoint,3,9.0,0.0,0.0,0.0,9.0,9.0,9.0,9.0
new_adamw,"new AdamW, horizon optimized",adamw,horizon_optimized,fc3,21,m_midpoint,3,9.0,0.0,0.0,0.0,9.0,9.0,9.0,9.0
new_adamw,"new AdamW, horizon optimized",adamw,horizon_optimized,fc3,22,m_midpoint,3,9.0,0.0,0.0,0.0,9.0,9.0,9.0,9.0
new_adamw,"new AdamW, horizon optimized",adamw,horizon_optimized,fc3,23,m_midpoint,3,9.0,0.0,0.0,0.0,9.0,9.0,9.0,9.0
new_adamw,"new AdamW, horizon optimized",adamw,horizon_optimized,fc3,24,m_midpoint,3,9.0,0.0,0.0,0.0,9.0,9.0,9.0,9.0
new_adamw,"new AdamW, horizon optimized",adamw,horizon_optimized,fc3,25,m_midpoint,3,9.0,0.0,0.0,0.0,9.0,9.0,9.0,9.0
new_adamw,"new AdamW, horizon optimized",adamw,horizon_optimized,fc3,26,m_midpoint,3,9.0,0.0,0.0,0.0,9.0,9.0,9.0,9.0
new_adamw,"new AdamW, horizon optimized",adamw,horizon_optimized,fc3,27,m_midpoint,3,9.0,0.0,0.0,0.0,9.0,9.0,9.0,9.0
new_adamw,"new AdamW, horizon optimized",adamw,horizon_optimized,fc3,28,m_midpoint,3,9.0,0.0,0.0,0.0,9.0,9.0,9.0,9.0
new_adamw,"new AdamW, horizon optimized",adamw,horizon_optimized,fc3,29,m_midpoint,3,9.0,0.0,0.0,0.0,9.0,9.0,9.0,9.0
new_adamw,"new AdamW, horizon optimized",adamw,horizon_optimized,fc3,30,m_midpoint,3,9.0,0.0,0.0,0.0,9.0,9.0,9.0,9.0
old_adamw,old AdamW,adamw,old,fc1,0,m_midpoint,3,224.0,14.106736,8.144528,35.043075,188.956925,259.043075,209.0,237.0
old_adamw,old AdamW,adamw,old,fc1,1,m_midpoint,3,214.333333,1.527525,0.881917,3.794583,210.53875,218.127916,213.0,216.0
old_adamw,old AdamW,adamw,old,fc1,2,m_midpoint,3,230.0,1.0,0.57735,2.484138,227.515862,232.484138,229.0,231.0
old_adamw,old AdamW,adamw,old,fc1,3,m_midpoint,3,238.0,1.0,0.57735,2.484138,235.515862,240.484138,237.0,239.0
old_adamw,old AdamW,adamw,old,fc1,4,m_midpoint,3,240.0,1.732051,1.0,4.302653,235.697347,244.302653,239.0,242.0
old_adamw,old AdamW,adamw,old,fc1,5,m_midpoint,3,242.666667,0.57735,0.333333,1.434218,241.232449,244.100884,242.0,243.0
old_adamw,old AdamW,adamw,old,fc1,6,m_midpoint,3,242.333333,0.57735,0.333333,1.434218,240.899116,243.767551,242.0,243.0
old_adamw,old AdamW,adamw,old,fc1,7,m_midpoint,3,242.0,1.732051,1.0,4.302653,237.697347,246.302653,241.0,244.0
old_adamw,old AdamW,adamw,old,fc1,8,m_midpoint,3,242.333333,0.57735,0.333333,1.434218,240.899116,243.767551,242.0,243.0
old_adamw,old AdamW,adamw,old,fc1,9,m_midpoint,3,242.0,1.732051,1.0,4.302653,237.697347,246.302653,241.0,244.0
old_adamw,old AdamW,adamw,old,fc1,10,m_midpoint,3,244.0,1.0,0.57735,2.484138,241.515862,246.484138,243.0,245.0
old_adamw,old AdamW,adamw,old,fc1,11,m_midpoint,3,245.333333,2.081666,1.20185,5.171145,240.162188,250.504478,243.0,247.0
old_adamw,old AdamW,adamw,old,fc1,12,m_midpoint,3,245.333333,4.163332,2.403701,10.34229,234.991043,255.675623,242.0,250.0
old_adamw,old AdamW,adamw,old,fc1,13,m_midpoint,3,245.0,5.0,2.886751,12.420689,232.579311,257.420689,240.0,250.0
old_adamw,old AdamW,adamw,old,fc1,14,m_midpoint,3,245.666667,2.886751,1.666667,7.171088,238.495579,252.837755,244.0,249.0
old_adamw,old AdamW,adamw,old,fc1,15,m_midpoint,3,245.0,2.645751,1.527525,6.572411,238.427589,251.572411,243.0,248.0
old_adamw,old AdamW,adamw,old,fc1,16,m_midpoint,3,245.666667,2.081666,1.20185,5.171145,240.495522,250.837812,244.0,248.0
old_adamw,old AdamW,adamw,old,fc1,17,m_midpoint,3,244.666667,1.154701,0.666667,2.868435,241.798232,247.535102,244.0,246.0
old_adamw,old AdamW,adamw,old,fc1,18,m_midpoint,3,245.0,1.732051,1.0,4.302653,240.697347,249.302653,244.0,247.0
old_adamw,old AdamW,adamw,old,fc1,19,m_midpoint,3,245.0,1.732051,1.0,4.302653,240.697347,249.302653,244.0,247.0
old_adamw,old AdamW,adamw,old,fc1,20,m_midpoint,3,245.0,1.732051,1.0,4.302653,240.697347,249.302653,244.0,247.0
old_adamw,old AdamW,adamw,old,fc1,21,m_midpoint,3,244.666667,2.081666,1.20185,5.171145,239.495522,249.837812,243.0,247.0
old_adamw,old AdamW,adamw,old,fc1,22,m_midpoint,3,244.666667,2.081666,1.20185,5.171145,239.495522,249.837812,243.0,247.0
old_adamw,old AdamW,adamw,old,fc1,23,m_midpoint,3,244.666667,2.081666,1.20185,5.171145,239.495522,249.837812,243.0,247.0
old_adamw,old AdamW,adamw,old,fc1,24,m_midpoint,3,244.666667,2.081666,1.20185,5.171145,239.495522,249.837812,243.0,247.0
old_adamw,old AdamW,adamw,old,fc1,25,m_midpoint,3,244.666667,2.081666,1.20185,5.171145,239.495522,249.837812,243.0,247.0
old_adamw,old AdamW,adamw,old,fc1,26,m_midpoint,3,245.0,1.732051,1.0,4.302653,240.697347,249.302653,244.0,247.0
old_adamw,old AdamW,adamw,old,fc1,27,m_midpoint,3,245.0,1.732051,1.0,4.302653,240.697347,249.302653,244.0,247.0
old_adamw,old AdamW,adamw,old,fc1,28,m_midpoint,3,245.0,1.732051,1.0,4.302653,240.697347,249.302653,244.0,247.0
old_adamw,old AdamW,adamw,old,fc1,29,m_midpoint,3,245.0,1.732051,1.0,4.302653,240.697347,249.302653,244.0,247.0
old_adamw,old AdamW,adamw,old,fc1,30,m_midpoint,3,245.0,1.732051,1.0,4.302653,240.697347,249.302653,244.0,247.0
old_adamw,old AdamW,adamw,old,fc2,0,m_midpoint,3,203.0,8.888194,5.131601,22.079499,180.920501,225.079499,196.0,213.0
old_adamw,old AdamW,adamw,old,fc2,1,m_midpoint,3,200.0,1.732051,1.0,4.302653,195.697347,204.302653,199.0,202.0
old_adamw,old AdamW,adamw,old,fc2,2,m_midpoint,3,206.333333,2.309401,1.333333,5.73687,200.596463,212.070204,205.0,209.0
old_adamw,old AdamW,adamw,old,fc2,3,m_midpoint,3,210.666667,3.05505,1.763834,7.589166,203.077501,218.255833,208.0,214.0
old_adamw,old AdamW,adamw,old,fc2,4,m_midpoint,3,212.0,4.358899,2.516611,10.828105,201.171895,222.828105,207.0,215.0
old_adamw,old AdamW,adamw,old,fc2,5,m_midpoint,3,216.0,1.0,0.57735,2.484138,213.515862,218.484138,215.0,217.0
old_adamw,old AdamW,adamw,old,fc2,6,m_midpoint,3,215.666667,1.154701,0.666667,2.868435,212.798232,218.535102,215.0,217.0
old_adamw,old AdamW,adamw,old,fc2,7,m_midpoint,3,217.0,2.0,1.154701,4.968275,212.031725,221.968275,215.0,219.0
old_adamw,old AdamW,adamw,old,fc2,8,m_midpoint,3,216.666667,1.154701,0.666667,2.868435,213.798232,219.535102,216.0,218.0
old_adamw,old AdamW,adamw,old,fc2,9,m_midpoint,3,217.0,2.0,1.154701,4.968275,212.031725,221.968275,215.0,219.0
old_adamw,old AdamW,adamw,old,fc2,10,m_midpoint,3,216.0,1.732051,1.0,4.302653,211.697347,220.302653,214.0,217.0
old_adamw,old AdamW,adamw,old,fc2,11,m_midpoint,3,216.333333,2.081666,1.20185,5.171145,211.162188,221.504478,214.0,218.0
old_adamw,old AdamW,adamw,old,fc2,12,m_midpoint,3,218.0,2.0,1.154701,4.968275,213.031725,222.968275,216.0,220.0
old_adamw,old AdamW,adamw,old,fc2,13,m_midpoint,3,216.666667,2.516611,1.452966,6.251609,210.415057,222.918276,214.0,219.0
old_adamw,old AdamW,adamw,old,fc2,14,m_midpoint,3,217.0,3.0,1.732051,7.452413,209.547587,224.452413,214.0,220.0
old_adamw,old AdamW,adamw,old,fc2,15,m_midpoint,3,219.0,2.0,1.154701,4.968275,214.031725,223.968275,217.0,221.0
old_adamw,old AdamW,adamw,old,fc2,16,m_midpoint,3,218.333333,2.516611,1.452966,6.251609,212.081724,224.584943,216.0,221.0
old_adamw,old AdamW,adamw,old,fc2,17,m_midpoint,3,217.333333,2.081666,1.20185,5.171145,212.162188,222.504478,215.0,219.0
old_adamw,old AdamW,adamw,old,fc2,18,m_midpoint,3,217.333333,2.081666,1.20185,5.171145,212.162188,222.504478,215.0,219.0
old_adamw,old AdamW,adamw,old,fc2,19,m_midpoint,3,217.333333,2.081666,1.20185,5.171145,212.162188,222.504478,215.0,219.0
old_adamw,old AdamW,adamw,old,fc2,20,m_midpoint,3,217.0,2.0,1.154701,4.968275,212.031725,221.968275,215.0,219.0
old_adamw,old AdamW,adamw,old,fc2,21,m_midpoint,3,217.666667,2.309401,1.333333,5.73687,211.929796,223.403537,215.0,219.0
old_adamw,old AdamW,adamw,old,fc2,22,m_midpoint,3,217.666667,2.309401,1.333333,5.73687,211.929796,223.403537,215.0,219.0
old_adamw,old AdamW,adamw,old,fc2,23,m_midpoint,3,217.666667,2.309401,1.333333,5.73687,211.929796,223.403537,215.0,219.0
old_adamw,old AdamW,adamw,old,fc2,24,m_midpoint,3,217.666667,2.309401,1.333333,5.73687,211.929796,223.403537,215.0,219.0
old_adamw,old AdamW,adamw,old,fc2,25,m_midpoint,3,217.666667,2.309401,1.333333,5.73687,211.929796,223.403537,215.0,219.0
old_adamw,old AdamW,adamw,old,fc2,26,m_midpoint,3,217.666667,2.309401,1.333333,5.73687,211.929796,223.403537,215.0,219.0
old_adamw,old AdamW,adamw,old,fc2,27,m_midpoint,3,217.666667,2.309401,1.333333,5.73687,211.929796,223.403537,215.0,219.0
old_adamw,old AdamW,adamw,old,fc2,28,m_midpoint,3,217.666667,2.309401,1.333333,5.73687,211.929796,223.403537,215.0,219.0
old_adamw,old AdamW,adamw,old,fc2,29,m_midpoint,3,217.666667,2.309401,1.333333,5.73687,211.929796,223.403537,215.0,219.0
old_adamw,old AdamW,adamw,old,fc2,30,m_midpoint,3,217.333333,2.081666,1.20185,5.171145,212.162188,222.504478,215.0,219.0
old_adamw,old AdamW,adamw,old,fc3,0,m_midpoint,3,9.0,0.0,0.0,0.0,9.0,9.0,9.0,9.0
old_adamw,old AdamW,adamw,old,fc3,1,m_midpoint,3,9.666667,0.57735,0.333333,1.434218,8.232449,11.100884,9.0,10.0
old_adamw,old AdamW,adamw,old,fc3,2,m_midpoint,3,9.666667,0.57735,0.333333,1.434218,8.232449,11.100884,9.0,10.0
old_adamw,old AdamW,adamw,old,fc3,3,m_midpoint,3,9.666667,0.57735,0.333333,1.434218,8.232449,11.100884,9.0,10.0
old_adamw,old AdamW,adamw,old,fc3,4,m_midpoint,3,9.666667,0.57735,0.333333,1.434218,8.232449,11.100884,9.0,10.0
old_adamw,old AdamW,adamw,old,fc3,5,m_midpoint,3,9.333333,0.57735,0.333333,1.434218,7.899116,10.767551,9.0,10.0
old_adamw,old AdamW,adamw,old,fc3,6,m_midpoint,3,9.333333,0.57735,0.333333,1.434218,7.899116,10.767551,9.0,10.0
old_adamw,old AdamW,adamw,old,fc3,7,m_midpoint,3,9.666667,0.57735,0.333333,1.434218,8.232449,11.100884,9.0,10.0
old_adamw,old AdamW,adamw,old,fc3,8,m_midpoint,3,9.333333,0.57735,0.333333,1.434218,7.899116,10.767551,9.0,10.0
old_adamw,old AdamW,adamw,old,fc3,9,m_midpoint,3,9.333333,0.57735,0.333333,1.434218,7.899116,10.767551,9.0,10.0
old_adamw,old AdamW,adamw,old,fc3,10,m_midpoint,3,9.333333,0.57735,0.333333,1.434218,7.899116,10.767551,9.0,10.0
old_adamw,old AdamW,adamw,old,fc3,11,m_midpoint,3,9.333333,0.57735,0.333333,1.434218,7.899116,10.767551,9.0,10.0
old_adamw,old AdamW,adamw,old,fc3,12,m_midpoint,3,9.333333,0.57735,0.333333,1.434218,7.899116,10.767551,9.0,10.0
old_adamw,old AdamW,adamw,old,fc3,13,m_midpoint,3,9.0,0.0,0.0,0.0,9.0,9.0,9.0,9.0
old_adamw,old AdamW,adamw,old,fc3,14,m_midpoint,3,9.0,0.0,0.0,0.0,9.0,9.0,9.0,9.0
old_adamw,old AdamW,adamw,old,fc3,15,m_midpoint,3,9.333333,0.57735,0.333333,1.434218,7.899116,10.767551,9.0,10.0
old_adamw,old AdamW,adamw,old,fc3,16,m_midpoint,3,9.333333,0.57735,0.333333,1.434218,7.899116,10.767551,9.0,10.0
old_adamw,old AdamW,adamw,old,fc3,17,m_midpoint,3,9.333333,0.57735,0.333333,1.434218,7.899116,10.767551,9.0,10.0
old_adamw,old AdamW,adamw,old,fc3,18,m_midpoint,3,9.333333,0.57735,0.333333,1.434218,7.899116,10.767551,9.0,10.0
old_adamw,old AdamW,adamw,old,fc3,19,m_midpoint,3,9.333333,0.57735,0.333333,1.434218,7.899116,10.767551,9.0,10.0
old_adamw,old AdamW,adamw,old,fc3,20,m_midpoint,3,9.333333,0.57735,0.333333,1.434218,7.899116,10.767551,9.0,10.0
old_adamw,old AdamW,adamw,old,fc3,21,m_midpoint,3,9.333333,0.57735,0.333333,1.434218,7.899116,10.767551,9.0,10.0
old_adamw,old AdamW,adamw,old,fc3,22,m_midpoint,3,9.333333,0.57735,0.333333,1.434218,7.899116,10.767551,9.0,10.0
old_adamw,old AdamW,adamw,old,fc3,23,m_midpoint,3,9.333333,0.57735,0.333333,1.434218,7.899116,10.767551,9.0,10.0
old_adamw,old AdamW,adamw,old,fc3,24,m_midpoint,3,9.333333,0.57735,0.333333,1.434218,7.899116,10.767551,9.0,10.0
old_adamw,old AdamW,adamw,old,fc3,25,m_midpoint,3,9.333333,0.57735,0.333333,1.434218,7.899116,10.767551,9.0,10.0
old_adamw,old AdamW,adamw,old,fc3,26,m_midpoint,3,9.333333,0.57735,0.333333,1.434218,7.899116,10.767551,9.0,10.0
old_adamw,old AdamW,adamw,old,fc3,27,m_midpoint,3,9.333333,0.57735,0.333333,1.434218,7.899116,10.767551,9.0,10.0
old_adamw,old AdamW,adamw,old,fc3,28,m_midpoint,3,9.333333,0.57735,0.333333,1.434218,7.899116,10.767551,9.0,10.0
old_adamw,old AdamW,adamw,old,fc3,29,m_midpoint,3,9.333333,0.57735,0.333333,1.434218,7.899116,10.767551,9.0,10.0
old_adamw,old AdamW,adamw,old,fc3,30,m_midpoint,3,9.333333,0.57735,0.333333,1.434218,7.899116,10.767551,9.0,10.0
old_sgd,old SGD + Nesterov,sgd_momentum,old,fc1,0,m_midpoint,3,224.0,14.106736,8.144528,35.043075,188.956925,259.043075,209.0,237.0
old_sgd,old SGD + Nesterov,sgd_momentum,old,fc1,1,m_midpoint,3,231.333333,16.743158,9.666667,41.59231,189.741024,272.925643,212.0,241.0
old_sgd,old SGD + Nesterov,sgd_momentum,old,fc1,2,m_midpoint,3,213.666667,0.57735,0.333333,1.434218,212.232449,215.100884,213.0,214.0
old_sgd,old SGD + Nesterov,sgd_momentum,old,fc1,3,m_midpoint,3,220.333333,0.57735,0.333333,1.434218,218.899116,221.767551,220.0,221.0
old_sgd,old SGD + Nesterov,sgd_momentum,old,fc1,4,m_midpoint,3,223.666667,4.163332,2.403701,10.34229,213.324377,234.008957,219.0,227.0
old_sgd,old SGD + Nesterov,sgd_momentum,old,fc1,5,m_midpoint,3,227.333333,1.527525,0.881917,3.794583,223.53875,231.127916,226.0,229.0
old_sgd,old SGD + Nesterov,sgd_momentum,old,fc1,6,m_midpoint,3,230.0,1.732051,1.0,4.302653,225.697347,234.302653,228.0,231.0
old_sgd,old SGD + Nesterov,sgd_momentum,old,fc1,7,m_midpoint,3,230.0,1.0,0.57735,2.484138,227.515862,232.484138,229.0,231.0
old_sgd,old SGD + Nesterov,sgd_momentum,old,fc1,8,m_midpoint,3,230.0,1.0,0.57735,2.484138,227.515862,232.484138,229.0,231.0
old_sgd,old SGD + Nesterov,sgd_momentum,old,fc1,9,m_midpoint,3,231.666667,3.05505,1.763834,7.589166,224.077501,239.255833,229.0,235.0
old_sgd,old SGD + Nesterov,sgd_momentum,old,fc1,10,m_midpoint,3,231.666667,3.05505,1.763834,7.589166,224.077501,239.255833,229.0,235.0
old_sgd,old SGD + Nesterov,sgd_momentum,old,fc1,11,m_midpoint,3,231.333333,2.516611,1.452966,6.251609,225.081724,237.584943,229.0,234.0
old_sgd,old SGD + Nesterov,sgd_momentum,old,fc1,12,m_midpoint,3,231.333333,2.516611,1.452966,6.251609,225.081724,237.584943,229.0,234.0
old_sgd,old SGD + Nesterov,sgd_momentum,old,fc1,13,m_midpoint,3,232.0,2.645751,1.527525,6.572411,225.427589,238.572411,229.0,234.0
old_sgd,old SGD + Nesterov,sgd_momentum,old,fc1,14,m_midpoint,3,232.333333,2.081666,1.20185,5.171145,227.162188,237.504478,230.0,234.0
old_sgd,old SGD + Nesterov,sgd_momentum,old,fc1,15,m_midpoint,3,232.333333,2.081666,1.20185,5.171145,227.162188,237.504478,230.0,234.0
old_sgd,old SGD + Nesterov,sgd_momentum,old,fc1,16,m_midpoint,3,232.333333,2.081666,1.20185,5.171145,227.162188,237.504478,230.0,234.0
old_sgd,old SGD + Nesterov,sgd_momentum,old,fc1,17,m_midpoint,3,232.333333,2.081666,1.20185,5.171145,227.162188,237.504478,230.0,234.0
old_sgd,old SGD + Nesterov,sgd_momentum,old,fc1,18,m_midpoint,3,232.333333,2.081666,1.20185,5.171145,227.162188,237.504478,230.0,234.0
old_sgd,old SGD + Nesterov,sgd_momentum,old,fc1,19,m_midpoint,3,232.333333,2.081666,1.20185,5.171145,227.162188,237.504478,230.0,234.0
old_sgd,old SGD + Nesterov,sgd_momentum,old,fc1,20,m_midpoint,3,232.333333,2.081666,1.20185,5.171145,227.162188,237.504478,230.0,234.0
old_sgd,old SGD + Nesterov,sgd_momentum,old,fc1,21,m_midpoint,3,232.0,2.0,1.154701,4.968275,227.031725,236.968275,230.0,234.0
old_sgd,old SGD + Nesterov,sgd_momentum,old,fc1,22,m_midpoint,3,232.0,2.0,1.154701,4.968275,227.031725,236.968275,230.0,234.0
old_sgd,old SGD + Nesterov,sgd_momentum,old,fc1,23,m_midpoint,3,232.666667,1.154701,0.666667,2.868435,229.798232,235.535102,232.0,234.0
old_sgd,old SGD + Nesterov,sgd_momentum,old,fc1,24,m_midpoint,3,232.666667,1.154701,0.666667,2.868435,229.798232,235.535102,232.0,234.0
old_sgd,old SGD + Nesterov,sgd_momentum,old,fc1,25,m_midpoint,3,232.666667,1.154701,0.666667,2.868435,229.798232,235.535102,232.0,234.0
old_sgd,old SGD + Nesterov,sgd_momentum,old,fc1,26,m_midpoint,3,232.666667,1.154701,0.666667,2.868435,229.798232,235.535102,232.0,234.0
old_sgd,old SGD + Nesterov,sgd_momentum,old,fc1,27,m_midpoint,3,232.666667,1.154701,0.666667,2.868435,229.798232,235.535102,232.0,234.0
old_sgd,old SGD + Nesterov,sgd_momentum,old,fc1,28,m_midpoint,3,232.666667,1.154701,0.666667,2.868435,229.798232,235.535102,232.0,234.0
old_sgd,old SGD + Nesterov,sgd_momentum,old,fc1,29,m_midpoint,3,232.666667,1.154701,0.666667,2.868435,229.798232,235.535102,232.0,234.0
old_sgd,old SGD + Nesterov,sgd_momentum,old,fc1,30,m_midpoint,3,232.666667,1.154701,0.666667,2.868435,229.798232,235.535102,232.0,234.0
old_sgd,old SGD + Nesterov,sgd_momentum,old,fc2,0,m_midpoint,3,203.0,8.888194,5.131601,22.079499,180.920501,225.079499,196.0,213.0
old_sgd,old SGD + Nesterov,sgd_momentum,old,fc2,1,m_midpoint,3,206.666667,5.033223,2.905933,12.503219,194.163448,219.169886,202.0,212.0
old_sgd,old SGD + Nesterov,sgd_momentum,old,fc2,2,m_midpoint,3,201.666667,4.50925,2.603417,11.201597,190.465069,212.868264,197.0,206.0
old_sgd,old SGD + Nesterov,sgd_momentum,old,fc2,3,m_midpoint,3,202.0,4.582576,2.645751,11.383749,190.616251,213.383749,198.0,207.0
old_sgd,old SGD + Nesterov,sgd_momentum,old,fc2,4,m_midpoint,3,200.666667,3.21455,1.855921,7.985386,192.681281,208.652052,197.0,203.0
old_sgd,old SGD + Nesterov,sgd_momentum,old,fc2,5,m_midpoint,3,205.333333,2.516611,1.452966,6.251609,199.081724,211.584943,203.0,208.0
old_sgd,old SGD + Nesterov,sgd_momentum,old,fc2,6,m_midpoint,3,201.333333,3.511885,2.027588,8.724005,192.609328,210.057338,198.0,205.0
old_sgd,old SGD + Nesterov,sgd_momentum,old,fc2,7,m_midpoint,3,202.0,3.605551,2.081666,8.956686,193.043314,210.956686,199.0,206.0
old_sgd,old SGD + Nesterov,sgd_momentum,old,fc2,8,m_midpoint,3,203.0,3.464102,2.0,8.605305,194.394695,211.605305,201.0,207.0
old_sgd,old SGD + Nesterov,sgd_momentum,old,fc2,9,m_midpoint,3,202.0,3.605551,2.081666,8.956686,193.043314,210.956686,199.0,206.0
old_sgd,old SGD + Nesterov,sgd_momentum,old,fc2,10,m_midpoint,3,203.333333,3.05505,1.763834,7.589166,195.744167,210.922499,200.0,206.0
old_sgd,old SGD + Nesterov,sgd_momentum,old,fc2,11,m_midpoint,3,204.333333,1.527525,0.881917,3.794583,200.53875,208.127916,203.0,206.0
old_sgd,old SGD + Nesterov,sgd_momentum,old,fc2,12,m_midpoint,3,204.0,1.732051,1.0,4.302653,199.697347,208.302653,203.0,206.0
old_sgd,old SGD + Nesterov,sgd_momentum,old,fc2,13,m_midpoint,3,204.0,1.732051,1.0,4.302653,199.697347,208.302653,203.0,206.0
old_sgd,old SGD + Nesterov,sgd_momentum,old,fc2,14,m_midpoint,3,204.0,1.732051,1.0,4.302653,199.697347,208.302653,203.0,206.0
old_sgd,old SGD + Nesterov,sgd_momentum,old,fc2,15,m_midpoint,3,204.333333,3.21455,1.855921,7.985386,196.347948,212.318719,202.0,208.0
old_sgd,old SGD + Nesterov,sgd_momentum,old,fc2,16,m_midpoint,3,204.333333,3.21455,1.855921,7.985386,196.347948,212.318719,202.0,208.0
old_sgd,old SGD + Nesterov,sgd_momentum,old,fc2,17,m_midpoint,3,204.333333,3.21455,1.855921,7.985386,196.347948,212.318719,202.0,208.0
old_sgd,old SGD + Nesterov,sgd_momentum,old,fc2,18,m_midpoint,3,204.333333,3.21455,1.855921,7.985386,196.347948,212.318719,202.0,208.0
old_sgd,old SGD + Nesterov,sgd_momentum,old,fc2,19,m_midpoint,3,205.0,2.645751,1.527525,6.572411,198.427589,211.572411,203.0,208.0
old_sgd,old SGD + Nesterov,sgd_momentum,old,fc2,20,m_midpoint,3,205.0,2.645751,1.527525,6.572411,198.427589,211.572411,203.0,208.0
old_sgd,old SGD + Nesterov,sgd_momentum,old,fc2,21,m_midpoint,3,205.0,2.645751,1.527525,6.572411,198.427589,211.572411,203.0,208.0
old_sgd,old SGD + Nesterov,sgd_momentum,old,fc2,22,m_midpoint,3,205.0,2.645751,1.527525,6.572411,198.427589,211.572411,203.0,208.0
old_sgd,old SGD + Nesterov,sgd_momentum,old,fc2,23,m_midpoint,3,205.0,2.645751,1.527525,6.572411,198.427589,211.572411,203.0,208.0
old_sgd,old SGD + Nesterov,sgd_momentum,old,fc2,24,m_midpoint,3,205.0,2.645751,1.527525,6.572411,198.427589,211.572411,203.0,208.0
old_sgd,old SGD + Nesterov,sgd_momentum,old,fc2,25,m_midpoint,3,204.333333,1.527525,0.881917,3.794583,200.53875,208.127916,203.0,206.0
old_sgd,old SGD + Nesterov,sgd_momentum,old,fc2,26,m_midpoint,3,204.333333,1.527525,0.881917,3.794583,200.53875,208.127916,203.0,206.0
old_sgd,old SGD + Nesterov,sgd_momentum,old,fc2,27,m_midpoint,3,204.333333,1.527525,0.881917,3.794583,200.53875,208.127916,203.0,206.0
old_sgd,old SGD + Nesterov,sgd_momentum,old,fc2,28,m_midpoint,3,204.333333,1.527525,0.881917,3.794583,200.53875,208.127916,203.0,206.0
old_sgd,old SGD + Nesterov,sgd_momentum,old,fc2,29,m_midpoint,3,204.333333,1.527525,0.881917,3.794583,200.53875,208.127916,203.0,206.0
old_sgd,old SGD + Nesterov,sgd_momentum,old,fc2,30,m_midpoint,3,204.333333,1.527525,0.881917,3.794583,200.53875,208.127916,203.0,206.0
old_sgd,old SGD + Nesterov,sgd_momentum,old,fc3,0,m_midpoint,3,9.0,0.0,0.0,0.0,9.0,9.0,9.0,9.0
old_sgd,old SGD + Nesterov,sgd_momentum,old,fc3,1,m_midpoint,3,9.0,0.0,0.0,0.0,9.0,9.0,9.0,9.0
old_sgd,old SGD + Nesterov,sgd_momentum,old,fc3,2,m_midpoint,3,9.0,0.0,0.0,0.0,9.0,9.0,9.0,9.0
old_sgd,old SGD + Nesterov,sgd_momentum,old,fc3,3,m_midpoint,3,9.0,0.0,0.0,0.0,9.0,9.0,9.0,9.0
old_sgd,old SGD + Nesterov,sgd_momentum,old,fc3,4,m_midpoint,3,9.0,0.0,0.0,0.0,9.0,9.0,9.0,9.0
old_sgd,old SGD + Nesterov,sgd_momentum,old,fc3,5,m_midpoint,3,9.0,0.0,0.0,0.0,9.0,9.0,9.0,9.0
old_sgd,old SGD + Nesterov,sgd_momentum,old,fc3,6,m_midpoint,3,9.0,0.0,0.0,0.0,9.0,9.0,9.0,9.0
old_sgd,old SGD + Nesterov,sgd_momentum,old,fc3,7,m_midpoint,3,9.0,0.0,0.0,0.0,9.0,9.0,9.0,9.0
old_sgd,old SGD + Nesterov,sgd_momentum,old,fc3,8,m_midpoint,3,9.0,0.0,0.0,0.0,9.0,9.0,9.0,9.0
old_sgd,old SGD + Nesterov,sgd_momentum,old,fc3,9,m_midpoint,3,9.0,0.0,0.0,0.0,9.0,9.0,9.0,9.0
old_sgd,old SGD + Nesterov,sgd_momentum,old,fc3,10,m_midpoint,3,9.0,0.0,0.0,0.0,9.0,9.0,9.0,9.0
old_sgd,old SGD + Nesterov,sgd_momentum,old,fc3,11,m_midpoint,3,9.0,0.0,0.0,0.0,9.0,9.0,9.0,9.0
old_sgd,old SGD + Nesterov,sgd_momentum,old,fc3,12,m_midpoint,3,9.0,0.0,0.0,0.0,9.0,9.0,9.0,9.0
old_sgd,old SGD + Nesterov,sgd_momentum,old,fc3,13,m_midpoint,3,9.0,0.0,0.0,0.0,9.0,9.0,9.0,9.0
old_sgd,old SGD + Nesterov,sgd_momentum,old,fc3,14,m_midpoint,3,9.0,0.0,0.0,0.0,9.0,9.0,9.0,9.0
old_sgd,old SGD + Nesterov,sgd_momentum,old,fc3,15,m_midpoint,3,9.0,0.0,0.0,0.0,9.0,9.0,9.0,9.0
old_sgd,old SGD + Nesterov,sgd_momentum,old,fc3,16,m_midpoint,3,9.0,0.0,0.0,0.0,9.0,9.0,9.0,9.0
old_sgd,old SGD + Nesterov,sgd_momentum,old,fc3,17,m_midpoint,3,9.0,0.0,0.0,0.0,9.0,9.0,9.0,9.0
old_sgd,old SGD + Nesterov,sgd_momentum,old,fc3,18,m_midpoint,3,9.0,0.0,0.0,0.0,9.0,9.0,9.0,9.0
old_sgd,old SGD + Nesterov,sgd_momentum,old,fc3,19,m_midpoint,3,9.0,0.0,0.0,0.0,9.0,9.0,9.0,9.0
old_sgd,old SGD + Nesterov,sgd_momentum,old,fc3,20,m_midpoint,3,9.0,0.0,0.0,0.0,9.0,9.0,9.0,9.0
old_sgd,old SGD + Nesterov,sgd_momentum,old,fc3,21,m_midpoint,3,9.0,0.0,0.0,0.0,9.0,9.0,9.0,9.0
old_sgd,old SGD + Nesterov,sgd_momentum,old,fc3,22,m_midpoint,3,9.0,0.0,0.0,0.0,9.0,9.0,9.0,9.0
old_sgd,old SGD + Nesterov,sgd_momentum,old,fc3,23,m_midpoint,3,9.0,0.0,0.0,0.0,9.0,9.0,9.0,9.0
old_sgd,old SGD + Nesterov,sgd_momentum,old,fc3,24,m_midpoint,3,9.0,0.0,0.0,0.0,9.0,9.0,9.0,9.0
old_sgd,old SGD + Nesterov,sgd_momentum,old,fc3,25,m_midpoint,3,9.0,0.0,0.0,0.0,9.0,9.0,9.0,9.0
old_sgd,old SGD + Nesterov,sgd_momentum,old,fc3,26,m_midpoint,3,9.0,0.0,0.0,0.0,9.0,9.0,9.0,9.0
old_sgd,old SGD + Nesterov,sgd_momentum,old,fc3,27,m_midpoint,3,9.0,0.0,0.0,0.0,9.0,9.0,9.0,9.0
old_sgd,old SGD + Nesterov,sgd_momentum,old,fc3,28,m_midpoint,3,9.0,0.0,0.0,0.0,9.0,9.0,9.0,9.0
old_sgd,old SGD + Nesterov,sgd_momentum,old,fc3,29,m_midpoint,3,9.0,0.0,0.0,0.0,9.0,9.0,9.0,9.0
old_sgd,old SGD + Nesterov,sgd_momentum,old,fc3,30,m_midpoint,3,9.0,0.0,0.0,0.0,9.0,9.0,9.0,9.0
new_muon,"new Muon, horizon optimized",sgd_momentum_muon,horizon_optimized,fc1,0,m_midpoint,3,224.0,14.106736,8.144528,35.043075,188.956925,259.043075,209.0,237.0
new_muon,"new Muon, horizon optimized",sgd_momentum_muon,horizon_optimized,fc1,1,m_midpoint,3,210.0,3.605551,2.081666,8.956686,201.043314,218.956686,206.0,213.0
new_muon,"new Muon, horizon optimized",sgd_momentum_muon,horizon_optimized,fc1,2,m_midpoint,3,215.0,10.0,5.773503,24.841377,190.158623,239.841377,205.0,225.0
new_muon,"new Muon, horizon optimized",sgd_momentum_muon,horizon_optimized,fc1,3,m_midpoint,3,224.666667,14.224392,8.212457,35.335349,189.331318,260.002016,215.0,241.0
new_muon,"new Muon, horizon optimized",sgd_momentum_muon,horizon_optimized,fc1,4,m_midpoint,3,222.333333,7.023769,4.055175,17.44801,204.885323,239.781343,215.0,229.0
new_muon,"new Muon, horizon optimized",sgd_momentum_muon,horizon_optimized,fc1,5,m_midpoint,3,227.333333,12.66228,7.310571,31.454847,195.878486,258.78818,213.0,237.0
new_muon,"new Muon, horizon optimized",sgd_momentum_muon,horizon_optimized,fc1,6,m_midpoint,3,229.0,14.0,8.082904,34.777928,194.222072,263.777928,215.0,243.0
new_muon,"new Muon, horizon optimized",sgd_momentum_muon,horizon_optimized,fc1,7,m_midpoint,3,217.333333,10.214369,5.897269,25.373899,191.959434,242.707232,210.0,229.0
new_muon,"new Muon, horizon optimized",sgd_momentum_muon,horizon_optimized,fc1,8,m_midpoint,3,204.0,32.07803,18.520259,79.686244,124.313756,283.686244,176.0,239.0
new_muon,"new Muon, horizon optimized",sgd_momentum_muon,horizon_optimized,fc1,9,m_midpoint,3,219.666667,19.857828,11.464922,49.329579,170.337087,268.996246,198.0,237.0
new_muon,"new Muon, horizon optimized",sgd_momentum_muon,horizon_optimized,fc1,10,m_midpoint,3,211.0,8.0,4.618802,19.873102,191.126898,230.873102,203.0,219.0
new_muon,"new Muon, horizon optimized",sgd_momentum_muon,horizon_optimized,fc1,11,m_midpoint,3,214.333333,13.796135,7.965202,34.271499,180.061835,248.604832,204.0,230.0
new_muon,"new Muon, horizon optimized",sgd_momentum_muon,horizon_optimized,fc1,12,m_midpoint,3,220.0,2.645751,1.527525,6.572411,213.427589,226.572411,218.0,223.0
new_muon,"new Muon, horizon optimized",sgd_momentum_muon,horizon_optimized,fc1,13,m_midpoint,3,214.666667,6.506407,3.756476,16.162811,198.503855,230.829478,208.0,221.0
new_muon,"new Muon, horizon optimized",sgd_momentum_muon,horizon_optimized,fc1,14,m_midpoint,3,215.333333,1.527525,0.881917,3.794583,211.53875,219.127916,214.0,217.0
new_muon,"new Muon, horizon optimized",sgd_momentum_muon,horizon_optimized,fc1,15,m_midpoint,3,223.0,18.520259,10.692677,46.006874,176.993126,269.006874,204.0,241.0
new_muon,"new Muon, horizon optimized",sgd_momentum_muon,horizon_optimized,fc1,16,m_midpoint,3,216.0,3.605551,2.081666,8.956686,207.043314,224.956686,212.0,219.0
new_muon,"new Muon, horizon optimized",sgd_momentum_muon,horizon_optimized,fc1,17,m_midpoint,3,234.666667,17.009801,9.820613,42.254688,192.411978,276.921355,222.0,254.0
new_muon,"new Muon, horizon optimized",sgd_momentum_muon,horizon_optimized,fc1,18,m_midpoint,3,217.333333,19.857828,11.464922,49.329579,168.003754,266.662913,200.0,239.0
new_muon,"new Muon, horizon optimized",sgd_momentum_muon,horizon_optimized,fc1,19,m_midpoint,3,216.0,19.697716,11.372481,48.931838,167.068162,264.931838,200.0,238.0
new_muon,"new Muon, horizon optimized",sgd_momentum_muon,horizon_optimized,fc1,20,m_midpoint,3,219.0,14.933185,8.621678,37.096087,181.903913,256.096087,208.0,236.0
new_muon,"new Muon, horizon optimized",sgd_momentum_muon,horizon_optimized,fc1,21,m_midpoint,3,210.0,2.0,1.154701,4.968275,205.031725,214.968275,208.0,212.0
new_muon,"new Muon, horizon optimized",sgd_momentum_muon,horizon_optimized,fc1,22,m_midpoint,3,217.0,15.716234,9.073772,39.041289,177.958711,256.041289,206.0,235.0
new_muon,"new Muon, horizon optimized",sgd_momentum_muon,horizon_optimized,fc1,23,m_midpoint,3,236.0,14.106736,8.144528,35.043075,200.956925,271.043075,221.0,249.0
new_muon,"new Muon, horizon optimized",sgd_momentum_muon,horizon_optimized,fc1,24,m_midpoint,3,232.0,19.697716,11.372481,48.931838,183.068162,280.931838,210.0,248.0
new_muon,"new Muon, horizon optimized",sgd_momentum_muon,horizon_optimized,fc1,25,m_midpoint,3,220.333333,14.0119,8.089774,34.807488,185.525845,255.140822,206.0,234.0
new_muon,"new Muon, horizon optimized",sgd_momentum_muon,horizon_optimized,fc1,26,m_midpoint,3,220.0,14.0,8.082904,34.777928,185.222072,254.777928,206.0,234.0
new_muon,"new Muon, horizon optimized",sgd_momentum_muon,horizon_optimized,fc1,27,m_midpoint,3,219.666667,13.503086,7.79601,33.543525,186.123141,253.210192,206.0,233.0
new_muon,"new Muon, horizon optimized",sgd_momentum_muon,horizon_optimized,fc1,28,m_midpoint,3,219.333333,14.0119,8.089774,34.807488,184.525845,254.140822,205.0,233.0
new_muon,"new Muon, horizon optimized",sgd_momentum_muon,horizon_optimized,fc1,29,m_midpoint,3,231.666667,12.055428,6.960204,29.947342,201.719324,261.614009,219.0,243.0
new_muon,"new Muon, horizon optimized",sgd_momentum_muon,horizon_optimized,fc1,30,m_midpoint,3,232.333333,13.503086,7.79601,33.543525,198.789808,265.876859,219.0,246.0
new_muon,"new Muon, horizon optimized",sgd_momentum_muon,horizon_optimized,fc2,0,m_midpoint,3,203.0,8.888194,5.131601,22.079499,180.920501,225.079499,196.0,213.0
new_muon,"new Muon, horizon optimized",sgd_momentum_muon,horizon_optimized,fc2,1,m_midpoint,3,204.333333,4.725816,2.728451,11.739577,192.593757,216.07291,199.0,208.0
new_muon,"new Muon, horizon optimized",sgd_momentum_muon,horizon_optimized,fc2,2,m_midpoint,3,205.0,13.076697,7.549834,32.484316,172.515684,237.484316,196.0,220.0
new_muon,"new Muon, horizon optimized",sgd_momentum_muon,horizon_optimized,fc2,3,m_midpoint,3,204.0,6.082763,3.511885,15.11042,188.88958,219.11042,197.0,208.0
new_muon,"new Muon, horizon optimized",sgd_momentum_muon,horizon_optimized,fc2,4,m_midpoint,3,192.666667,7.505553,4.333333,18.644828,174.021838,211.311495,185.0,200.0
new_muon,"new Muon, horizon optimized",sgd_momentum_muon,horizon_optimized,fc2,5,m_midpoint,3,203.0,26.851443,15.502688,66.702683,136.297317,269.702683,187.0,234.0
new_muon,"new Muon, horizon optimized",sgd_momentum_muon,horizon_optimized,fc2,6,m_midpoint,3,213.0,26.907248,15.534907,66.84131,146.15869,279.84131,183.0,235.0
new_muon,"new Muon, horizon optimized",sgd_momentum_muon,horizon_optimized,fc2,7,m_midpoint,3,243.0,14.525839,8.386497,36.084185,206.915815,279.084185,228.0,257.0
new_muon,"new Muon, horizon optimized",sgd_momentum_muon,horizon_optimized,fc2,8,m_midpoint,3,238.333333,12.220202,7.055337,30.356664,207.976669,268.689998,225.0,249.0
new_muon,"new Muon, horizon optimized",sgd_momentum_muon,horizon_optimized,fc2,9,m_midpoint,3,197.666667,47.96179,27.690753,119.143692,78.522975,316.810359,168.0,253.0
new_muon,"new Muon, horizon optimized",sgd_momentum_muon,horizon_optimized,fc2,10,m_midpoint,3,220.333333,44.859038,25.899378,111.436029,108.897304,331.769363,169.0,252.0
new_muon,"new Muon, horizon optimized",sgd_momentum_muon,horizon_optimized,fc2,11,m_midpoint,3,237.333333,0.57735,0.333333,1.434218,235.899116,238.767551,237.0,238.0
new_muon,"new Muon, horizon optimized",sgd_momentum_muon,horizon_optimized,fc2,12,m_midpoint,3,245.0,7.81025,4.50925,19.401736,225.598264,264.401736,240.0,254.0
new_muon,"new Muon, horizon optimized",sgd_momentum_muon,horizon_optimized,fc2,13,m_midpoint,3,216.666667,46.800997,27.020568,116.260122,100.406545,332.926789,163.0,249.0
new_muon,"new Muon, horizon optimized",sgd_momentum_muon,horizon_optimized,fc2,14,m_midpoint,3,232.666667,15.044379,8.685876,37.372309,195.294358,270.038975,217.0,247.0
new_muon,"new Muon, horizon optimized",sgd_momentum_muon,horizon_optimized,fc2,15,m_midpoint,3,241.333333,5.033223,2.905933,12.503219,228.830114,253.836552,236.0,246.0
new_muon,"new Muon, horizon optimized",sgd_momentum_muon,horizon_optimized,fc2,16,m_midpoint,3,213.333333,45.346812,26.180994,112.647725,100.685608,325.981058,161.0,241.0
new_muon,"new Muon, horizon optimized",sgd_momentum_muon,horizon_optimized,fc2,17,m_midpoint,3,232.333333,17.47379,10.088497,43.4073,188.926033,275.740634,213.0,247.0
new_muon,"new Muon, horizon optimized",sgd_momentum_muon,horizon_optimized,fc2,18,m_midpoint,3,228.666667,12.74101,7.356025,31.650423,197.016243,260.31709,214.0,237.0
new_muon,"new Muon, horizon optimized",sgd_momentum_muon,horizon_optimized,fc2,19,m_midpoint,3,210.333333,46.198846,26.672916,114.764295,95.569039,325.097628,157.0,238.0
new_muon,"new Muon, horizon optimized",sgd_momentum_muon,horizon_optimized,fc2,20,m_midpoint,3,234.666667,11.150486,6.437736,27.699342,206.967324,262.366009,222.0,243.0
new_muon,"new Muon, horizon optimized",sgd_momentum_muon,horizon_optimized,fc2,21,m_midpoint,3,234.0,11.532563,6.658328,28.648474,205.351526,262.648474,221.0,243.0
new_muon,"new Muon, horizon optimized",sgd_momentum_muon,horizon_optimized,fc2,22,m_midpoint,3,237.666667,14.977761,8.647415,37.206822,200.459845,274.873488,221.0,250.0
new_muon,"new Muon, horizon optimized",sgd_momentum_muon,horizon_optimized,fc2,23,m_midpoint,3,237.0,18.083141,10.440307,44.921013,192.078987,281.921013,220.0,256.0
new_muon,"new Muon, horizon optimized",sgd_momentum_muon,horizon_optimized,fc2,24,m_midpoint,3,236.666667,18.147543,10.477489,45.080997,191.58567,281.747664,220.0,256.0
new_muon,"new Muon, horizon optimized",sgd_momentum_muon,horizon_optimized,fc2,25,m_midpoint,3,233.333333,7.505553,4.333333,18.644828,214.688505,251.978162,226.0,241.0
new_muon,"new Muon, horizon optimized",sgd_momentum_muon,horizon_optimized,fc2,26,m_midpoint,3,234.666667,7.571878,4.371626,18.809587,215.857079,253.476254,226.0,240.0
new_muon,"new Muon, horizon optimized",sgd_momentum_muon,horizon_optimized,fc2,27,m_midpoint,3,233.333333,9.865766,5.696002,24.507921,208.825413,257.841254,222.0,240.0
new_muon,"new Muon, horizon optimized",sgd_momentum_muon,horizon_optimized,fc2,28,m_midpoint,3,232.0,8.717798,5.033223,21.65621,210.34379,253.65621,222.0,238.0
new_muon,"new Muon, horizon optimized",sgd_momentum_muon,horizon_optimized,fc2,29,m_midpoint,3,231.666667,9.291573,5.364492,23.081547,208.585119,254.748214,221.0,238.0
new_muon,"new Muon, horizon optimized",sgd_momentum_muon,horizon_optimized,fc2,30,m_midpoint,3,233.333333,8.962886,5.174725,22.265044,211.068289,255.598378,223.0,239.0
new_muon,"new Muon, horizon optimized",sgd_momentum_muon,horizon_optimized,fc3,0,m_midpoint,3,9.0,0.0,0.0,0.0,9.0,9.0,9.0,9.0
new_muon,"new Muon, horizon optimized",sgd_momentum_muon,horizon_optimized,fc3,1,m_midpoint,3,9.0,0.0,0.0,0.0,9.0,9.0,9.0,9.0
new_muon,"new Muon, horizon optimized",sgd_momentum_muon,horizon_optimized,fc3,2,m_midpoint,3,9.333333,0.57735,0.333333,1.434218,7.899116,10.767551,9.0,10.0
new_muon,"new Muon, horizon optimized",sgd_momentum_muon,horizon_optimized,fc3,3,m_midpoint,3,9.333333,0.57735,0.333333,1.434218,7.899116,10.767551,9.0,10.0
new_muon,"new Muon, horizon optimized",sgd_momentum_muon,horizon_optimized,fc3,4,m_midpoint,3,9.0,0.0,0.0,0.0,9.0,9.0,9.0,9.0
new_muon,"new Muon, horizon optimized",sgd_momentum_muon,horizon_optimized,fc3,5,m_midpoint,3,9.333333,0.57735,0.333333,1.434218,7.899116,10.767551,9.0,10.0
new_muon,"new Muon, horizon optimized",sgd_momentum_muon,horizon_optimized,fc3,6,m_midpoint,3,9.0,0.0,0.0,0.0,9.0,9.0,9.0,9.0
new_muon,"new Muon, horizon optimized",sgd_momentum_muon,horizon_optimized,fc3,7,m_midpoint,3,9.0,0.0,0.0,0.0,9.0,9.0,9.0,9.0
new_muon,"new Muon, horizon optimized",sgd_momentum_muon,horizon_optimized,fc3,8,m_midpoint,3,9.0,0.0,0.0,0.0,9.0,9.0,9.0,9.0
new_muon,"new Muon, horizon optimized",sgd_momentum_muon,horizon_optimized,fc3,9,m_midpoint,3,9.0,0.0,0.0,0.0,9.0,9.0,9.0,9.0
new_muon,"new Muon, horizon optimized",sgd_momentum_muon,horizon_optimized,fc3,10,m_midpoint,3,9.0,0.0,0.0,0.0,9.0,9.0,9.0,9.0
new_muon,"new Muon, horizon optimized",sgd_momentum_muon,horizon_optimized,fc3,11,m_midpoint,3,9.0,0.0,0.0,0.0,9.0,9.0,9.0,9.0
new_muon,"new Muon, horizon optimized",sgd_momentum_muon,horizon_optimized,fc3,12,m_midpoint,3,9.0,0.0,0.0,0.0,9.0,9.0,9.0,9.0
new_muon,"new Muon, horizon optimized",sgd_momentum_muon,horizon_optimized,fc3,13,m_midpoint,3,9.0,0.0,0.0,0.0,9.0,9.0,9.0,9.0
new_muon,"new Muon, horizon optimized",sgd_momentum_muon,horizon_optimized,fc3,14,m_midpoint,3,9.0,0.0,0.0,0.0,9.0,9.0,9.0,9.0
new_muon,"new Muon, horizon optimized",sgd_momentum_muon,horizon_optimized,fc3,15,m_midpoint,3,9.0,0.0,0.0,0.0,9.0,9.0,9.0,9.0
new_muon,"new Muon, horizon optimized",sgd_momentum_muon,horizon_optimized,fc3,16,m_midpoint,3,9.0,0.0,0.0,0.0,9.0,9.0,9.0,9.0
new_muon,"new Muon, horizon optimized",sgd_momentum_muon,horizon_optimized,fc3,17,m_midpoint,3,9.0,0.0,0.0,0.0,9.0,9.0,9.0,9.0
new_muon,"new Muon, horizon optimized",sgd_momentum_muon,horizon_optimized,fc3,18,m_midpoint,3,9.0,0.0,0.0,0.0,9.0,9.0,9.0,9.0
new_muon,"new Muon, horizon optimized",sgd_momentum_muon,horizon_optimized,fc3,19,m_midpoint,3,9.0,0.0,0.0,0.0,9.0,9.0,9.0,9.0
new_muon,"new Muon, horizon optimized",sgd_momentum_muon,horizon_optimized,fc3,20,m_midpoint,3,9.333333,0.57735,0.333333,1.434218,7.899116,10.767551,9.0,10.0
new_muon,"new Muon, horizon optimized",sgd_momentum_muon,horizon_optimized,fc3,21,m_midpoint,3,9.333333,0.57735,0.333333,1.434218,7.899116,10.767551,9.0,10.0
new_muon,"new Muon, horizon optimized",sgd_momentum_muon,horizon_optimized,fc3,22,m_midpoint,3,9.333333,0.57735,0.333333,1.434218,7.899116,10.767551,9.0,10.0
new_muon,"new Muon, horizon optimized",sgd_momentum_muon,horizon_optimized,fc3,23,m_midpoint,3,9.333333,0.57735,0.333333,1.434218,7.899116,10.767551,9.0,10.0
new_muon,"new Muon, horizon optimized",sgd_momentum_muon,horizon_optimized,fc3,24,m_midpoint,3,9.333333,0.57735,0.333333,1.434218,7.899116,10.767551,9.0,10.0
new_muon,"new Muon, horizon optimized",sgd_momentum_muon,horizon_optimized,fc3,25,m_midpoint,3,9.333333,0.57735,0.333333,1.434218,7.899116,10.767551,9.0,10.0
new_muon,"new Muon, horizon optimized",sgd_momentum_muon,horizon_optimized,fc3,26,m_midpoint,3,9.333333,0.57735,0.333333,1.434218,7.899116,10.767551,9.0,10.0
new_muon,"new Muon, horizon optimized",sgd_momentum_muon,horizon_optimized,fc3,27,m_midpoint,3,9.333333,0.57735,0.333333,1.434218,7.899116,10.767551,9.0,10.0
new_muon,"new Muon, horizon optimized",sgd_momentum_muon,horizon_optimized,fc3,28,m_midpoint,3,9.333333,0.57735,0.333333,1.434218,7.899116,10.767551,9.0,10.0
new_muon,"new Muon, horizon optimized",sgd_momentum_muon,horizon_optimized,fc3,29,m_midpoint,3,9.333333,0.57735,0.333333,1.434218,7.899116,10.767551,9.0,10.0
new_muon,"new Muon, horizon optimized",sgd_momentum_muon,horizon_optimized,fc3,30,m_midpoint,3,9.333333,0.57735,0.333333,1.434218,7.899116,10.767551,9.0,10.0
old_muon,old Muon + aux AdamW,sgd_momentum_muon,old,fc1,0,m_midpoint,3,224.0,14.106736,8.144528,35.043075,188.956925,259.043075,209.0,237.0
old_muon,old Muon + aux AdamW,sgd_momentum_muon,old,fc1,1,m_midpoint,3,240.333333,18.036999,10.413666,44.806389,195.526944,285.139723,223.0,259.0
old_muon,old Muon + aux AdamW,sgd_momentum_muon,old,fc1,2,m_midpoint,3,210.0,10.392305,6.0,25.815916,184.184084,235.815916,198.0,216.0
old_muon,old Muon + aux AdamW,sgd_momentum_muon,old,fc1,3,m_midpoint,3,207.333333,11.930353,6.887993,29.636641,177.696692,236.969974,199.0,221.0
old_muon,old Muon + aux AdamW,sgd_momentum_muon,old,fc1,4,m_midpoint,3,186.666667,4.163332,2.403701,10.34229,176.324377,197.008957,182.0,190.0
old_muon,old Muon + aux AdamW,sgd_momentum_muon,old,fc1,5,m_midpoint,3,202.333333,6.658328,3.844188,16.540204,185.793129,218.873537,195.0,208.0
old_muon,old Muon + aux AdamW,sgd_momentum_muon,old,fc1,6,m_midpoint,3,206.666667,15.502688,8.950481,38.510812,168.155855,245.177478,189.0,218.0
old_muon,old Muon + aux AdamW,sgd_momentum_muon,old,fc1,7,m_midpoint,3,201.333333,11.015141,6.359595,27.363127,173.970206,228.696461,190.0,212.0
old_muon,old Muon + aux AdamW,sgd_momentum_muon,old,fc1,8,m_midpoint,3,197.0,15.524175,8.962886,38.564188,158.435812,235.564188,182.0,213.0
old_muon,old Muon + aux AdamW,sgd_momentum_muon,old,fc1,9,m_midpoint,3,213.666667,11.590226,6.69162,28.791717,184.87495,242.458384,206.0,227.0
old_muon,old Muon + aux AdamW,sgd_momentum_muon,old,fc1,10,m_midpoint,3,203.666667,19.347696,11.170397,48.062341,155.604326,251.729007,192.0,226.0
old_muon,old Muon + aux AdamW,sgd_momentum_muon,old,fc1,11,m_midpoint,3,190.0,7.549834,4.358899,18.754828,171.245172,208.754828,182.0,197.0
old_muon,old Muon + aux AdamW,sgd_momentum_muon,old,fc1,12,m_midpoint,3,189.0,2.0,1.154701,4.968275,184.031725,193.968275,187.0,191.0
old_muon,old Muon + aux AdamW,sgd_momentum_muon,old,fc1,13,m_midpoint,3,191.0,2.645751,1.527525,6.572411,184.427589,197.572411,188.0,193.0
old_muon,old Muon + aux AdamW,sgd_momentum_muon,old,fc1,14,m_midpoint,3,194.0,4.358899,2.516611,10.828105,183.171895,204.828105,191.0,199.0
old_muon,old Muon + aux AdamW,sgd_momentum_muon,old,fc1,15,m_midpoint,3,204.0,21.0,12.124356,52.166892,151.833108,256.166892,189.0,228.0
old_muon,old Muon + aux AdamW,sgd_momentum_muon,old,fc1,16,m_midpoint,3,202.333333,22.678918,13.09368,56.337556,145.995777,258.670889,185.0,228.0
old_muon,old Muon + aux AdamW,sgd_momentum_muon,old,fc1,17,m_midpoint,3,200.0,20.223748,11.676187,50.238576,149.761424,250.238576,185.0,223.0
old_muon,old Muon + aux AdamW,sgd_momentum_muon,old,fc1,18,m_midpoint,3,195.666667,35.837597,20.690846,89.025525,106.641141,284.692192,163.0,234.0
old_muon,old Muon + aux AdamW,sgd_momentum_muon,old,fc1,19,m_midpoint,3,205.0,21.656408,12.503333,53.797499,151.202501,258.797499,192.0,230.0
old_muon,old Muon + aux AdamW,sgd_momentum_muon,old,fc1,20,m_midpoint,3,205.0,22.538855,13.012814,55.989621,149.010379,260.989621,191.0,231.0
old_muon,old Muon + aux AdamW,sgd_momentum_muon,old,fc1,21,m_midpoint,3,204.0,22.51666,13.0,55.934485,148.065515,259.934485,191.0,230.0
old_muon,old Muon + aux AdamW,sgd_momentum_muon,old,fc1,22,m_midpoint,3,204.333333,22.233608,12.83658,55.231345,149.101989,259.564678,191.0,230.0
old_muon,old Muon + aux AdamW,sgd_momentum_muon,old,fc1,23,m_midpoint,3,204.666667,20.305993,11.72367,50.442882,154.223785,255.109549,191.0,228.0
old_muon,old Muon + aux AdamW,sgd_momentum_muon,old,fc1,24,m_midpoint,3,201.333333,22.27854,12.862521,55.342961,145.990373,256.676294,187.0,227.0
old_muon,old Muon + aux AdamW,sgd_momentum_muon,old,fc1,25,m_midpoint,3,204.333333,22.27854,12.862521,55.342961,148.990373,259.676294,190.0,230.0
old_muon,old Muon + aux AdamW,sgd_momentum_muon,old,fc1,26,m_midpoint,3,201.666667,23.755701,13.71536,59.012433,142.654234,260.6791,186.0,229.0
old_muon,old Muon + aux AdamW,sgd_momentum_muon,old,fc1,27,m_midpoint,3,202.333333,23.288051,13.445363,57.850726,144.482607,260.18406,186.0,229.0
old_muon,old Muon + aux AdamW,sgd_momentum_muon,old,fc1,28,m_midpoint,3,205.0,20.880613,12.055428,51.870318,153.129682,256.870318,191.0,229.0
old_muon,old Muon + aux AdamW,sgd_momentum_muon,old,fc1,29,m_midpoint,3,204.0,22.605309,13.051181,56.154701,147.845299,260.154701,189.0,230.0
old_muon,old Muon + aux AdamW,sgd_momentum_muon,old,fc1,30,m_midpoint,3,206.666667,21.548395,12.440972,53.529181,153.137486,260.195848,186.0,229.0
old_muon,old Muon + aux AdamW,sgd_momentum_muon,old,fc2,0,m_midpoint,3,203.0,8.888194,5.131601,22.079499,180.920501,225.079499,196.0,213.0
old_muon,old Muon + aux AdamW,sgd_momentum_muon,old,fc2,1,m_midpoint,3,209.333333,5.507571,3.179797,13.681564,195.65177,223.014897,204.0,215.0
old_muon,old Muon + aux AdamW,sgd_momentum_muon,old,fc2,2,m_midpoint,3,197.333333,2.516611,1.452966,6.251609,191.081724,203.584943,195.0,200.0
old_muon,old Muon + aux AdamW,sgd_momentum_muon,old,fc2,3,m_midpoint,3,196.333333,6.506407,3.756476,16.162811,180.170522,212.496145,190.0,203.0
old_muon,old Muon + aux AdamW,sgd_momentum_muon,old,fc2,4,m_midpoint,3,214.666667,18.230012,10.525102,45.28586,169.380807,259.952527,195.0,231.0
old_muon,old Muon + aux AdamW,sgd_momentum_muon,old,fc2,5,m_midpoint,3,207.666667,21.126603,12.19745,52.48139,155.185277,260.148057,188.0,230.0
old_muon,old Muon + aux AdamW,sgd_momentum_muon,old,fc2,6,m_midpoint,3,204.666667,9.504385,5.487359,23.610201,181.056466,228.276868,195.0,214.0
old_muon,old Muon + aux AdamW,sgd_momentum_muon,old,fc2,7,m_midpoint,3,210.666667,25.774665,14.88101,64.027816,146.63885,274.694483,183.0,234.0
old_muon,old Muon + aux AdamW,sgd_momentum_muon,old,fc2,8,m_midpoint,3,216.0,1.732051,1.0,4.302653,211.697347,220.302653,215.0,218.0
old_muon,old Muon + aux AdamW,sgd_momentum_muon,old,fc2,9,m_midpoint,3,209.666667,25.774665,14.88101,64.027816,145.63885,273.694483,182.0,233.0
old_muon,old Muon + aux AdamW,sgd_momentum_muon,old,fc2,10,m_midpoint,3,206.0,23.643181,13.650397,58.732917,147.267083,264.732917,179.0,223.0
old_muon,old Muon + aux AdamW,sgd_momentum_muon,old,fc2,11,m_midpoint,3,208.666667,26.0832,15.059143,64.794261,143.872405,273.460928,180.0,231.0
old_muon,old Muon + aux AdamW,sgd_momentum_muon,old,fc2,12,m_midpoint,3,186.333333,23.115651,13.345827,57.422461,128.910872,243.755794,172.0,213.0
old_muon,old Muon + aux AdamW,sgd_momentum_muon,old,fc2,13,m_midpoint,3,229.0,9.539392,5.507571,23.697163,205.302837,252.697163,219.0,238.0
old_muon,old Muon + aux AdamW,sgd_momentum_muon,old,fc2,14,m_midpoint,3,217.333333,3.785939,2.185813,9.404794,207.92854,226.738127,213.0,220.0
old_muon,old Muon + aux AdamW,sgd_momentum_muon,old,fc2,15,m_midpoint,3,224.666667,11.676187,6.741249,29.005255,195.661411,253.671922,212.0,235.0
old_muon,old Muon + aux AdamW,sgd_momentum_muon,old,fc2,16,m_midpoint,3,217.0,7.0,4.041452,17.388964,199.611036,234.388964,212.0,225.0
old_muon,old Muon + aux AdamW,sgd_momentum_muon,old,fc2,17,m_midpoint,3,228.333333,11.06044,6.385748,27.475656,200.857677,255.808989,218.0,240.0
old_muon,old Muon + aux AdamW,sgd_momentum_muon,old,fc2,18,m_midpoint,3,232.0,15.716234,9.073772,39.041289,192.958711,271.041289,221.0,250.0
old_muon,old Muon + aux AdamW,sgd_momentum_muon,old,fc2,19,m_midpoint,3,229.333333,11.930353,6.887993,29.636641,199.696692,258.969974,221.0,243.0
old_muon,old Muon + aux AdamW,sgd_momentum_muon,old,fc2,20,m_midpoint,3,220.333333,4.725816,2.728451,11.739577,208.593757,232.07291,215.0,224.0
old_muon,old Muon + aux AdamW,sgd_momentum_muon,old,fc2,21,m_midpoint,3,228.0,9.643651,5.567764,23.956157,204.043843,251.956157,221.0,239.0
old_muon,old Muon + aux AdamW,sgd_momentum_muon,old,fc2,22,m_midpoint,3,240.0,18.35756,10.598742,45.602706,194.397294,285.602706,219.0,253.0
old_muon,old Muon + aux AdamW,sgd_momentum_muon,old,fc2,23,m_midpoint,3,226.666667,12.055428,6.960204,29.947342,196.719324,256.614009,214.0,238.0
old_muon,old Muon + aux AdamW,sgd_momentum_muon,old,fc2,24,m_midpoint,3,228.0,9.539392,5.507571,23.697163,204.302837,251.697163,219.0,238.0
old_muon,old Muon + aux AdamW,sgd_momentum_muon,old,fc2,25,m_midpoint,3,228.0,9.539392,5.507571,23.697163,204.302837,251.697163,219.0,238.0
old_muon,old Muon + aux AdamW,sgd_momentum_muon,old,fc2,26,m_midpoint,3,234.333333,14.571662,8.412953,36.198015,198.135318,270.531348,219.0,248.0
old_muon,old Muon + aux AdamW,sgd_momentum_muon,old,fc2,27,m_midpoint,3,234.333333,14.843629,8.569973,36.87362,197.459714,271.206953,218.0,247.0
old_muon,old Muon + aux AdamW,sgd_momentum_muon,old,fc2,28,m_midpoint,3,234.0,14.73092,8.504901,36.593634,197.406366,270.593634,218.0,247.0
old_muon,old Muon + aux AdamW,sgd_momentum_muon,old,fc2,29,m_midpoint,3,233.333333,14.571662,8.412953,36.198015,197.135318,269.531348,218.0,247.0
old_muon,old Muon + aux AdamW,sgd_momentum_muon,old,fc2,30,m_midpoint,3,233.666667,14.640128,8.452482,36.368093,197.298574,270.03476,218.0,247.0
old_muon,old Muon + aux AdamW,sgd_momentum_muon,old,fc3,0,m_midpoint,3,9.0,0.0,0.0,0.0,9.0,9.0,9.0,9.0
old_muon,old Muon + aux AdamW,sgd_momentum_muon,old,fc3,1,m_midpoint,3,9.0,0.0,0.0,0.0,9.0,9.0,9.0,9.0
old_muon,old Muon + aux AdamW,sgd_momentum_muon,old,fc3,2,m_midpoint,3,9.0,0.0,0.0,0.0,9.0,9.0,9.0,9.0
old_muon,old Muon + aux AdamW,sgd_momentum_muon,old,fc3,3,m_midpoint,3,9.333333,0.57735,0.333333,1.434218,7.899116,10.767551,9.0,10.0
old_muon,old Muon + aux AdamW,sgd_momentum_muon,old,fc3,4,m_midpoint,3,9.0,0.0,0.0,0.0,9.0,9.0,9.0,9.0
old_muon,old Muon + aux AdamW,sgd_momentum_muon,old,fc3,5,m_midpoint,3,9.333333,0.57735,0.333333,1.434218,7.899116,10.767551,9.0,10.0
old_muon,old Muon + aux AdamW,sgd_momentum_muon,old,fc3,6,m_midpoint,3,9.666667,0.57735,0.333333,1.434218,8.232449,11.100884,9.0,10.0
old_muon,old Muon + aux AdamW,sgd_momentum_muon,old,fc3,7,m_midpoint,3,9.666667,0.57735,0.333333,1.434218,8.232449,11.100884,9.0,10.0
old_muon,old Muon + aux AdamW,sgd_momentum_muon,old,fc3,8,m_midpoint,3,9.666667,0.57735,0.333333,1.434218,8.232449,11.100884,9.0,10.0
old_muon,old Muon + aux AdamW,sgd_momentum_muon,old,fc3,9,m_midpoint,3,9.666667,0.57735,0.333333,1.434218,8.232449,11.100884,9.0,10.0
old_muon,old Muon + aux AdamW,sgd_momentum_muon,old,fc3,10,m_midpoint,3,9.666667,0.57735,0.333333,1.434218,8.232449,11.100884,9.0,10.0
old_muon,old Muon + aux AdamW,sgd_momentum_muon,old,fc3,11,m_midpoint,3,9.666667,0.57735,0.333333,1.434218,8.232449,11.100884,9.0,10.0
old_muon,old Muon + aux AdamW,sgd_momentum_muon,old,fc3,12,m_midpoint,3,9.666667,0.57735,0.333333,1.434218,8.232449,11.100884,9.0,10.0
old_muon,old Muon + aux AdamW,sgd_momentum_muon,old,fc3,13,m_midpoint,3,9.666667,0.57735,0.333333,1.434218,8.232449,11.100884,9.0,10.0
old_muon,old Muon + aux AdamW,sgd_momentum_muon,old,fc3,14,m_midpoint,3,9.666667,0.57735,0.333333,1.434218,8.232449,11.100884,9.0,10.0
old_muon,old Muon + aux AdamW,sgd_momentum_muon,old,fc3,15,m_midpoint,3,9.666667,0.57735,0.333333,1.434218,8.232449,11.100884,9.0,10.0
old_muon,old Muon + aux AdamW,sgd_momentum_muon,old,fc3,16,m_midpoint,3,9.666667,0.57735,0.333333,1.434218,8.232449,11.100884,9.0,10.0
old_muon,old Muon + aux AdamW,sgd_momentum_muon,old,fc3,17,m_midpoint,3,9.666667,0.57735,0.333333,1.434218,8.232449,11.100884,9.0,10.0
old_muon,old Muon + aux AdamW,sgd_momentum_muon,old,fc3,18,m_midpoint,3,9.666667,0.57735,0.333333,1.434218,8.232449,11.100884,9.0,10.0
old_muon,old Muon + aux AdamW,sgd_momentum_muon,old,fc3,19,m_midpoint,3,9.666667,0.57735,0.333333,1.434218,8.232449,11.100884,9.0,10.0
old_muon,old Muon + aux AdamW,sgd_momentum_muon,old,fc3,20,m_midpoint,3,9.333333,0.57735,0.333333,1.434218,7.899116,10.767551,9.0,10.0
old_muon,old Muon + aux AdamW,sgd_momentum_muon,old,fc3,21,m_midpoint,3,9.333333,0.57735,0.333333,1.434218,7.899116,10.767551,9.0,10.0
old_muon,old Muon + aux AdamW,sgd_momentum_muon,old,fc3,22,m_midpoint,3,9.333333,0.57735,0.333333,1.434218,7.899116,10.767551,9.0,10.0
old_muon,old Muon + aux AdamW,sgd_momentum_muon,old,fc3,23,m_midpoint,3,9.666667,0.57735,0.333333,1.434218,8.232449,11.100884,9.0,10.0
old_muon,old Muon + aux AdamW,sgd_momentum_muon,old,fc3,24,m_midpoint,3,9.333333,0.57735,0.333333,1.434218,7.899116,10.767551,9.0,10.0
old_muon,old Muon + aux AdamW,sgd_momentum_muon,old,fc3,25,m_midpoint,3,9.333333,0.57735,0.333333,1.434218,7.899116,10.767551,9.0,10.0
old_muon,old Muon + aux AdamW,sgd_momentum_muon,old,fc3,26,m_midpoint,3,9.333333,0.57735,0.333333,1.434218,7.899116,10.767551,9.0,10.0
old_muon,old Muon + aux AdamW,sgd_momentum_muon,old,fc3,27,m_midpoint,3,9.333333,0.57735,0.333333,1.434218,7.899116,10.767551,9.0,10.0
old_muon,old Muon + aux AdamW,sgd_momentum_muon,old,fc3,28,m_midpoint,3,9.333333,0.57735,0.333333,1.434218,7.899116,10.767551,9.0,10.0
old_muon,old Muon + aux AdamW,sgd_momentum_muon,old,fc3,29,m_midpoint,3,9.333333,0.57735,0.333333,1.434218,7.899116,10.767551,9.0,10.0
old_muon,old Muon + aux AdamW,sgd_momentum_muon,old,fc3,30,m_midpoint,3,9.333333,0.57735,0.333333,1.434218,7.899116,10.767551,9.0,10.0
new_adamw,"new AdamW, horizon optimized",adamw,horizon_optimized,fc1,0,num_traps,3,0.0,0.0,0.0,0.0,0.0,0.0,0.0,0.0
new_adamw,"new AdamW, horizon optimized",adamw,horizon_optimized,fc1,1,num_traps,3,0.0,0.0,0.0,0.0,0.0,0.0,0.0,0.0
new_adamw,"new AdamW, horizon optimized",adamw,horizon_optimized,fc1,2,num_traps,3,0.0,0.0,0.0,0.0,0.0,0.0,0.0,0.0
new_adamw,"new AdamW, horizon optimized",adamw,horizon_optimized,fc1,3,num_traps,3,0.0,0.0,0.0,0.0,0.0,0.0,0.0,0.0
new_adamw,"new AdamW, horizon optimized",adamw,horizon_optimized,fc1,4,num_traps,3,0.0,0.0,0.0,0.0,0.0,0.0,0.0,0.0
new_adamw,"new AdamW, horizon optimized",adamw,horizon_optimized,fc1,5,num_traps,3,0.0,0.0,0.0,0.0,0.0,0.0,0.0,0.0
new_adamw,"new AdamW, horizon optimized",adamw,horizon_optimized,fc1,6,num_traps,3,0.0,0.0,0.0,0.0,0.0,0.0,0.0,0.0
new_adamw,"new AdamW, horizon optimized",adamw,horizon_optimized,fc1,7,num_traps,3,0.0,0.0,0.0,0.0,0.0,0.0,0.0,0.0
new_adamw,"new AdamW, horizon optimized",adamw,horizon_optimized,fc1,8,num_traps,3,0.0,0.0,0.0,0.0,0.0,0.0,0.0,0.0
new_adamw,"new AdamW, horizon optimized",adamw,horizon_optimized,fc1,9,num_traps,3,0.0,0.0,0.0,0.0,0.0,0.0,0.0,0.0
new_adamw,"new AdamW, horizon optimized",adamw,horizon_optimized,fc1,10,num_traps,3,0.0,0.0,0.0,0.0,0.0,0.0,0.0,0.0
new_adamw,"new AdamW, horizon optimized",adamw,horizon_optimized,fc1,11,num_traps,3,0.0,0.0,0.0,0.0,0.0,0.0,0.0,0.0
new_adamw,"new AdamW, horizon optimized",adamw,horizon_optimized,fc1,12,num_traps,3,0.0,0.0,0.0,0.0,0.0,0.0,0.0,0.0
new_adamw,"new AdamW, horizon optimized",adamw,horizon_optimized,fc1,13,num_traps,3,0.0,0.0,0.0,0.0,0.0,0.0,0.0,0.0
new_adamw,"new AdamW, horizon optimized",adamw,horizon_optimized,fc1,14,num_traps,3,0.0,0.0,0.0,0.0,0.0,0.0,0.0,0.0
new_adamw,"new AdamW, horizon optimized",adamw,horizon_optimized,fc1,15,num_traps,3,0.0,0.0,0.0,0.0,0.0,0.0,0.0,0.0
new_adamw,"new AdamW, horizon optimized",adamw,horizon_optimized,fc1,16,num_traps,3,0.0,0.0,0.0,0.0,0.0,0.0,0.0,0.0
new_adamw,"new AdamW, horizon optimized",adamw,horizon_optimized,fc1,17,num_traps,3,0.0,0.0,0.0,0.0,0.0,0.0,0.0,0.0
new_adamw,"new AdamW, horizon optimized",adamw,horizon_optimized,fc1,18,num_traps,3,0.0,0.0,0.0,0.0,0.0,0.0,0.0,0.0
new_adamw,"new AdamW, horizon optimized",adamw,horizon_optimized,fc1,19,num_traps,3,0.0,0.0,0.0,0.0,0.0,0.0,0.0,0.0
new_adamw,"new AdamW, horizon optimized",adamw,horizon_optimized,fc1,20,num_traps,3,0.0,0.0,0.0,0.0,0.0,0.0,0.0,0.0
new_adamw,"new AdamW, horizon optimized",adamw,horizon_optimized,fc1,21,num_traps,3,0.0,0.0,0.0,0.0,0.0,0.0,0.0,0.0
new_adamw,"new AdamW, horizon optimized",adamw,horizon_optimized,fc1,22,num_traps,3,0.0,0.0,0.0,0.0,0.0,0.0,0.0,0.0
new_adamw,"new AdamW, horizon optimized",adamw,horizon_optimized,fc1,23,num_traps,3,0.0,0.0,0.0,0.0,0.0,0.0,0.0,0.0
new_adamw,"new AdamW, horizon optimized",adamw,horizon_optimized,fc1,24,num_traps,3,0.0,0.0,0.0,0.0,0.0,0.0,0.0,0.0
new_adamw,"new AdamW, horizon optimized",adamw,horizon_optimized,fc1,25,num_traps,3,0.0,0.0,0.0,0.0,0.0,0.0,0.0,0.0
new_adamw,"new AdamW, horizon optimized",adamw,horizon_optimized,fc1,26,num_traps,3,0.0,0.0,0.0,0.0,0.0,0.0,0.0,0.0
new_adamw,"new AdamW, horizon optimized",adamw,horizon_optimized,fc1,27,num_traps,3,0.0,0.0,0.0,0.0,0.0,0.0,0.0,0.0
new_adamw,"new AdamW, horizon optimized",adamw,horizon_optimized,fc1,28,num_traps,3,0.0,0.0,0.0,0.0,0.0,0.0,0.0,0.0
new_adamw,"new AdamW, horizon optimized",adamw,horizon_optimized,fc1,29,num_traps,3,0.0,0.0,0.0,0.0,0.0,0.0,0.0,0.0
new_adamw,"new AdamW, horizon optimized",adamw,horizon_optimized,fc1,30,num_traps,3,0.0,0.0,0.0,0.0,0.0,0.0,0.0,0.0
new_adamw,"new AdamW, horizon optimized",adamw,horizon_optimized,fc2,0,num_traps,3,0.0,0.0,0.0,0.0,0.0,0.0,0.0,0.0
new_adamw,"new AdamW, horizon optimized",adamw,horizon_optimized,fc2,1,num_traps,3,0.0,0.0,0.0,0.0,0.0,0.0,0.0,0.0
new_adamw,"new AdamW, horizon optimized",adamw,horizon_optimized,fc2,2,num_traps,3,0.0,0.0,0.0,0.0,0.0,0.0,0.0,0.0
new_adamw,"new AdamW, horizon optimized",adamw,horizon_optimized,fc2,3,num_traps,3,0.0,0.0,0.0,0.0,0.0,0.0,0.0,0.0
new_adamw,"new AdamW, horizon optimized",adamw,horizon_optimized,fc2,4,num_traps,3,0.0,0.0,0.0,0.0,0.0,0.0,0.0,0.0
new_adamw,"new AdamW, horizon optimized",adamw,horizon_optimized,fc2,5,num_traps,3,0.0,0.0,0.0,0.0,0.0,0.0,0.0,0.0
new_adamw,"new AdamW, horizon optimized",adamw,horizon_optimized,fc2,6,num_traps,3,0.0,0.0,0.0,0.0,0.0,0.0,0.0,0.0
new_adamw,"new AdamW, horizon optimized",adamw,horizon_optimized,fc2,7,num_traps,3,0.0,0.0,0.0,0.0,0.0,0.0,0.0,0.0
new_adamw,"new AdamW, horizon optimized",adamw,horizon_optimized,fc2,8,num_traps,3,0.0,0.0,0.0,0.0,0.0,0.0,0.0,0.0
new_adamw,"new AdamW, horizon optimized",adamw,horizon_optimized,fc2,9,num_traps,3,0.0,0.0,0.0,0.0,0.0,0.0,0.0,0.0
new_adamw,"new AdamW, horizon optimized",adamw,horizon_optimized,fc2,10,num_traps,3,0.0,0.0,0.0,0.0,0.0,0.0,0.0,0.0
new_adamw,"new AdamW, horizon optimized",adamw,horizon_optimized,fc2,11,num_traps,3,0.0,0.0,0.0,0.0,0.0,0.0,0.0,0.0
new_adamw,"new AdamW, horizon optimized",adamw,horizon_optimized,fc2,12,num_traps,3,0.0,0.0,0.0,0.0,0.0,0.0,0.0,0.0
new_adamw,"new AdamW, horizon optimized",adamw,horizon_optimized,fc2,13,num_traps,3,0.0,0.0,0.0,0.0,0.0,0.0,0.0,0.0
new_adamw,"new AdamW, horizon optimized",adamw,horizon_optimized,fc2,14,num_traps,3,0.0,0.0,0.0,0.0,0.0,0.0,0.0,0.0
new_adamw,"new AdamW, horizon optimized",adamw,horizon_optimized,fc2,15,num_traps,3,0.0,0.0,0.0,0.0,0.0,0.0,0.0,0.0
new_adamw,"new AdamW, horizon optimized",adamw,horizon_optimized,fc2,16,num_traps,3,0.0,0.0,0.0,0.0,0.0,0.0,0.0,0.0
new_adamw,"new AdamW, horizon optimized",adamw,horizon_optimized,fc2,17,num_traps,3,0.0,0.0,0.0,0.0,0.0,0.0,0.0,0.0
new_adamw,"new AdamW, horizon optimized",adamw,horizon_optimized,fc2,18,num_traps,3,0.0,0.0,0.0,0.0,0.0,0.0,0.0,0.0
new_adamw,"new AdamW, horizon optimized",adamw,horizon_optimized,fc2,19,num_traps,3,0.0,0.0,0.0,0.0,0.0,0.0,0.0,0.0
new_adamw,"new AdamW, horizon optimized",adamw,horizon_optimized,fc2,20,num_traps,3,0.0,0.0,0.0,0.0,0.0,0.0,0.0,0.0
new_adamw,"new AdamW, horizon optimized",adamw,horizon_optimized,fc2,21,num_traps,3,0.0,0.0,0.0,0.0,0.0,0.0,0.0,0.0
new_adamw,"new AdamW, horizon optimized",adamw,horizon_optimized,fc2,22,num_traps,3,0.0,0.0,0.0,0.0,0.0,0.0,0.0,0.0
new_adamw,"new AdamW, horizon optimized",adamw,horizon_optimized,fc2,23,num_traps,3,0.0,0.0,0.0,0.0,0.0,0.0,0.0,0.0
new_adamw,"new AdamW, horizon optimized",adamw,horizon_optimized,fc2,24,num_traps,3,0.0,0.0,0.0,0.0,0.0,0.0,0.0,0.0
new_adamw,"new AdamW, horizon optimized",adamw,horizon_optimized,fc2,25,num_traps,3,0.0,0.0,0.0,0.0,0.0,0.0,0.0,0.0
new_adamw,"new AdamW, horizon optimized",adamw,horizon_optimized,fc2,26,num_traps,3,0.0,0.0,0.0,0.0,0.0,0.0,0.0,0.0
new_adamw,"new AdamW, horizon optimized",adamw,horizon_optimized,fc2,27,num_traps,3,0.0,0.0,0.0,0.0,0.0,0.0,0.0,0.0
new_adamw,"new AdamW, horizon optimized",adamw,horizon_optimized,fc2,28,num_traps,3,0.0,0.0,0.0,0.0,0.0,0.0,0.0,0.0
new_adamw,"new AdamW, horizon optimized",adamw,horizon_optimized,fc2,29,num_traps,3,0.0,0.0,0.0,0.0,0.0,0.0,0.0,0.0
new_adamw,"new AdamW, horizon optimized",adamw,horizon_optimized,fc2,30,num_traps,3,0.0,0.0,0.0,0.0,0.0,0.0,0.0,0.0
new_adamw,"new AdamW, horizon optimized",adamw,horizon_optimized,fc3,0,num_traps,3,0.0,0.0,0.0,0.0,0.0,0.0,0.0,0.0
new_adamw,"new AdamW, horizon optimized",adamw,horizon_optimized,fc3,1,num_traps,3,0.0,0.0,0.0,0.0,0.0,0.0,0.0,0.0
new_adamw,"new AdamW, horizon optimized",adamw,horizon_optimized,fc3,2,num_traps,3,0.0,0.0,0.0,0.0,0.0,0.0,0.0,0.0
new_adamw,"new AdamW, horizon optimized",adamw,horizon_optimized,fc3,3,num_traps,3,0.0,0.0,0.0,0.0,0.0,0.0,0.0,0.0
new_adamw,"new AdamW, horizon optimized",adamw,horizon_optimized,fc3,4,num_traps,3,0.0,0.0,0.0,0.0,0.0,0.0,0.0,0.0
new_adamw,"new AdamW, horizon optimized",adamw,horizon_optimized,fc3,5,num_traps,3,0.0,0.0,0.0,0.0,0.0,0.0,0.0,0.0
new_adamw,"new AdamW, horizon optimized",adamw,horizon_optimized,fc3,6,num_traps,3,0.0,0.0,0.0,0.0,0.0,0.0,0.0,0.0
new_adamw,"new AdamW, horizon optimized",adamw,horizon_optimized,fc3,7,num_traps,3,0.0,0.0,0.0,0.0,0.0,0.0,0.0,0.0
new_adamw,"new AdamW, horizon optimized",adamw,horizon_optimized,fc3,8,num_traps,3,0.0,0.0,0.0,0.0,0.0,0.0,0.0,0.0
new_adamw,"new AdamW, horizon optimized",adamw,horizon_optimized,fc3,9,num_traps,3,0.0,0.0,0.0,0.0,0.0,0.0,0.0,0.0
new_adamw,"new AdamW, horizon optimized",adamw,horizon_optimized,fc3,10,num_traps,3,0.0,0.0,0.0,0.0,0.0,0.0,0.0,0.0
new_adamw,"new AdamW, horizon optimized",adamw,horizon_optimized,fc3,11,num_traps,3,0.0,0.0,0.0,0.0,0.0,0.0,0.0,0.0
new_adamw,"new AdamW, horizon optimized",adamw,horizon_optimized,fc3,12,num_traps,3,0.0,0.0,0.0,0.0,0.0,0.0,0.0,0.0
new_adamw,"new AdamW, horizon optimized",adamw,horizon_optimized,fc3,13,num_traps,3,0.0,0.0,0.0,0.0,0.0,0.0,0.0,0.0
new_adamw,"new AdamW, horizon optimized",adamw,horizon_optimized,fc3,14,num_traps,3,0.0,0.0,0.0,0.0,0.0,0.0,0.0,0.0
new_adamw,"new AdamW, horizon optimized",adamw,horizon_optimized,fc3,15,num_traps,3,0.0,0.0,0.0,0.0,0.0,0.0,0.0,0.0
new_adamw,"new AdamW, horizon optimized",adamw,horizon_optimized,fc3,16,num_traps,3,0.0,0.0,0.0,0.0,0.0,0.0,0.0,0.0
new_adamw,"new AdamW, horizon optimized",adamw,horizon_optimized,fc3,17,num_traps,3,0.0,0.0,0.0,0.0,0.0,0.0,0.0,0.0
new_adamw,"new AdamW, horizon optimized",adamw,horizon_optimized,fc3,18,num_traps,3,0.0,0.0,0.0,0.0,0.0,0.0,0.0,0.0
new_adamw,"new AdamW, horizon optimized",adamw,horizon_optimized,fc3,19,num_traps,3,0.0,0.0,0.0,0.0,0.0,0.0,0.0,0.0
new_adamw,"new AdamW, horizon optimized",adamw,horizon_optimized,fc3,20,num_traps,3,0.0,0.0,0.0,0.0,0.0,0.0,0.0,0.0
new_adamw,"new AdamW, horizon optimized",adamw,horizon_optimized,fc3,21,num_traps,3,0.0,0.0,0.0,0.0,0.0,0.0,0.0,0.0
new_adamw,"new AdamW, horizon optimized",adamw,horizon_optimized,fc3,22,num_traps,3,0.0,0.0,0.0,0.0,0.0,0.0,0.0,0.0
new_adamw,"new AdamW, horizon optimized",adamw,horizon_optimized,fc3,23,num_traps,3,0.0,0.0,0.0,0.0,0.0,0.0,0.0,0.0
new_adamw,"new AdamW, horizon optimized",adamw,horizon_optimized,fc3,24,num_traps,3,0.0,0.0,0.0,0.0,0.0,0.0,0.0,0.0
new_adamw,"new AdamW, horizon optimized",adamw,horizon_optimized,fc3,25,num_traps,3,0.0,0.0,0.0,0.0,0.0,0.0,0.0,0.0
new_adamw,"new AdamW, horizon optimized",adamw,horizon_optimized,fc3,26,num_traps,3,0.0,0.0,0.0,0.0,0.0,0.0,0.0,0.0
new_adamw,"new AdamW, horizon optimized",adamw,horizon_optimized,fc3,27,num_traps,3,0.0,0.0,0.0,0.0,0.0,0.0,0.0,0.0
new_adamw,"new AdamW, horizon optimized",adamw,horizon_optimized,fc3,28,num_traps,3,0.0,0.0,0.0,0.0,0.0,0.0,0.0,0.0
new_adamw,"new AdamW, horizon optimized",adamw,horizon_optimized,fc3,29,num_traps,3,0.0,0.0,0.0,0.0,0.0,0.0,0.0,0.0
new_adamw,"new AdamW, horizon optimized",adamw,horizon_optimized,fc3,30,num_traps,3,0.0,0.0,0.0,0.0,0.0,0.0,0.0,0.0
old_adamw,old AdamW,adamw,old,fc1,0,num_traps,3,0.0,0.0,0.0,0.0,0.0,0.0,0.0,0.0
old_adamw,old AdamW,adamw,old,fc1,1,num_traps,3,0.0,0.0,0.0,0.0,0.0,0.0,0.0,0.0
old_adamw,old AdamW,adamw,old,fc1,2,num_traps,3,0.0,0.0,0.0,0.0,0.0,0.0,0.0,0.0
old_adamw,old AdamW,adamw,old,fc1,3,num_traps,3,0.0,0.0,0.0,0.0,0.0,0.0,0.0,0.0
old_adamw,old AdamW,adamw,old,fc1,4,num_traps,3,0.0,0.0,0.0,0.0,0.0,0.0,0.0,0.0
old_adamw,old AdamW,adamw,old,fc1,5,num_traps,3,0.0,0.0,0.0,0.0,0.0,0.0,0.0,0.0
old_adamw,old AdamW,adamw,old,fc1,6,num_traps,3,0.0,0.0,0.0,0.0,0.0,0.0,0.0,0.0
old_adamw,old AdamW,adamw,old,fc1,7,num_traps,3,0.0,0.0,0.0,0.0,0.0,0.0,0.0,0.0
old_adamw,old AdamW,adamw,old,fc1,8,num_traps,3,0.0,0.0,0.0,0.0,0.0,0.0,0.0,0.0
old_adamw,old AdamW,adamw,old,fc1,9,num_traps,3,0.0,0.0,0.0,0.0,0.0,0.0,0.0,0.0
old_adamw,old AdamW,adamw,old,fc1,10,num_traps,3,0.0,0.0,0.0,0.0,0.0,0.0,0.0,0.0
old_adamw,old AdamW,adamw,old,fc1,11,num_traps,3,0.0,0.0,0.0,0.0,0.0,0.0,0.0,0.0
old_adamw,old AdamW,adamw,old,fc1,12,num_traps,3,0.0,0.0,0.0,0.0,0.0,0.0,0.0,0.0
old_adamw,old AdamW,adamw,old,fc1,13,num_traps,3,0.0,0.0,0.0,0.0,0.0,0.0,0.0,0.0
old_adamw,old AdamW,adamw,old,fc1,14,num_traps,3,0.0,0.0,0.0,0.0,0.0,0.0,0.0,0.0
old_adamw,old AdamW,adamw,old,fc1,15,num_traps,3,0.0,0.0,0.0,0.0,0.0,0.0,0.0,0.0
old_adamw,old AdamW,adamw,old,fc1,16,num_traps,3,0.0,0.0,0.0,0.0,0.0,0.0,0.0,0.0
old_adamw,old AdamW,adamw,old,fc1,17,num_traps,3,0.0,0.0,0.0,0.0,0.0,0.0,0.0,0.0
old_adamw,old AdamW,adamw,old,fc1,18,num_traps,3,0.0,0.0,0.0,0.0,0.0,0.0,0.0,0.0
old_adamw,old AdamW,adamw,old,fc1,19,num_traps,3,0.0,0.0,0.0,0.0,0.0,0.0,0.0,0.0
old_adamw,old AdamW,adamw,old,fc1,20,num_traps,3,0.0,0.0,0.0,0.0,0.0,0.0,0.0,0.0
old_adamw,old AdamW,adamw,old,fc1,21,num_traps,3,0.0,0.0,0.0,0.0,0.0,0.0,0.0,0.0
old_adamw,old AdamW,adamw,old,fc1,22,num_traps,3,0.0,0.0,0.0,0.0,0.0,0.0,0.0,0.0
old_adamw,old AdamW,adamw,old,fc1,23,num_traps,3,0.0,0.0,0.0,0.0,0.0,0.0,0.0,0.0
old_adamw,old AdamW,adamw,old,fc1,24,num_traps,3,0.0,0.0,0.0,0.0,0.0,0.0,0.0,0.0
old_adamw,old AdamW,adamw,old,fc1,25,num_traps,3,0.0,0.0,0.0,0.0,0.0,0.0,0.0,0.0
old_adamw,old AdamW,adamw,old,fc1,26,num_traps,3,0.0,0.0,0.0,0.0,0.0,0.0,0.0,0.0
old_adamw,old AdamW,adamw,old,fc1,27,num_traps,3,0.0,0.0,0.0,0.0,0.0,0.0,0.0,0.0
old_adamw,old AdamW,adamw,old,fc1,28,num_traps,3,0.0,0.0,0.0,0.0,0.0,0.0,0.0,0.0
old_adamw,old AdamW,adamw,old,fc1,29,num_traps,3,0.0,0.0,0.0,0.0,0.0,0.0,0.0,0.0
old_adamw,old AdamW,adamw,old,fc1,30,num_traps,3,0.0,0.0,0.0,0.0,0.0,0.0,0.0,0.0
old_adamw,old AdamW,adamw,old,fc2,0,num_traps,3,0.0,0.0,0.0,0.0,0.0,0.0,0.0,0.0
old_adamw,old AdamW,adamw,old,fc2,1,num_traps,3,0.0,0.0,0.0,0.0,0.0,0.0,0.0,0.0
old_adamw,old AdamW,adamw,old,fc2,2,num_traps,3,0.0,0.0,0.0,0.0,0.0,0.0,0.0,0.0
old_adamw,old AdamW,adamw,old,fc2,3,num_traps,3,0.666667,0.57735,0.333333,1.434218,-0.767551,2.100884,0.0,1.0
old_adamw,old AdamW,adamw,old,fc2,4,num_traps,3,1.0,0.0,0.0,0.0,1.0,1.0,1.0,1.0
old_adamw,old AdamW,adamw,old,fc2,5,num_traps,3,1.0,0.0,0.0,0.0,1.0,1.0,1.0,1.0
old_adamw,old AdamW,adamw,old,fc2,6,num_traps,3,1.0,0.0,0.0,0.0,1.0,1.0,1.0,1.0
old_adamw,old AdamW,adamw,old,fc2,7,num_traps,3,1.0,0.0,0.0,0.0,1.0,1.0,1.0,1.0
old_adamw,old AdamW,adamw,old,fc2,8,num_traps,3,1.0,0.0,0.0,0.0,1.0,1.0,1.0,1.0
old_adamw,old AdamW,adamw,old,fc2,9,num_traps,3,1.0,0.0,0.0,0.0,1.0,1.0,1.0,1.0
old_adamw,old AdamW,adamw,old,fc2,10,num_traps,3,1.0,0.0,0.0,0.0,1.0,1.0,1.0,1.0
old_adamw,old AdamW,adamw,old,fc2,11,num_traps,3,1.0,0.0,0.0,0.0,1.0,1.0,1.0,1.0
old_adamw,old AdamW,adamw,old,fc2,12,num_traps,3,1.0,0.0,0.0,0.0,1.0,1.0,1.0,1.0
old_adamw,old AdamW,adamw,old,fc2,13,num_traps,3,1.0,0.0,0.0,0.0,1.0,1.0,1.0,1.0
old_adamw,old AdamW,adamw,old,fc2,14,num_traps,3,1.0,0.0,0.0,0.0,1.0,1.0,1.0,1.0
old_adamw,old AdamW,adamw,old,fc2,15,num_traps,3,1.0,0.0,0.0,0.0,1.0,1.0,1.0,1.0
old_adamw,old AdamW,adamw,old,fc2,16,num_traps,3,1.0,0.0,0.0,0.0,1.0,1.0,1.0,1.0
old_adamw,old AdamW,adamw,old,fc2,17,num_traps,3,1.0,0.0,0.0,0.0,1.0,1.0,1.0,1.0
old_adamw,old AdamW,adamw,old,fc2,18,num_traps,3,1.0,0.0,0.0,0.0,1.0,1.0,1.0,1.0
old_adamw,old AdamW,adamw,old,fc2,19,num_traps,3,1.0,0.0,0.0,0.0,1.0,1.0,1.0,1.0
old_adamw,old AdamW,adamw,old,fc2,20,num_traps,3,1.0,0.0,0.0,0.0,1.0,1.0,1.0,1.0
old_adamw,old AdamW,adamw,old,fc2,21,num_traps,3,1.0,0.0,0.0,0.0,1.0,1.0,1.0,1.0
old_adamw,old AdamW,adamw,old,fc2,22,num_traps,3,1.0,0.0,0.0,0.0,1.0,1.0,1.0,1.0
old_adamw,old AdamW,adamw,old,fc2,23,num_traps,3,1.0,0.0,0.0,0.0,1.0,1.0,1.0,1.0
old_adamw,old AdamW,adamw,old,fc2,24,num_traps,3,1.0,0.0,0.0,0.0,1.0,1.0,1.0,1.0
old_adamw,old AdamW,adamw,old,fc2,25,num_traps,3,1.0,0.0,0.0,0.0,1.0,1.0,1.0,1.0
old_adamw,old AdamW,adamw,old,fc2,26,num_traps,3,1.0,0.0,0.0,0.0,1.0,1.0,1.0,1.0
old_adamw,old AdamW,adamw,old,fc2,27,num_traps,3,1.0,0.0,0.0,0.0,1.0,1.0,1.0,1.0
old_adamw,old AdamW,adamw,old,fc2,28,num_traps,3,1.0,0.0,0.0,0.0,1.0,1.0,1.0,1.0
old_adamw,old AdamW,adamw,old,fc2,29,num_traps,3,1.0,0.0,0.0,0.0,1.0,1.0,1.0,1.0
old_adamw,old AdamW,adamw,old,fc2,30,num_traps,3,1.0,0.0,0.0,0.0,1.0,1.0,1.0,1.0
old_adamw,old AdamW,adamw,old,fc3,0,num_traps,3,0.0,0.0,0.0,0.0,0.0,0.0,0.0,0.0
old_adamw,old AdamW,adamw,old,fc3,1,num_traps,3,0.0,0.0,0.0,0.0,0.0,0.0,0.0,0.0
old_adamw,old AdamW,adamw,old,fc3,2,num_traps,3,0.0,0.0,0.0,0.0,0.0,0.0,0.0,0.0
old_adamw,old AdamW,adamw,old,fc3,3,num_traps,3,0.0,0.0,0.0,0.0,0.0,0.0,0.0,0.0
old_adamw,old AdamW,adamw,old,fc3,4,num_traps,3,0.0,0.0,0.0,0.0,0.0,0.0,0.0,0.0
old_adamw,old AdamW,adamw,old,fc3,5,num_traps,3,0.0,0.0,0.0,0.0,0.0,0.0,0.0,0.0
old_adamw,old AdamW,adamw,old,fc3,6,num_traps,3,0.0,0.0,0.0,0.0,0.0,0.0,0.0,0.0
old_adamw,old AdamW,adamw,old,fc3,7,num_traps,3,0.0,0.0,0.0,0.0,0.0,0.0,0.0,0.0
old_adamw,old AdamW,adamw,old,fc3,8,num_traps,3,0.0,0.0,0.0,0.0,0.0,0.0,0.0,0.0
old_adamw,old AdamW,adamw,old,fc3,9,num_traps,3,0.0,0.0,0.0,0.0,0.0,0.0,0.0,0.0
old_adamw,old AdamW,adamw,old,fc3,10,num_traps,3,0.0,0.0,0.0,0.0,0.0,0.0,0.0,0.0
old_adamw,old AdamW,adamw,old,fc3,11,num_traps,3,0.0,0.0,0.0,0.0,0.0,0.0,0.0,0.0
old_adamw,old AdamW,adamw,old,fc3,12,num_traps,3,0.0,0.0,0.0,0.0,0.0,0.0,0.0,0.0
old_adamw,old AdamW,adamw,old,fc3,13,num_traps,3,0.0,0.0,0.0,0.0,0.0,0.0,0.0,0.0
old_adamw,old AdamW,adamw,old,fc3,14,num_traps,3,0.0,0.0,0.0,0.0,0.0,0.0,0.0,0.0
old_adamw,old AdamW,adamw,old,fc3,15,num_traps,3,0.0,0.0,0.0,0.0,0.0,0.0,0.0,0.0
old_adamw,old AdamW,adamw,old,fc3,16,num_traps,3,0.0,0.0,0.0,0.0,0.0,0.0,0.0,0.0
old_adamw,old AdamW,adamw,old,fc3,17,num_traps,3,0.0,0.0,0.0,0.0,0.0,0.0,0.0,0.0
old_adamw,old AdamW,adamw,old,fc3,18,num_traps,3,0.0,0.0,0.0,0.0,0.0,0.0,0.0,0.0
old_adamw,old AdamW,adamw,old,fc3,19,num_traps,3,0.0,0.0,0.0,0.0,0.0,0.0,0.0,0.0
old_adamw,old AdamW,adamw,old,fc3,20,num_traps,3,0.0,0.0,0.0,0.0,0.0,0.0,0.0,0.0
old_adamw,old AdamW,adamw,old,fc3,21,num_traps,3,0.0,0.0,0.0,0.0,0.0,0.0,0.0,0.0
old_adamw,old AdamW,adamw,old,fc3,22,num_traps,3,0.0,0.0,0.0,0.0,0.0,0.0,0.0,0.0
old_adamw,old AdamW,adamw,old,fc3,23,num_traps,3,0.0,0.0,0.0,0.0,0.0,0.0,0.0,0.0
old_adamw,old AdamW,adamw,old,fc3,24,num_traps,3,0.0,0.0,0.0,0.0,0.0,0.0,0.0,0.0
old_adamw,old AdamW,adamw,old,fc3,25,num_traps,3,0.0,0.0,0.0,0.0,0.0,0.0,0.0,0.0
old_adamw,old AdamW,adamw,old,fc3,26,num_traps,3,0.0,0.0,0.0,0.0,0.0,0.0,0.0,0.0
old_adamw,old AdamW,adamw,old,fc3,27,num_traps,3,0.0,0.0,0.0,0.0,0.0,0.0,0.0,0.0
old_adamw,old AdamW,adamw,old,fc3,28,num_traps,3,0.0,0.0,0.0,0.0,0.0,0.0,0.0,0.0
old_adamw,old AdamW,adamw,old,fc3,29,num_traps,3,0.0,0.0,0.0,0.0,0.0,0.0,0.0,0.0
old_adamw,old AdamW,adamw,old,fc3,30,num_traps,3,0.0,0.0,0.0,0.0,0.0,0.0,0.0,0.0
old_sgd,old SGD + Nesterov,sgd_momentum,old,fc1,0,num_traps,3,0.0,0.0,0.0,0.0,0.0,0.0,0.0,0.0
old_sgd,old SGD + Nesterov,sgd_momentum,old,fc1,1,num_traps,3,0.0,0.0,0.0,0.0,0.0,0.0,0.0,0.0
old_sgd,old SGD + Nesterov,sgd_momentum,old,fc1,2,num_traps,3,0.0,0.0,0.0,0.0,0.0,0.0,0.0,0.0
old_sgd,old SGD + Nesterov,sgd_momentum,old,fc1,3,num_traps,3,0.0,0.0,0.0,0.0,0.0,0.0,0.0,0.0
old_sgd,old SGD + Nesterov,sgd_momentum,old,fc1,4,num_traps,3,0.0,0.0,0.0,0.0,0.0,0.0,0.0,0.0
old_sgd,old SGD + Nesterov,sgd_momentum,old,fc1,5,num_traps,3,0.0,0.0,0.0,0.0,0.0,0.0,0.0,0.0
old_sgd,old SGD + Nesterov,sgd_momentum,old,fc1,6,num_traps,3,0.0,0.0,0.0,0.0,0.0,0.0,0.0,0.0
old_sgd,old SGD + Nesterov,sgd_momentum,old,fc1,7,num_traps,3,0.0,0.0,0.0,0.0,0.0,0.0,0.0,0.0
old_sgd,old SGD + Nesterov,sgd_momentum,old,fc1,8,num_traps,3,0.0,0.0,0.0,0.0,0.0,0.0,0.0,0.0
old_sgd,old SGD + Nesterov,sgd_momentum,old,fc1,9,num_traps,3,0.0,0.0,0.0,0.0,0.0,0.0,0.0,0.0
old_sgd,old SGD + Nesterov,sgd_momentum,old,fc1,10,num_traps,3,0.0,0.0,0.0,0.0,0.0,0.0,0.0,0.0
old_sgd,old SGD + Nesterov,sgd_momentum,old,fc1,11,num_traps,3,0.0,0.0,0.0,0.0,0.0,0.0,0.0,0.0
old_sgd,old SGD + Nesterov,sgd_momentum,old,fc1,12,num_traps,3,0.0,0.0,0.0,0.0,0.0,0.0,0.0,0.0
old_sgd,old SGD + Nesterov,sgd_momentum,old,fc1,13,num_traps,3,0.0,0.0,0.0,0.0,0.0,0.0,0.0,0.0
old_sgd,old SGD + Nesterov,sgd_momentum,old,fc1,14,num_traps,3,0.0,0.0,0.0,0.0,0.0,0.0,0.0,0.0
old_sgd,old SGD + Nesterov,sgd_momentum,old,fc1,15,num_traps,3,0.0,0.0,0.0,0.0,0.0,0.0,0.0,0.0
old_sgd,old SGD + Nesterov,sgd_momentum,old,fc1,16,num_traps,3,0.0,0.0,0.0,0.0,0.0,0.0,0.0,0.0
old_sgd,old SGD + Nesterov,sgd_momentum,old,fc1,17,num_traps,3,0.0,0.0,0.0,0.0,0.0,0.0,0.0,0.0
old_sgd,old SGD + Nesterov,sgd_momentum,old,fc1,18,num_traps,3,0.0,0.0,0.0,0.0,0.0,0.0,0.0,0.0
old_sgd,old SGD + Nesterov,sgd_momentum,old,fc1,19,num_traps,3,0.0,0.0,0.0,0.0,0.0,0.0,0.0,0.0
old_sgd,old SGD + Nesterov,sgd_momentum,old,fc1,20,num_traps,3,0.0,0.0,0.0,0.0,0.0,0.0,0.0,0.0
old_sgd,old SGD + Nesterov,sgd_momentum,old,fc1,21,num_traps,3,0.0,0.0,0.0,0.0,0.0,0.0,0.0,0.0
old_sgd,old SGD + Nesterov,sgd_momentum,old,fc1,22,num_traps,3,0.0,0.0,0.0,0.0,0.0,0.0,0.0,0.0
old_sgd,old SGD + Nesterov,sgd_momentum,old,fc1,23,num_traps,3,0.0,0.0,0.0,0.0,0.0,0.0,0.0,0.0
old_sgd,old SGD + Nesterov,sgd_momentum,old,fc1,24,num_traps,3,0.0,0.0,0.0,0.0,0.0,0.0,0.0,0.0
old_sgd,old SGD + Nesterov,sgd_momentum,old,fc1,25,num_traps,3,0.0,0.0,0.0,0.0,0.0,0.0,0.0,0.0
old_sgd,old SGD + Nesterov,sgd_momentum,old,fc1,26,num_traps,3,0.0,0.0,0.0,0.0,0.0,0.0,0.0,0.0
old_sgd,old SGD + Nesterov,sgd_momentum,old,fc1,27,num_traps,3,0.0,0.0,0.0,0.0,0.0,0.0,0.0,0.0
old_sgd,old SGD + Nesterov,sgd_momentum,old,fc1,28,num_traps,3,0.0,0.0,0.0,0.0,0.0,0.0,0.0,0.0
old_sgd,old SGD + Nesterov,sgd_momentum,old,fc1,29,num_traps,3,0.0,0.0,0.0,0.0,0.0,0.0,0.0,0.0
old_sgd,old SGD + Nesterov,sgd_momentum,old,fc1,30,num_traps,3,0.0,0.0,0.0,0.0,0.0,0.0,0.0,0.0
old_sgd,old SGD + Nesterov,sgd_momentum,old,fc2,0,num_traps,3,0.0,0.0,0.0,0.0,0.0,0.0,0.0,0.0
old_sgd,old SGD + Nesterov,sgd_momentum,old,fc2,1,num_traps,3,0.0,0.0,0.0,0.0,0.0,0.0,0.0,0.0
old_sgd,old SGD + Nesterov,sgd_momentum,old,fc2,2,num_traps,3,0.0,0.0,0.0,0.0,0.0,0.0,0.0,0.0
old_sgd,old SGD + Nesterov,sgd_momentum,old,fc2,3,num_traps,3,0.0,0.0,0.0,0.0,0.0,0.0,0.0,0.0
old_sgd,old SGD + Nesterov,sgd_momentum,old,fc2,4,num_traps,3,0.0,0.0,0.0,0.0,0.0,0.0,0.0,0.0
old_sgd,old SGD + Nesterov,sgd_momentum,old,fc2,5,num_traps,3,0.0,0.0,0.0,0.0,0.0,0.0,0.0,0.0
old_sgd,old SGD + Nesterov,sgd_momentum,old,fc2,6,num_traps,3,0.0,0.0,0.0,0.0,0.0,0.0,0.0,0.0
old_sgd,old SGD + Nesterov,sgd_momentum,old,fc2,7,num_traps,3,0.0,0.0,0.0,0.0,0.0,0.0,0.0,0.0
old_sgd,old SGD + Nesterov,sgd_momentum,old,fc2,8,num_traps,3,0.0,0.0,0.0,0.0,0.0,0.0,0.0,0.0
old_sgd,old SGD + Nesterov,sgd_momentum,old,fc2,9,num_traps,3,0.0,0.0,0.0,0.0,0.0,0.0,0.0,0.0
old_sgd,old SGD + Nesterov,sgd_momentum,old,fc2,10,num_traps,3,0.0,0.0,0.0,0.0,0.0,0.0,0.0,0.0
old_sgd,old SGD + Nesterov,sgd_momentum,old,fc2,11,num_traps,3,0.0,0.0,0.0,0.0,0.0,0.0,0.0,0.0
old_sgd,old SGD + Nesterov,sgd_momentum,old,fc2,12,num_traps,3,0.0,0.0,0.0,0.0,0.0,0.0,0.0,0.0
old_sgd,old SGD + Nesterov,sgd_momentum,old,fc2,13,num_traps,3,0.0,0.0,0.0,0.0,0.0,0.0,0.0,0.0
old_sgd,old SGD + Nesterov,sgd_momentum,old,fc2,14,num_traps,3,0.0,0.0,0.0,0.0,0.0,0.0,0.0,0.0
old_sgd,old SGD + Nesterov,sgd_momentum,old,fc2,15,num_traps,3,0.0,0.0,0.0,0.0,0.0,0.0,0.0,0.0
old_sgd,old SGD + Nesterov,sgd_momentum,old,fc2,16,num_traps,3,0.0,0.0,0.0,0.0,0.0,0.0,0.0,0.0
old_sgd,old SGD + Nesterov,sgd_momentum,old,fc2,17,num_traps,3,0.0,0.0,0.0,0.0,0.0,0.0,0.0,0.0
old_sgd,old SGD + Nesterov,sgd_momentum,old,fc2,18,num_traps,3,0.0,0.0,0.0,0.0,0.0,0.0,0.0,0.0
old_sgd,old SGD + Nesterov,sgd_momentum,old,fc2,19,num_traps,3,0.0,0.0,0.0,0.0,0.0,0.0,0.0,0.0
old_sgd,old SGD + Nesterov,sgd_momentum,old,fc2,20,num_traps,3,0.0,0.0,0.0,0.0,0.0,0.0,0.0,0.0
old_sgd,old SGD + Nesterov,sgd_momentum,old,fc2,21,num_traps,3,0.0,0.0,0.0,0.0,0.0,0.0,0.0,0.0
old_sgd,old SGD + Nesterov,sgd_momentum,old,fc2,22,num_traps,3,0.0,0.0,0.0,0.0,0.0,0.0,0.0,0.0
old_sgd,old SGD + Nesterov,sgd_momentum,old,fc2,23,num_traps,3,0.0,0.0,0.0,0.0,0.0,0.0,0.0,0.0
old_sgd,old SGD + Nesterov,sgd_momentum,old,fc2,24,num_traps,3,0.0,0.0,0.0,0.0,0.0,0.0,0.0,0.0
old_sgd,old SGD + Nesterov,sgd_momentum,old,fc2,25,num_traps,3,0.0,0.0,0.0,0.0,0.0,0.0,0.0,0.0
old_sgd,old SGD + Nesterov,sgd_momentum,old,fc2,26,num_traps,3,0.0,0.0,0.0,0.0,0.0,0.0,0.0,0.0
old_sgd,old SGD + Nesterov,sgd_momentum,old,fc2,27,num_traps,3,0.0,0.0,0.0,0.0,0.0,0.0,0.0,0.0
old_sgd,old SGD + Nesterov,sgd_momentum,old,fc2,28,num_traps,3,0.0,0.0,0.0,0.0,0.0,0.0,0.0,0.0
old_sgd,old SGD + Nesterov,sgd_momentum,old,fc2,29,num_traps,3,0.0,0.0,0.0,0.0,0.0,0.0,0.0,0.0
old_sgd,old SGD + Nesterov,sgd_momentum,old,fc2,30,num_traps,3,0.0,0.0,0.0,0.0,0.0,0.0,0.0,0.0
old_sgd,old SGD + Nesterov,sgd_momentum,old,fc3,0,num_traps,3,0.0,0.0,0.0,0.0,0.0,0.0,0.0,0.0
old_sgd,old SGD + Nesterov,sgd_momentum,old,fc3,1,num_traps,3,0.0,0.0,0.0,0.0,0.0,0.0,0.0,0.0
old_sgd,old SGD + Nesterov,sgd_momentum,old,fc3,2,num_traps,3,0.0,0.0,0.0,0.0,0.0,0.0,0.0,0.0
old_sgd,old SGD + Nesterov,sgd_momentum,old,fc3,3,num_traps,3,0.0,0.0,0.0,0.0,0.0,0.0,0.0,0.0
old_sgd,old SGD + Nesterov,sgd_momentum,old,fc3,4,num_traps,3,0.0,0.0,0.0,0.0,0.0,0.0,0.0,0.0
old_sgd,old SGD + Nesterov,sgd_momentum,old,fc3,5,num_traps,3,0.0,0.0,0.0,0.0,0.0,0.0,0.0,0.0
old_sgd,old SGD + Nesterov,sgd_momentum,old,fc3,6,num_traps,3,0.0,0.0,0.0,0.0,0.0,0.0,0.0,0.0
old_sgd,old SGD + Nesterov,sgd_momentum,old,fc3,7,num_traps,3,0.0,0.0,0.0,0.0,0.0,0.0,0.0,0.0
old_sgd,old SGD + Nesterov,sgd_momentum,old,fc3,8,num_traps,3,0.0,0.0,0.0,0.0,0.0,0.0,0.0,0.0
old_sgd,old SGD + Nesterov,sgd_momentum,old,fc3,9,num_traps,3,0.0,0.0,0.0,0.0,0.0,0.0,0.0,0.0
old_sgd,old SGD + Nesterov,sgd_momentum,old,fc3,10,num_traps,3,0.0,0.0,0.0,0.0,0.0,0.0,0.0,0.0
old_sgd,old SGD + Nesterov,sgd_momentum,old,fc3,11,num_traps,3,0.0,0.0,0.0,0.0,0.0,0.0,0.0,0.0
old_sgd,old SGD + Nesterov,sgd_momentum,old,fc3,12,num_traps,3,0.0,0.0,0.0,0.0,0.0,0.0,0.0,0.0
old_sgd,old SGD + Nesterov,sgd_momentum,old,fc3,13,num_traps,3,0.0,0.0,0.0,0.0,0.0,0.0,0.0,0.0
old_sgd,old SGD + Nesterov,sgd_momentum,old,fc3,14,num_traps,3,0.0,0.0,0.0,0.0,0.0,0.0,0.0,0.0
old_sgd,old SGD + Nesterov,sgd_momentum,old,fc3,15,num_traps,3,0.0,0.0,0.0,0.0,0.0,0.0,0.0,0.0
old_sgd,old SGD + Nesterov,sgd_momentum,old,fc3,16,num_traps,3,0.0,0.0,0.0,0.0,0.0,0.0,0.0,0.0
old_sgd,old SGD + Nesterov,sgd_momentum,old,fc3,17,num_traps,3,0.0,0.0,0.0,0.0,0.0,0.0,0.0,0.0
old_sgd,old SGD + Nesterov,sgd_momentum,old,fc3,18,num_traps,3,0.0,0.0,0.0,0.0,0.0,0.0,0.0,0.0
old_sgd,old SGD + Nesterov,sgd_momentum,old,fc3,19,num_traps,3,0.0,0.0,0.0,0.0,0.0,0.0,0.0,0.0
old_sgd,old SGD + Nesterov,sgd_momentum,old,fc3,20,num_traps,3,0.0,0.0,0.0,0.0,0.0,0.0,0.0,0.0
old_sgd,old SGD + Nesterov,sgd_momentum,old,fc3,21,num_traps,3,0.0,0.0,0.0,0.0,0.0,0.0,0.0,0.0
old_sgd,old SGD + Nesterov,sgd_momentum,old,fc3,22,num_traps,3,0.0,0.0,0.0,0.0,0.0,0.0,0.0,0.0
old_sgd,old SGD + Nesterov,sgd_momentum,old,fc3,23,num_traps,3,0.0,0.0,0.0,0.0,0.0,0.0,0.0,0.0
old_sgd,old SGD + Nesterov,sgd_momentum,old,fc3,24,num_traps,3,0.0,0.0,0.0,0.0,0.0,0.0,0.0,0.0
old_sgd,old SGD + Nesterov,sgd_momentum,old,fc3,25,num_traps,3,0.0,0.0,0.0,0.0,0.0,0.0,0.0,0.0
old_sgd,old SGD + Nesterov,sgd_momentum,old,fc3,26,num_traps,3,0.0,0.0,0.0,0.0,0.0,0.0,0.0,0.0
old_sgd,old SGD + Nesterov,sgd_momentum,old,fc3,27,num_traps,3,0.0,0.0,0.0,0.0,0.0,0.0,0.0,0.0
old_sgd,old SGD + Nesterov,sgd_momentum,old,fc3,28,num_traps,3,0.0,0.0,0.0,0.0,0.0,0.0,0.0,0.0
old_sgd,old SGD + Nesterov,sgd_momentum,old,fc3,29,num_traps,3,0.0,0.0,0.0,0.0,0.0,0.0,0.0,0.0
old_sgd,old SGD + Nesterov,sgd_momentum,old,fc3,30,num_traps,3,0.0,0.0,0.0,0.0,0.0,0.0,0.0,0.0
new_muon,"new Muon, horizon optimized",sgd_momentum_muon,horizon_optimized,fc1,0,num_traps,3,0.0,0.0,0.0,0.0,0.0,0.0,0.0,0.0
new_muon,"new Muon, horizon optimized",sgd_momentum_muon,horizon_optimized,fc1,1,num_traps,3,0.0,0.0,0.0,0.0,0.0,0.0,0.0,0.0
new_muon,"new Muon, horizon optimized",sgd_momentum_muon,horizon_optimized,fc1,2,num_traps,3,0.0,0.0,0.0,0.0,0.0,0.0,0.0,0.0
new_muon,"new Muon, horizon optimized",sgd_momentum_muon,horizon_optimized,fc1,3,num_traps,3,0.0,0.0,0.0,0.0,0.0,0.0,0.0,0.0
new_muon,"new Muon, horizon optimized",sgd_momentum_muon,horizon_optimized,fc1,4,num_traps,3,0.0,0.0,0.0,0.0,0.0,0.0,0.0,0.0
new_muon,"new Muon, horizon optimized",sgd_momentum_muon,horizon_optimized,fc1,5,num_traps,3,0.0,0.0,0.0,0.0,0.0,0.0,0.0,0.0
new_muon,"new Muon, horizon optimized",sgd_momentum_muon,horizon_optimized,fc1,6,num_traps,3,0.0,0.0,0.0,0.0,0.0,0.0,0.0,0.0
new_muon,"new Muon, horizon optimized",sgd_momentum_muon,horizon_optimized,fc1,7,num_traps,3,0.0,0.0,0.0,0.0,0.0,0.0,0.0,0.0
new_muon,"new Muon, horizon optimized",sgd_momentum_muon,horizon_optimized,fc1,8,num_traps,3,0.0,0.0,0.0,0.0,0.0,0.0,0.0,0.0
new_muon,"new Muon, horizon optimized",sgd_momentum_muon,horizon_optimized,fc1,9,num_traps,3,0.0,0.0,0.0,0.0,0.0,0.0,0.0,0.0
new_muon,"new Muon, horizon optimized",sgd_momentum_muon,horizon_optimized,fc1,10,num_traps,3,0.0,0.0,0.0,0.0,0.0,0.0,0.0,0.0
new_muon,"new Muon, horizon optimized",sgd_momentum_muon,horizon_optimized,fc1,11,num_traps,3,0.0,0.0,0.0,0.0,0.0,0.0,0.0,0.0
new_muon,"new Muon, horizon optimized",sgd_momentum_muon,horizon_optimized,fc1,12,num_traps,3,0.0,0.0,0.0,0.0,0.0,0.0,0.0,0.0
new_muon,"new Muon, horizon optimized",sgd_momentum_muon,horizon_optimized,fc1,13,num_traps,3,0.0,0.0,0.0,0.0,0.0,0.0,0.0,0.0
new_muon,"new Muon, horizon optimized",sgd_momentum_muon,horizon_optimized,fc1,14,num_traps,3,0.0,0.0,0.0,0.0,0.0,0.0,0.0,0.0
new_muon,"new Muon, horizon optimized",sgd_momentum_muon,horizon_optimized,fc1,15,num_traps,3,0.0,0.0,0.0,0.0,0.0,0.0,0.0,0.0
new_muon,"new Muon, horizon optimized",sgd_momentum_muon,horizon_optimized,fc1,16,num_traps,3,0.0,0.0,0.0,0.0,0.0,0.0,0.0,0.0
new_muon,"new Muon, horizon optimized",sgd_momentum_muon,horizon_optimized,fc1,17,num_traps,3,0.0,0.0,0.0,0.0,0.0,0.0,0.0,0.0
new_muon,"new Muon, horizon optimized",sgd_momentum_muon,horizon_optimized,fc1,18,num_traps,3,0.0,0.0,0.0,0.0,0.0,0.0,0.0,0.0
new_muon,"new Muon, horizon optimized",sgd_momentum_muon,horizon_optimized,fc1,19,num_traps,3,0.0,0.0,0.0,0.0,0.0,0.0,0.0,0.0
new_muon,"new Muon, horizon optimized",sgd_momentum_muon,horizon_optimized,fc1,20,num_traps,3,0.0,0.0,0.0,0.0,0.0,0.0,0.0,0.0
new_muon,"new Muon, horizon optimized",sgd_momentum_muon,horizon_optimized,fc1,21,num_traps,3,0.0,0.0,0.0,0.0,0.0,0.0,0.0,0.0
new_muon,"new Muon, horizon optimized",sgd_momentum_muon,horizon_optimized,fc1,22,num_traps,3,0.0,0.0,0.0,0.0,0.0,0.0,0.0,0.0
new_muon,"new Muon, horizon optimized",sgd_momentum_muon,horizon_optimized,fc1,23,num_traps,3,0.0,0.0,0.0,0.0,0.0,0.0,0.0,0.0
new_muon,"new Muon, horizon optimized",sgd_momentum_muon,horizon_optimized,fc1,24,num_traps,3,0.0,0.0,0.0,0.0,0.0,0.0,0.0,0.0
new_muon,"new Muon, horizon optimized",sgd_momentum_muon,horizon_optimized,fc1,25,num_traps,3,0.0,0.0,0.0,0.0,0.0,0.0,0.0,0.0
new_muon,"new Muon, horizon optimized",sgd_momentum_muon,horizon_optimized,fc1,26,num_traps,3,0.0,0.0,0.0,0.0,0.0,0.0,0.0,0.0
new_muon,"new Muon, horizon optimized",sgd_momentum_muon,horizon_optimized,fc1,27,num_traps,3,0.0,0.0,0.0,0.0,0.0,0.0,0.0,0.0
new_muon,"new Muon, horizon optimized",sgd_momentum_muon,horizon_optimized,fc1,28,num_traps,3,0.0,0.0,0.0,0.0,0.0,0.0,0.0,0.0
new_muon,"new Muon, horizon optimized",sgd_momentum_muon,horizon_optimized,fc1,29,num_traps,3,0.0,0.0,0.0,0.0,0.0,0.0,0.0,0.0
new_muon,"new Muon, horizon optimized",sgd_momentum_muon,horizon_optimized,fc1,30,num_traps,3,0.0,0.0,0.0,0.0,0.0,0.0,0.0,0.0
new_muon,"new Muon, horizon optimized",sgd_momentum_muon,horizon_optimized,fc2,0,num_traps,3,0.0,0.0,0.0,0.0,0.0,0.0,0.0,0.0
new_muon,"new Muon, horizon optimized",sgd_momentum_muon,horizon_optimized,fc2,1,num_traps,3,0.0,0.0,0.0,0.0,0.0,0.0,0.0,0.0
new_muon,"new Muon, horizon optimized",sgd_momentum_muon,horizon_optimized,fc2,2,num_traps,3,0.0,0.0,0.0,0.0,0.0,0.0,0.0,0.0
new_muon,"new Muon, horizon optimized",sgd_momentum_muon,horizon_optimized,fc2,3,num_traps,3,0.0,0.0,0.0,0.0,0.0,0.0,0.0,0.0
new_muon,"new Muon, horizon optimized",sgd_momentum_muon,horizon_optimized,fc2,4,num_traps,3,0.0,0.0,0.0,0.0,0.0,0.0,0.0,0.0
new_muon,"new Muon, horizon optimized",sgd_momentum_muon,horizon_optimized,fc2,5,num_traps,3,0.0,0.0,0.0,0.0,0.0,0.0,0.0,0.0
new_muon,"new Muon, horizon optimized",sgd_momentum_muon,horizon_optimized,fc2,6,num_traps,3,0.0,0.0,0.0,0.0,0.0,0.0,0.0,0.0
new_muon,"new Muon, horizon optimized",sgd_momentum_muon,horizon_optimized,fc2,7,num_traps,3,0.0,0.0,0.0,0.0,0.0,0.0,0.0,0.0
new_muon,"new Muon, horizon optimized",sgd_momentum_muon,horizon_optimized,fc2,8,num_traps,3,0.0,0.0,0.0,0.0,0.0,0.0,0.0,0.0
new_muon,"new Muon, horizon optimized",sgd_momentum_muon,horizon_optimized,fc2,9,num_traps,3,0.0,0.0,0.0,0.0,0.0,0.0,0.0,0.0
new_muon,"new Muon, horizon optimized",sgd_momentum_muon,horizon_optimized,fc2,10,num_traps,3,0.0,0.0,0.0,0.0,0.0,0.0,0.0,0.0
new_muon,"new Muon, horizon optimized",sgd_momentum_muon,horizon_optimized,fc2,11,num_traps,3,0.0,0.0,0.0,0.0,0.0,0.0,0.0,0.0
new_muon,"new Muon, horizon optimized",sgd_momentum_muon,horizon_optimized,fc2,12,num_traps,3,0.0,0.0,0.0,0.0,0.0,0.0,0.0,0.0
new_muon,"new Muon, horizon optimized",sgd_momentum_muon,horizon_optimized,fc2,13,num_traps,3,0.0,0.0,0.0,0.0,0.0,0.0,0.0,0.0
new_muon,"new Muon, horizon optimized",sgd_momentum_muon,horizon_optimized,fc2,14,num_traps,3,0.0,0.0,0.0,0.0,0.0,0.0,0.0,0.0
new_muon,"new Muon, horizon optimized",sgd_momentum_muon,horizon_optimized,fc2,15,num_traps,3,0.0,0.0,0.0,0.0,0.0,0.0,0.0,0.0
new_muon,"new Muon, horizon optimized",sgd_momentum_muon,horizon_optimized,fc2,16,num_traps,3,0.0,0.0,0.0,0.0,0.0,0.0,0.0,0.0
new_muon,"new Muon, horizon optimized",sgd_momentum_muon,horizon_optimized,fc2,17,num_traps,3,0.0,0.0,0.0,0.0,0.0,0.0,0.0,0.0
new_muon,"new Muon, horizon optimized",sgd_momentum_muon,horizon_optimized,fc2,18,num_traps,3,0.0,0.0,0.0,0.0,0.0,0.0,0.0,0.0
new_muon,"new Muon, horizon optimized",sgd_momentum_muon,horizon_optimized,fc2,19,num_traps,3,0.0,0.0,0.0,0.0,0.0,0.0,0.0,0.0
new_muon,"new Muon, horizon optimized",sgd_momentum_muon,horizon_optimized,fc2,20,num_traps,3,0.0,0.0,0.0,0.0,0.0,0.0,0.0,0.0
new_muon,"new Muon, horizon optimized",sgd_momentum_muon,horizon_optimized,fc2,21,num_traps,3,0.0,0.0,0.0,0.0,0.0,0.0,0.0,0.0
new_muon,"new Muon, horizon optimized",sgd_momentum_muon,horizon_optimized,fc2,22,num_traps,3,0.0,0.0,0.0,0.0,0.0,0.0,0.0,0.0
new_muon,"new Muon, horizon optimized",sgd_momentum_muon,horizon_optimized,fc2,23,num_traps,3,0.0,0.0,0.0,0.0,0.0,0.0,0.0,0.0
new_muon,"new Muon, horizon optimized",sgd_momentum_muon,horizon_optimized,fc2,24,num_traps,3,0.0,0.0,0.0,0.0,0.0,0.0,0.0,0.0
new_muon,"new Muon, horizon optimized",sgd_momentum_muon,horizon_optimized,fc2,25,num_traps,3,0.0,0.0,0.0,0.0,0.0,0.0,0.0,0.0
new_muon,"new Muon, horizon optimized",sgd_momentum_muon,horizon_optimized,fc2,26,num_traps,3,0.0,0.0,0.0,0.0,0.0,0.0,0.0,0.0
new_muon,"new Muon, horizon optimized",sgd_momentum_muon,horizon_optimized,fc2,27,num_traps,3,0.0,0.0,0.0,0.0,0.0,0.0,0.0,0.0
new_muon,"new Muon, horizon optimized",sgd_momentum_muon,horizon_optimized,fc2,28,num_traps,3,0.0,0.0,0.0,0.0,0.0,0.0,0.0,0.0
new_muon,"new Muon, horizon optimized",sgd_momentum_muon,horizon_optimized,fc2,29,num_traps,3,0.0,0.0,0.0,0.0,0.0,0.0,0.0,0.0
new_muon,"new Muon, horizon optimized",sgd_momentum_muon,horizon_optimized,fc2,30,num_traps,3,0.0,0.0,0.0,0.0,0.0,0.0,0.0,0.0
new_muon,"new Muon, horizon optimized",sgd_momentum_muon,horizon_optimized,fc3,0,num_traps,3,0.0,0.0,0.0,0.0,0.0,0.0,0.0,0.0
new_muon,"new Muon, horizon optimized",sgd_momentum_muon,horizon_optimized,fc3,1,num_traps,3,0.0,0.0,0.0,0.0,0.0,0.0,0.0,0.0
new_muon,"new Muon, horizon optimized",sgd_momentum_muon,horizon_optimized,fc3,2,num_traps,3,0.0,0.0,0.0,0.0,0.0,0.0,0.0,0.0
new_muon,"new Muon, horizon optimized",sgd_momentum_muon,horizon_optimized,fc3,3,num_traps,3,0.0,0.0,0.0,0.0,0.0,0.0,0.0,0.0
new_muon,"new Muon, horizon optimized",sgd_momentum_muon,horizon_optimized,fc3,4,num_traps,3,0.0,0.0,0.0,0.0,0.0,0.0,0.0,0.0
new_muon,"new Muon, horizon optimized",sgd_momentum_muon,horizon_optimized,fc3,5,num_traps,3,0.0,0.0,0.0,0.0,0.0,0.0,0.0,0.0
new_muon,"new Muon, horizon optimized",sgd_momentum_muon,horizon_optimized,fc3,6,num_traps,3,0.0,0.0,0.0,0.0,0.0,0.0,0.0,0.0
new_muon,"new Muon, horizon optimized",sgd_momentum_muon,horizon_optimized,fc3,7,num_traps,3,0.0,0.0,0.0,0.0,0.0,0.0,0.0,0.0
new_muon,"new Muon, horizon optimized",sgd_momentum_muon,horizon_optimized,fc3,8,num_traps,3,0.0,0.0,0.0,0.0,0.0,0.0,0.0,0.0
new_muon,"new Muon, horizon optimized",sgd_momentum_muon,horizon_optimized,fc3,9,num_traps,3,0.0,0.0,0.0,0.0,0.0,0.0,0.0,0.0
new_muon,"new Muon, horizon optimized",sgd_momentum_muon,horizon_optimized,fc3,10,num_traps,3,0.0,0.0,0.0,0.0,0.0,0.0,0.0,0.0
new_muon,"new Muon, horizon optimized",sgd_momentum_muon,horizon_optimized,fc3,11,num_traps,3,0.0,0.0,0.0,0.0,0.0,0.0,0.0,0.0
new_muon,"new Muon, horizon optimized",sgd_momentum_muon,horizon_optimized,fc3,12,num_traps,3,0.0,0.0,0.0,0.0,0.0,0.0,0.0,0.0
new_muon,"new Muon, horizon optimized",sgd_momentum_muon,horizon_optimized,fc3,13,num_traps,3,0.0,0.0,0.0,0.0,0.0,0.0,0.0,0.0
new_muon,"new Muon, horizon optimized",sgd_momentum_muon,horizon_optimized,fc3,14,num_traps,3,0.0,0.0,0.0,0.0,0.0,0.0,0.0,0.0
new_muon,"new Muon, horizon optimized",sgd_momentum_muon,horizon_optimized,fc3,15,num_traps,3,0.0,0.0,0.0,0.0,0.0,0.0,0.0,0.0
new_muon,"new Muon, horizon optimized",sgd_momentum_muon,horizon_optimized,fc3,16,num_traps,3,0.0,0.0,0.0,0.0,0.0,0.0,0.0,0.0
new_muon,"new Muon, horizon optimized",sgd_momentum_muon,horizon_optimized,fc3,17,num_traps,3,0.0,0.0,0.0,0.0,0.0,0.0,0.0,0.0
new_muon,"new Muon, horizon optimized",sgd_momentum_muon,horizon_optimized,fc3,18,num_traps,3,0.0,0.0,0.0,0.0,0.0,0.0,0.0,0.0
new_muon,"new Muon, horizon optimized",sgd_momentum_muon,horizon_optimized,fc3,19,num_traps,3,0.0,0.0,0.0,0.0,0.0,0.0,0.0,0.0
new_muon,"new Muon, horizon optimized",sgd_momentum_muon,horizon_optimized,fc3,20,num_traps,3,0.0,0.0,0.0,0.0,0.0,0.0,0.0,0.0
new_muon,"new Muon, horizon optimized",sgd_momentum_muon,horizon_optimized,fc3,21,num_traps,3,0.333333,0.57735,0.333333,1.434218,-1.100884,1.767551,0.0,1.0
new_muon,"new Muon, horizon optimized",sgd_momentum_muon,horizon_optimized,fc3,22,num_traps,3,0.333333,0.57735,0.333333,1.434218,-1.100884,1.767551,0.0,1.0
new_muon,"new Muon, horizon optimized",sgd_momentum_muon,horizon_optimized,fc3,23,num_traps,3,0.0,0.0,0.0,0.0,0.0,0.0,0.0,0.0
new_muon,"new Muon, horizon optimized",sgd_momentum_muon,horizon_optimized,fc3,24,num_traps,3,0.0,0.0,0.0,0.0,0.0,0.0,0.0,0.0
new_muon,"new Muon, horizon optimized",sgd_momentum_muon,horizon_optimized,fc3,25,num_traps,3,0.0,0.0,0.0,0.0,0.0,0.0,0.0,0.0
new_muon,"new Muon, horizon optimized",sgd_momentum_muon,horizon_optimized,fc3,26,num_traps,3,0.0,0.0,0.0,0.0,0.0,0.0,0.0,0.0
new_muon,"new Muon, horizon optimized",sgd_momentum_muon,horizon_optimized,fc3,27,num_traps,3,1.0,1.732051,1.0,4.302653,-3.302653,5.302653,0.0,3.0
new_muon,"new Muon, horizon optimized",sgd_momentum_muon,horizon_optimized,fc3,28,num_traps,3,0.0,0.0,0.0,0.0,0.0,0.0,0.0,0.0
new_muon,"new Muon, horizon optimized",sgd_momentum_muon,horizon_optimized,fc3,29,num_traps,3,0.0,0.0,0.0,0.0,0.0,0.0,0.0,0.0
new_muon,"new Muon, horizon optimized",sgd_momentum_muon,horizon_optimized,fc3,30,num_traps,3,1.333333,1.527525,0.881917,3.794583,-2.46125,5.127916,0.0,3.0
old_muon,old Muon + aux AdamW,sgd_momentum_muon,old,fc1,0,num_traps,3,0.0,0.0,0.0,0.0,0.0,0.0,0.0,0.0
old_muon,old Muon + aux AdamW,sgd_momentum_muon,old,fc1,1,num_traps,3,0.0,0.0,0.0,0.0,0.0,0.0,0.0,0.0
old_muon,old Muon + aux AdamW,sgd_momentum_muon,old,fc1,2,num_traps,3,0.0,0.0,0.0,0.0,0.0,0.0,0.0,0.0
old_muon,old Muon + aux AdamW,sgd_momentum_muon,old,fc1,3,num_traps,3,0.0,0.0,0.0,0.0,0.0,0.0,0.0,0.0
old_muon,old Muon + aux AdamW,sgd_momentum_muon,old,fc1,4,num_traps,3,0.0,0.0,0.0,0.0,0.0,0.0,0.0,0.0
old_muon,old Muon + aux AdamW,sgd_momentum_muon,old,fc1,5,num_traps,3,0.0,0.0,0.0,0.0,0.0,0.0,0.0,0.0
old_muon,old Muon + aux AdamW,sgd_momentum_muon,old,fc1,6,num_traps,3,0.0,0.0,0.0,0.0,0.0,0.0,0.0,0.0
old_muon,old Muon + aux AdamW,sgd_momentum_muon,old,fc1,7,num_traps,3,0.0,0.0,0.0,0.0,0.0,0.0,0.0,0.0
old_muon,old Muon + aux AdamW,sgd_momentum_muon,old,fc1,8,num_traps,3,0.0,0.0,0.0,0.0,0.0,0.0,0.0,0.0
old_muon,old Muon + aux AdamW,sgd_momentum_muon,old,fc1,9,num_traps,3,0.0,0.0,0.0,0.0,0.0,0.0,0.0,0.0
old_muon,old Muon + aux AdamW,sgd_momentum_muon,old,fc1,10,num_traps,3,0.0,0.0,0.0,0.0,0.0,0.0,0.0,0.0
old_muon,old Muon + aux AdamW,sgd_momentum_muon,old,fc1,11,num_traps,3,0.0,0.0,0.0,0.0,0.0,0.0,0.0,0.0
old_muon,old Muon + aux AdamW,sgd_momentum_muon,old,fc1,12,num_traps,3,0.0,0.0,0.0,0.0,0.0,0.0,0.0,0.0
old_muon,old Muon + aux AdamW,sgd_momentum_muon,old,fc1,13,num_traps,3,0.0,0.0,0.0,0.0,0.0,0.0,0.0,0.0
old_muon,old Muon + aux AdamW,sgd_momentum_muon,old,fc1,14,num_traps,3,0.0,0.0,0.0,0.0,0.0,0.0,0.0,0.0
old_muon,old Muon + aux AdamW,sgd_momentum_muon,old,fc1,15,num_traps,3,0.0,0.0,0.0,0.0,0.0,0.0,0.0,0.0
old_muon,old Muon + aux AdamW,sgd_momentum_muon,old,fc1,16,num_traps,3,0.0,0.0,0.0,0.0,0.0,0.0,0.0,0.0
old_muon,old Muon + aux AdamW,sgd_momentum_muon,old,fc1,17,num_traps,3,0.0,0.0,0.0,0.0,0.0,0.0,0.0,0.0
old_muon,old Muon + aux AdamW,sgd_momentum_muon,old,fc1,18,num_traps,3,0.0,0.0,0.0,0.0,0.0,0.0,0.0,0.0
old_muon,old Muon + aux AdamW,sgd_momentum_muon,old,fc1,19,num_traps,3,0.0,0.0,0.0,0.0,0.0,0.0,0.0,0.0
old_muon,old Muon + aux AdamW,sgd_momentum_muon,old,fc1,20,num_traps,3,0.0,0.0,0.0,0.0,0.0,0.0,0.0,0.0
old_muon,old Muon + aux AdamW,sgd_momentum_muon,old,fc1,21,num_traps,3,0.0,0.0,0.0,0.0,0.0,0.0,0.0,0.0
old_muon,old Muon + aux AdamW,sgd_momentum_muon,old,fc1,22,num_traps,3,0.0,0.0,0.0,0.0,0.0,0.0,0.0,0.0
old_muon,old Muon + aux AdamW,sgd_momentum_muon,old,fc1,23,num_traps,3,0.0,0.0,0.0,0.0,0.0,0.0,0.0,0.0
old_muon,old Muon + aux AdamW,sgd_momentum_muon,old,fc1,24,num_traps,3,0.0,0.0,0.0,0.0,0.0,0.0,0.0,0.0
old_muon,old Muon + aux AdamW,sgd_momentum_muon,old,fc1,25,num_traps,3,0.0,0.0,0.0,0.0,0.0,0.0,0.0,0.0
old_muon,old Muon + aux AdamW,sgd_momentum_muon,old,fc1,26,num_traps,3,0.0,0.0,0.0,0.0,0.0,0.0,0.0,0.0
old_muon,old Muon + aux AdamW,sgd_momentum_muon,old,fc1,27,num_traps,3,0.0,0.0,0.0,0.0,0.0,0.0,0.0,0.0
old_muon,old Muon + aux AdamW,sgd_momentum_muon,old,fc1,28,num_traps,3,0.0,0.0,0.0,0.0,0.0,0.0,0.0,0.0
old_muon,old Muon + aux AdamW,sgd_momentum_muon,old,fc1,29,num_traps,3,0.0,0.0,0.0,0.0,0.0,0.0,0.0,0.0
old_muon,old Muon + aux AdamW,sgd_momentum_muon,old,fc1,30,num_traps,3,0.0,0.0,0.0,0.0,0.0,0.0,0.0,0.0
old_muon,old Muon + aux AdamW,sgd_momentum_muon,old,fc2,0,num_traps,3,0.0,0.0,0.0,0.0,0.0,0.0,0.0,0.0
old_muon,old Muon + aux AdamW,sgd_momentum_muon,old,fc2,1,num_traps,3,0.0,0.0,0.0,0.0,0.0,0.0,0.0,0.0
old_muon,old Muon + aux AdamW,sgd_momentum_muon,old,fc2,2,num_traps,3,0.0,0.0,0.0,0.0,0.0,0.0,0.0,0.0
old_muon,old Muon + aux AdamW,sgd_momentum_muon,old,fc2,3,num_traps,3,0.0,0.0,0.0,0.0,0.0,0.0,0.0,0.0
old_muon,old Muon + aux AdamW,sgd_momentum_muon,old,fc2,4,num_traps,3,0.0,0.0,0.0,0.0,0.0,0.0,0.0,0.0
old_muon,old Muon + aux AdamW,sgd_momentum_muon,old,fc2,5,num_traps,3,0.0,0.0,0.0,0.0,0.0,0.0,0.0,0.0
old_muon,old Muon + aux AdamW,sgd_momentum_muon,old,fc2,6,num_traps,3,0.0,0.0,0.0,0.0,0.0,0.0,0.0,0.0
old_muon,old Muon + aux AdamW,sgd_momentum_muon,old,fc2,7,num_traps,3,0.0,0.0,0.0,0.0,0.0,0.0,0.0,0.0
old_muon,old Muon + aux AdamW,sgd_momentum_muon,old,fc2,8,num_traps,3,0.0,0.0,0.0,0.0,0.0,0.0,0.0,0.0
old_muon,old Muon + aux AdamW,sgd_momentum_muon,old,fc2,9,num_traps,3,0.0,0.0,0.0,0.0,0.0,0.0,0.0,0.0
old_muon,old Muon + aux AdamW,sgd_momentum_muon,old,fc2,10,num_traps,3,0.0,0.0,0.0,0.0,0.0,0.0,0.0,0.0
old_muon,old Muon + aux AdamW,sgd_momentum_muon,old,fc2,11,num_traps,3,0.0,0.0,0.0,0.0,0.0,0.0,0.0,0.0
old_muon,old Muon + aux AdamW,sgd_momentum_muon,old,fc2,12,num_traps,3,0.0,0.0,0.0,0.0,0.0,0.0,0.0,0.0
old_muon,old Muon + aux AdamW,sgd_momentum_muon,old,fc2,13,num_traps,3,0.0,0.0,0.0,0.0,0.0,0.0,0.0,0.0
old_muon,old Muon + aux AdamW,sgd_momentum_muon,old,fc2,14,num_traps,3,0.333333,0.57735,0.333333,1.434218,-1.100884,1.767551,0.0,1.0
old_muon,old Muon + aux AdamW,sgd_momentum_muon,old,fc2,15,num_traps,3,0.666667,0.57735,0.333333,1.434218,-0.767551,2.100884,0.0,1.0
old_muon,old Muon + aux AdamW,sgd_momentum_muon,old,fc2,16,num_traps,3,1.0,0.0,0.0,0.0,1.0,1.0,1.0,1.0
old_muon,old Muon + aux AdamW,sgd_momentum_muon,old,fc2,17,num_traps,3,1.0,0.0,0.0,0.0,1.0,1.0,1.0,1.0
old_muon,old Muon + aux AdamW,sgd_momentum_muon,old,fc2,18,num_traps,3,1.0,0.0,0.0,0.0,1.0,1.0,1.0,1.0
old_muon,old Muon + aux AdamW,sgd_momentum_muon,old,fc2,19,num_traps,3,1.0,0.0,0.0,0.0,1.0,1.0,1.0,1.0
old_muon,old Muon + aux AdamW,sgd_momentum_muon,old,fc2,20,num_traps,3,0.666667,0.57735,0.333333,1.434218,-0.767551,2.100884,0.0,1.0
old_muon,old Muon + aux AdamW,sgd_momentum_muon,old,fc2,21,num_traps,3,1.0,0.0,0.0,0.0,1.0,1.0,1.0,1.0
old_muon,old Muon + aux AdamW,sgd_momentum_muon,old,fc2,22,num_traps,3,0.666667,0.57735,0.333333,1.434218,-0.767551,2.100884,0.0,1.0
old_muon,old Muon + aux AdamW,sgd_momentum_muon,old,fc2,23,num_traps,3,0.333333,0.57735,0.333333,1.434218,-1.100884,1.767551,0.0,1.0
old_muon,old Muon + aux AdamW,sgd_momentum_muon,old,fc2,24,num_traps,3,0.0,0.0,0.0,0.0,0.0,0.0,0.0,0.0
old_muon,old Muon + aux AdamW,sgd_momentum_muon,old,fc2,25,num_traps,3,0.0,0.0,0.0,0.0,0.0,0.0,0.0,0.0
old_muon,old Muon + aux AdamW,sgd_momentum_muon,old,fc2,26,num_traps,3,0.0,0.0,0.0,0.0,0.0,0.0,0.0,0.0
old_muon,old Muon + aux AdamW,sgd_momentum_muon,old,fc2,27,num_traps,3,0.0,0.0,0.0,0.0,0.0,0.0,0.0,0.0
old_muon,old Muon + aux AdamW,sgd_momentum_muon,old,fc2,28,num_traps,3,0.0,0.0,0.0,0.0,0.0,0.0,0.0,0.0
old_muon,old Muon + aux AdamW,sgd_momentum_muon,old,fc2,29,num_traps,3,0.0,0.0,0.0,0.0,0.0,0.0,0.0,0.0
old_muon,old Muon + aux AdamW,sgd_momentum_muon,old,fc2,30,num_traps,3,0.0,0.0,0.0,0.0,0.0,0.0,0.0,0.0
old_muon,old Muon + aux AdamW,sgd_momentum_muon,old,fc3,0,num_traps,3,0.0,0.0,0.0,0.0,0.0,0.0,0.0,0.0
old_muon,old Muon + aux AdamW,sgd_momentum_muon,old,fc3,1,num_traps,3,0.0,0.0,0.0,0.0,0.0,0.0,0.0,0.0
old_muon,old Muon + aux AdamW,sgd_momentum_muon,old,fc3,2,num_traps,3,0.0,0.0,0.0,0.0,0.0,0.0,0.0,0.0
old_muon,old Muon + aux AdamW,sgd_momentum_muon,old,fc3,3,num_traps,3,0.0,0.0,0.0,0.0,0.0,0.0,0.0,0.0
old_muon,old Muon + aux AdamW,sgd_momentum_muon,old,fc3,4,num_traps,3,0.0,0.0,0.0,0.0,0.0,0.0,0.0,0.0
old_muon,old Muon + aux AdamW,sgd_momentum_muon,old,fc3,5,num_traps,3,0.0,0.0,0.0,0.0,0.0,0.0,0.0,0.0
old_muon,old Muon + aux AdamW,sgd_momentum_muon,old,fc3,6,num_traps,3,0.0,0.0,0.0,0.0,0.0,0.0,0.0,0.0
old_muon,old Muon + aux AdamW,sgd_momentum_muon,old,fc3,7,num_traps,3,0.0,0.0,0.0,0.0,0.0,0.0,0.0,0.0
old_muon,old Muon + aux AdamW,sgd_momentum_muon,old,fc3,8,num_traps,3,0.0,0.0,0.0,0.0,0.0,0.0,0.0,0.0
old_muon,old Muon + aux AdamW,sgd_momentum_muon,old,fc3,9,num_traps,3,0.0,0.0,0.0,0.0,0.0,0.0,0.0,0.0
old_muon,old Muon + aux AdamW,sgd_momentum_muon,old,fc3,10,num_traps,3,0.0,0.0,0.0,0.0,0.0,0.0,0.0,0.0
old_muon,old Muon + aux AdamW,sgd_momentum_muon,old,fc3,11,num_traps,3,0.0,0.0,0.0,0.0,0.0,0.0,0.0,0.0
old_muon,old Muon + aux AdamW,sgd_momentum_muon,old,fc3,12,num_traps,3,0.0,0.0,0.0,0.0,0.0,0.0,0.0,0.0
old_muon,old Muon + aux AdamW,sgd_momentum_muon,old,fc3,13,num_traps,3,0.0,0.0,0.0,0.0,0.0,0.0,0.0,0.0
old_muon,old Muon + aux AdamW,sgd_momentum_muon,old,fc3,14,num_traps,3,0.0,0.0,0.0,0.0,0.0,0.0,0.0,0.0
old_muon,old Muon + aux AdamW,sgd_momentum_muon,old,fc3,15,num_traps,3,0.0,0.0,0.0,0.0,0.0,0.0,0.0,0.0
old_muon,old Muon + aux AdamW,sgd_momentum_muon,old,fc3,16,num_traps,3,0.0,0.0,0.0,0.0,0.0,0.0,0.0,0.0
old_muon,old Muon + aux AdamW,sgd_momentum_muon,old,fc3,17,num_traps,3,0.0,0.0,0.0,0.0,0.0,0.0,0.0,0.0
old_muon,old Muon + aux AdamW,sgd_momentum_muon,old,fc3,18,num_traps,3,0.0,0.0,0.0,0.0,0.0,0.0,0.0,0.0
old_muon,old Muon + aux AdamW,sgd_momentum_muon,old,fc3,19,num_traps,3,0.0,0.0,0.0,0.0,0.0,0.0,0.0,0.0
old_muon,old Muon + aux AdamW,sgd_momentum_muon,old,fc3,20,num_traps,3,0.0,0.0,0.0,0.0,0.0,0.0,0.0,0.0
old_muon,old Muon + aux AdamW,sgd_momentum_muon,old,fc3,21,num_traps,3,0.0,0.0,0.0,0.0,0.0,0.0,0.0,0.0
old_muon,old Muon + aux AdamW,sgd_momentum_muon,old,fc3,22,num_traps,3,0.0,0.0,0.0,0.0,0.0,0.0,0.0,0.0
old_muon,old Muon + aux AdamW,sgd_momentum_muon,old,fc3,23,num_traps,3,0.0,0.0,0.0,0.0,0.0,0.0,0.0,0.0
old_muon,old Muon + aux AdamW,sgd_momentum_muon,old,fc3,24,num_traps,3,0.0,0.0,0.0,0.0,0.0,0.0,0.0,0.0
old_muon,old Muon + aux AdamW,sgd_momentum_muon,old,fc3,25,num_traps,3,0.0,0.0,0.0,0.0,0.0,0.0,0.0,0.0
old_muon,old Muon + aux AdamW,sgd_momentum_muon,old,fc3,26,num_traps,3,0.0,0.0,0.0,0.0,0.0,0.0,0.0,0.0
old_muon,old Muon + aux AdamW,sgd_momentum_muon,old,fc3,27,num_traps,3,0.0,0.0,0.0,0.0,0.0,0.0,0.0,0.0
old_muon,old Muon + aux AdamW,sgd_momentum_muon,old,fc3,28,num_traps,3,0.0,0.0,0.0,0.0,0.0,0.0,0.0,0.0
old_muon,old Muon + aux AdamW,sgd_momentum_muon,old,fc3,29,num_traps,3,0.0,0.0,0.0,0.0,0.0,0.0,0.0,0.0
old_muon,old Muon + aux AdamW,sgd_momentum_muon,old,fc3,30,num_traps,3,0.0,0.0,0.0,0.0,0.0,0.0,0.0,0.0
new_adamw,"new AdamW, horizon optimized",adamw,horizon_optimized,fc1,0,stable_rank,3,159.962804,2.792235,1.612098,6.936296,153.026508,166.8991,157.590181,163.039769
new_adamw,"new AdamW, horizon optimized",adamw,horizon_optimized,fc1,1,stable_rank,3,158.354262,2.374287,1.370795,5.898055,152.456207,164.252317,155.943956,160.690811
new_adamw,"new AdamW, horizon optimized",adamw,horizon_optimized,fc1,2,stable_rank,3,144.089761,2.490962,1.438157,6.187892,137.901869,150.277653,141.895522,146.797432
new_adamw,"new AdamW, horizon optimized",adamw,horizon_optimized,fc1,3,stable_rank,3,122.065121,0.753613,0.435099,1.872078,120.193043,123.937199,121.200989,122.586009
new_adamw,"new AdamW, horizon optimized",adamw,horizon_optimized,fc1,4,stable_rank,3,110.749127,2.290094,1.322186,5.688909,105.060218,116.438036,108.182871,112.584776
new_adamw,"new AdamW, horizon optimized",adamw,horizon_optimized,fc1,5,stable_rank,3,104.469698,1.360811,0.785664,3.380441,101.089257,107.850139,103.290904,105.958894
new_adamw,"new AdamW, horizon optimized",adamw,horizon_optimized,fc1,6,stable_rank,3,97.984504,3.114173,1.797969,7.736035,90.248469,105.72054,95.837765,101.556215
new_adamw,"new AdamW, horizon optimized",adamw,horizon_optimized,fc1,7,stable_rank,3,94.122621,2.797926,1.615384,6.950434,87.172187,101.073056,91.986684,97.289809
new_adamw,"new AdamW, horizon optimized",adamw,horizon_optimized,fc1,8,stable_rank,3,91.108811,1.871821,1.080696,4.64986,86.458951,95.758671,89.338169,93.067599
new_adamw,"new AdamW, horizon optimized",adamw,horizon_optimized,fc1,9,stable_rank,3,86.952444,1.95758,1.130209,4.862897,82.089547,91.815342,84.904775,88.805378
new_adamw,"new AdamW, horizon optimized",adamw,horizon_optimized,fc1,10,stable_rank,3,84.275149,0.729649,0.421263,1.812548,82.462602,86.087697,83.434759,84.747264
new_adamw,"new AdamW, horizon optimized",adamw,horizon_optimized,fc1,11,stable_rank,3,82.095951,0.244564,0.141199,0.60753,81.488421,82.703481,81.814457,82.256241
new_adamw,"new AdamW, horizon optimized",adamw,horizon_optimized,fc1,12,stable_rank,3,81.124144,1.165533,0.672921,2.895346,78.228799,84.01949,79.846271,82.128797
new_adamw,"new AdamW, horizon optimized",adamw,horizon_optimized,fc1,13,stable_rank,3,80.510182,0.626326,0.361609,1.555879,78.954302,82.066061,80.088849,81.229909
new_adamw,"new AdamW, horizon optimized",adamw,horizon_optimized,fc1,14,stable_rank,3,78.641105,1.486907,0.858466,3.693681,74.947424,82.334786,76.956108,79.769053
new_adamw,"new AdamW, horizon optimized",adamw,horizon_optimized,fc1,15,stable_rank,3,78.296234,0.949112,0.54797,2.357726,75.938508,80.653959,77.261465,79.126275
new_adamw,"new AdamW, horizon optimized",adamw,horizon_optimized,fc1,16,stable_rank,3,78.222837,0.746902,0.431224,1.855409,76.367429,80.078246,77.489331,78.982451
new_adamw,"new AdamW, horizon optimized",adamw,horizon_optimized,fc1,17,stable_rank,3,78.110938,0.700664,0.404529,1.740547,76.370391,79.851485,77.430313,78.830055
new_adamw,"new AdamW, horizon optimized",adamw,horizon_optimized,fc1,18,stable_rank,3,78.051494,0.693832,0.400584,1.723574,76.32792,79.775068,77.386746,78.771148
new_adamw,"new AdamW, horizon optimized",adamw,horizon_optimized,fc1,19,stable_rank,3,77.951748,0.675262,0.389862,1.677443,76.274305,79.629191,77.291684,78.641244
new_adamw,"new AdamW, horizon optimized",adamw,horizon_optimized,fc1,20,stable_rank,3,77.850843,0.657372,0.379534,1.633002,76.217841,79.483845,77.200503,78.515028
new_adamw,"new AdamW, horizon optimized",adamw,horizon_optimized,fc1,21,stable_rank,3,77.77551,0.650837,0.375761,1.616769,76.158741,79.392279,77.130138,78.431678
new_adamw,"new AdamW, horizon optimized",adamw,horizon_optimized,fc1,22,stable_rank,3,77.696351,0.628546,0.362891,1.561394,76.134956,79.257745,77.063551,78.320555
new_adamw,"new AdamW, horizon optimized",adamw,horizon_optimized,fc1,23,stable_rank,3,77.635394,0.610082,0.352231,1.515528,76.119866,79.150922,77.015643,78.235325
new_adamw,"new AdamW, horizon optimized",adamw,horizon_optimized,fc1,24,stable_rank,3,77.575884,0.607603,0.3508,1.509369,76.066515,79.085253,76.957557,78.172162
new_adamw,"new AdamW, horizon optimized",adamw,horizon_optimized,fc1,25,stable_rank,3,77.530437,0.596131,0.344177,1.480873,76.049564,79.011309,76.921251,78.112594
new_adamw,"new AdamW, horizon optimized",adamw,horizon_optimized,fc1,26,stable_rank,3,77.492231,0.588436,0.339734,1.461756,76.030475,78.953987,76.88786,78.06332
new_adamw,"new AdamW, horizon optimized",adamw,horizon_optimized,fc1,27,stable_rank,3,77.46261,0.58202,0.336029,1.445817,76.016793,78.908427,76.865473,78.028232
new_adamw,"new AdamW, horizon optimized",adamw,horizon_optimized,fc1,28,stable_rank,3,77.444329,0.57706,0.333166,1.433496,76.010833,78.877825,76.85103,78.003648
new_adamw,"new AdamW, horizon optimized",adamw,horizon_optimized,fc1,29,stable_rank,3,77.434869,0.57495,0.331948,1.428255,76.006614,78.863124,76.843532,77.991895
new_adamw,"new AdamW, horizon optimized",adamw,horizon_optimized,fc1,30,stable_rank,3,77.431097,0.574817,0.331871,1.427925,76.003172,78.859022,76.839788,77.987864
new_adamw,"new AdamW, horizon optimized",adamw,horizon_optimized,fc2,0,stable_rank,3,130.568187,0.669371,0.386462,1.66281,128.905377,132.230997,129.797615,131.005648
new_adamw,"new AdamW, horizon optimized",adamw,horizon_optimized,fc2,1,stable_rank,3,130.458324,0.615244,0.355211,1.528352,128.929973,131.986676,130.041556,131.164959
new_adamw,"new AdamW, horizon optimized",adamw,horizon_optimized,fc2,2,stable_rank,3,118.114385,4.411671,2.547079,10.959199,107.155187,129.073584,113.245177,121.845504
new_adamw,"new AdamW, horizon optimized",adamw,horizon_optimized,fc2,3,stable_rank,3,97.422541,4.367696,2.52169,10.849958,86.572584,108.272499,92.546369,100.975961
new_adamw,"new AdamW, horizon optimized",adamw,horizon_optimized,fc2,4,stable_rank,3,85.915572,3.456139,1.995403,8.585525,77.330047,94.501097,82.587979,89.487309
new_adamw,"new AdamW, horizon optimized",adamw,horizon_optimized,fc2,5,stable_rank,3,77.904788,3.483513,2.011207,8.653527,69.251261,86.558315,74.282414,81.230462
new_adamw,"new AdamW, horizon optimized",adamw,horizon_optimized,fc2,6,stable_rank,3,71.808663,3.242134,1.871847,8.053907,63.754757,79.86257,68.104534,74.130833
new_adamw,"new AdamW, horizon optimized",adamw,horizon_optimized,fc2,7,stable_rank,3,67.466447,2.974021,1.717052,7.387878,60.078569,74.854325,64.161881,69.927855
new_adamw,"new AdamW, horizon optimized",adamw,horizon_optimized,fc2,8,stable_rank,3,64.089592,3.335862,1.925961,8.286741,55.802852,72.376333,60.252386,66.299507
new_adamw,"new AdamW, horizon optimized",adamw,horizon_optimized,fc2,9,stable_rank,3,60.936208,2.59006,1.495372,6.434066,54.502141,67.370274,57.9859,62.835834
new_adamw,"new AdamW, horizon optimized",adamw,horizon_optimized,fc2,10,stable_rank,3,59.060143,2.629062,1.51789,6.530952,52.52919,65.591095,56.097329,61.114497
new_adamw,"new AdamW, horizon optimized",adamw,horizon_optimized,fc2,11,stable_rank,3,56.771493,2.452246,1.415805,6.091716,50.679776,62.863209,54.019551,58.725065
new_adamw,"new AdamW, horizon optimized",adamw,horizon_optimized,fc2,12,stable_rank,3,55.365835,1.794904,1.036289,4.45879,50.907045,59.824625,53.305159,56.588244
new_adamw,"new AdamW, horizon optimized",adamw,horizon_optimized,fc2,13,stable_rank,3,53.7158,1.620248,0.93545,4.024918,49.690881,57.740718,51.845064,54.672679
new_adamw,"new AdamW, horizon optimized",adamw,horizon_optimized,fc2,14,stable_rank,3,52.167627,2.645979,1.527657,6.572977,45.59465,58.740604,49.13444,54.002092
new_adamw,"new AdamW, horizon optimized",adamw,horizon_optimized,fc2,15,stable_rank,3,51.751287,2.588955,1.494734,6.43132,45.319967,58.182607,48.794071,53.609158
new_adamw,"new AdamW, horizon optimized",adamw,horizon_optimized,fc2,16,stable_rank,3,51.435096,2.703732,1.561,6.716442,44.718654,58.151538,48.360122,53.440096
new_adamw,"new AdamW, horizon optimized",adamw,horizon_optimized,fc2,17,stable_rank,3,51.183975,2.798549,1.615743,6.951982,44.231993,58.135956,48.004331,53.273074
new_adamw,"new AdamW, horizon optimized",adamw,horizon_optimized,fc2,18,stable_rank,3,51.061714,2.76109,1.594116,6.858927,44.202787,57.920641,47.920065,53.102801
new_adamw,"new AdamW, horizon optimized",adamw,horizon_optimized,fc2,19,stable_rank,3,50.89779,2.77029,1.599428,6.881782,44.016008,57.779573,47.744391,52.939853
new_adamw,"new AdamW, horizon optimized",adamw,horizon_optimized,fc2,20,stable_rank,3,50.761018,2.767265,1.597681,6.874268,43.88675,57.635286,47.60989,52.79544
new_adamw,"new AdamW, horizon optimized",adamw,horizon_optimized,fc2,21,stable_rank,3,50.618507,2.767127,1.597602,6.873925,43.744582,57.492433,47.464549,52.63866
new_adamw,"new AdamW, horizon optimized",adamw,horizon_optimized,fc2,22,stable_rank,3,50.495688,2.758461,1.592598,6.852398,43.64329,57.348086,47.350667,52.504939
new_adamw,"new AdamW, horizon optimized",adamw,horizon_optimized,fc2,23,stable_rank,3,50.381894,2.747983,1.586549,6.826367,43.555527,57.208262,47.24588,52.36879
new_adamw,"new AdamW, horizon optimized",adamw,horizon_optimized,fc2,24,stable_rank,3,50.284431,2.746,1.585404,6.821442,43.462989,57.105873,47.14959,52.264278
new_adamw,"new AdamW, horizon optimized",adamw,horizon_optimized,fc2,25,stable_rank,3,50.198771,2.740803,1.582404,6.808533,43.390238,57.007304,47.068775,52.169168
new_adamw,"new AdamW, horizon optimized",adamw,horizon_optimized,fc2,26,stable_rank,3,50.131998,2.738905,1.581308,6.803817,43.328181,56.935815,47.003345,52.096635
new_adamw,"new AdamW, horizon optimized",adamw,horizon_optimized,fc2,27,stable_rank,3,50.080765,2.732088,1.577372,6.786883,43.293881,56.867648,46.959075,52.036069
new_adamw,"new AdamW, horizon optimized",adamw,horizon_optimized,fc2,28,stable_rank,3,50.046515,2.730137,1.576245,6.782036,43.264479,56.828551,46.926536,51.997586
new_adamw,"new AdamW, horizon optimized",adamw,horizon_optimized,fc2,29,stable_rank,3,50.030549,2.730191,1.576276,6.78217,43.248379,56.812719,46.910272,51.980362
new_adamw,"new AdamW, horizon optimized",adamw,horizon_optimized,fc2,30,stable_rank,3,50.023902,2.72963,1.575953,6.780777,43.243125,56.80468,46.904146,51.97265
new_adamw,"new AdamW, horizon optimized",adamw,horizon_optimized,fc3,0,stable_rank,3,8.030807,0.261265,0.150841,0.649018,7.38179,8.679825,7.729623,8.196409
new_adamw,"new AdamW, horizon optimized",adamw,horizon_optimized,fc3,1,stable_rank,3,8.12671,0.286408,0.165358,0.711478,7.415233,8.838188,7.796006,8.294467
new_adamw,"new AdamW, horizon optimized",adamw,horizon_optimized,fc3,2,stable_rank,3,8.006085,0.138236,0.079811,0.343398,7.662687,8.349483,7.888026,8.158151
new_adamw,"new AdamW, horizon optimized",adamw,horizon_optimized,fc3,3,stable_rank,3,7.753254,0.175665,0.10142,0.436375,7.316879,8.189629,7.555209,7.890246
new_adamw,"new AdamW, horizon optimized",adamw,horizon_optimized,fc3,4,stable_rank,3,7.602412,0.23886,0.137906,0.593361,7.009051,8.195773,7.342687,7.812656
new_adamw,"new AdamW, horizon optimized",adamw,horizon_optimized,fc3,5,stable_rank,3,7.492004,0.27321,0.157738,0.678691,6.813314,8.170695,7.210275,7.755812
new_adamw,"new AdamW, horizon optimized",adamw,horizon_optimized,fc3,6,stable_rank,3,7.415496,0.310094,0.179033,0.770316,6.645179,8.185812,7.089087,7.706181
new_adamw,"new AdamW, horizon optimized",adamw,horizon_optimized,fc3,7,stable_rank,3,7.386376,0.246371,0.142242,0.612019,6.774356,7.998395,7.135644,7.628141
new_adamw,"new AdamW, horizon optimized",adamw,horizon_optimized,fc3,8,stable_rank,3,7.390938,0.297564,0.171799,0.73919,6.651748,8.130128,7.080338,7.673478
new_adamw,"new AdamW, horizon optimized",adamw,horizon_optimized,fc3,9,stable_rank,3,7.363386,0.286829,0.165601,0.712522,6.650864,8.075907,7.054962,7.622129
new_adamw,"new AdamW, horizon optimized",adamw,horizon_optimized,fc3,10,stable_rank,3,7.367846,0.269561,0.155631,0.669626,6.69822,8.037472,7.086371,7.623657
new_adamw,"new AdamW, horizon optimized",adamw,horizon_optimized,fc3,11,stable_rank,3,7.304028,0.236959,0.136808,0.588639,6.715389,7.892667,7.06652,7.540435
new_adamw,"new AdamW, horizon optimized",adamw,horizon_optimized,fc3,12,stable_rank,3,7.278197,0.262316,0.151448,0.651628,6.626568,7.929825,7.011162,7.535523
new_adamw,"new AdamW, horizon optimized",adamw,horizon_optimized,fc3,13,stable_rank,3,7.264459,0.259348,0.149734,0.644255,6.620203,7.908714,6.997093,7.514966
new_adamw,"new AdamW, horizon optimized",adamw,horizon_optimized,fc3,14,stable_rank,3,7.293407,0.304991,0.176086,0.757639,6.535768,8.051046,7.000267,7.609006
new_adamw,"new AdamW, horizon optimized",adamw,horizon_optimized,fc3,15,stable_rank,3,7.29685,0.310135,0.179056,0.770417,6.526433,8.067267,6.997543,7.616782
new_adamw,"new AdamW, horizon optimized",adamw,horizon_optimized,fc3,16,stable_rank,3,7.285486,0.284169,0.164065,0.705915,6.57957,7.991401,7.002733,7.57105
new_adamw,"new AdamW, horizon optimized",adamw,horizon_optimized,fc3,17,stable_rank,3,7.286876,0.278133,0.16058,0.690921,6.595955,7.977797,7.007445,7.563693
new_adamw,"new AdamW, horizon optimized",adamw,horizon_optimized,fc3,18,stable_rank,3,7.28815,0.273316,0.157799,0.678956,6.609195,7.967106,7.012403,7.55897
new_adamw,"new AdamW, horizon optimized",adamw,horizon_optimized,fc3,19,stable_rank,3,7.291611,0.273448,0.157875,0.679283,6.612329,7.970894,7.015962,7.562804
new_adamw,"new AdamW, horizon optimized",adamw,horizon_optimized,fc3,20,stable_rank,3,7.294494,0.272138,0.157119,0.676028,6.618466,7.970522,7.02016,7.564382
new_adamw,"new AdamW, horizon optimized",adamw,horizon_optimized,fc3,21,stable_rank,3,7.296766,0.271073,0.156504,0.673382,6.623384,7.970148,7.023389,7.565474
new_adamw,"new AdamW, horizon optimized",adamw,horizon_optimized,fc3,22,stable_rank,3,7.298799,0.269803,0.155771,0.670229,6.628571,7.969028,7.026783,7.566334
new_adamw,"new AdamW, horizon optimized",adamw,horizon_optimized,fc3,23,stable_rank,3,7.3004,0.268761,0.155169,0.667639,6.632761,7.96804,7.029523,7.566994
new_adamw,"new AdamW, horizon optimized",adamw,horizon_optimized,fc3,24,stable_rank,3,7.302012,0.267994,0.154726,0.665733,6.636279,7.967745,7.031795,7.567725
new_adamw,"new AdamW, horizon optimized",adamw,horizon_optimized,fc3,25,stable_rank,3,7.303335,0.267019,0.154164,0.663312,6.640022,7.966647,7.034055,7.568035
new_adamw,"new AdamW, horizon optimized",adamw,horizon_optimized,fc3,26,stable_rank,3,7.304206,0.266335,0.153769,0.661614,6.642593,7.96582,7.035574,7.568184
new_adamw,"new AdamW, horizon optimized",adamw,horizon_optimized,fc3,27,stable_rank,3,7.304814,0.265891,0.153513,0.660511,6.644303,7.965325,7.036534,7.568251
new_adamw,"new AdamW, horizon optimized",adamw,horizon_optimized,fc3,28,stable_rank,3,7.305236,0.265607,0.153348,0.659804,6.645431,7.96504,7.037248,7.568396
new_adamw,"new AdamW, horizon optimized",adamw,horizon_optimized,fc3,29,stable_rank,3,7.30544,0.265429,0.153245,0.659361,6.646078,7.964801,7.037628,7.56842
new_adamw,"new AdamW, horizon optimized",adamw,horizon_optimized,fc3,30,stable_rank,3,7.305507,0.265363,0.153207,0.659198,6.646309,7.964705,7.037748,7.568407
old_adamw,old AdamW,adamw,old,fc1,0,stable_rank,3,159.962804,2.792235,1.612098,6.936296,153.026508,166.8991,157.590181,163.039769
old_adamw,old AdamW,adamw,old,fc1,1,stable_rank,3,130.563848,3.515392,2.029613,8.732719,121.831129,139.296567,126.504687,132.613283
old_adamw,old AdamW,adamw,old,fc1,2,stable_rank,3,75.621839,3.307388,1.909521,8.216008,67.405831,83.837846,72.107512,78.673586
old_adamw,old AdamW,adamw,old,fc1,3,stable_rank,3,63.054176,4.340565,2.506027,10.782562,52.271614,73.836738,58.241009,66.67137
old_adamw,old AdamW,adamw,old,fc1,4,stable_rank,3,53.772189,2.771639,1.600206,6.885132,46.887057,60.657321,52.02449,56.967922
old_adamw,old AdamW,adamw,old,fc1,5,stable_rank,3,48.21392,3.039271,1.754724,7.549968,40.663952,55.763888,44.731249,50.329982
old_adamw,old AdamW,adamw,old,fc1,6,stable_rank,3,44.924443,2.804107,1.618952,6.965788,37.958654,51.890231,42.806363,48.104407
old_adamw,old AdamW,adamw,old,fc1,7,stable_rank,3,39.776099,1.96754,1.13596,4.887641,34.888459,44.66374,37.93733,41.851083
old_adamw,old AdamW,adamw,old,fc1,8,stable_rank,3,37.095902,1.597724,0.922447,3.968968,33.126935,41.06487,35.251723,38.062452
old_adamw,old AdamW,adamw,old,fc1,9,stable_rank,3,35.356724,2.364197,1.36497,5.87299,29.483734,41.229714,32.705855,37.247043
old_adamw,old AdamW,adamw,old,fc1,10,stable_rank,3,35.326554,1.1725,0.676943,2.912653,32.413902,38.239207,34.002246,36.232456
old_adamw,old AdamW,adamw,old,fc1,11,stable_rank,3,33.890796,1.261257,0.728187,3.133136,30.75766,37.023932,32.435176,34.659206
old_adamw,old AdamW,adamw,old,fc1,12,stable_rank,3,32.89723,2.080028,1.200905,5.167077,27.730153,38.064306,31.655838,35.298579
old_adamw,old AdamW,adamw,old,fc1,13,stable_rank,3,31.789534,1.304361,0.753073,3.240213,28.549321,35.029747,30.320583,32.812097
old_adamw,old AdamW,adamw,old,fc1,14,stable_rank,3,31.911983,1.292663,0.74632,3.211154,28.700829,35.123137,30.419366,32.665359
old_adamw,old AdamW,adamw,old,fc1,15,stable_rank,3,31.912852,0.580496,0.33515,1.442033,30.470819,33.354885,31.29983,32.454159
old_adamw,old AdamW,adamw,old,fc1,16,stable_rank,3,32.019528,0.726725,0.419575,1.805286,30.214242,33.824813,31.349123,32.79182
old_adamw,old AdamW,adamw,old,fc1,17,stable_rank,3,32.844676,0.928351,0.535984,2.306151,30.538525,35.150827,31.795784,33.560707
old_adamw,old AdamW,adamw,old,fc1,18,stable_rank,3,33.453025,0.885792,0.511412,2.200428,31.252597,35.653454,32.431009,33.999234
old_adamw,old AdamW,adamw,old,fc1,19,stable_rank,3,33.767832,0.874974,0.505166,2.173555,31.594277,35.941387,32.758611,34.31347
old_adamw,old AdamW,adamw,old,fc1,20,stable_rank,3,34.038372,0.870531,0.502601,2.162519,31.875853,36.200891,33.033479,34.562413
old_adamw,old AdamW,adamw,old,fc1,21,stable_rank,3,34.267944,0.869023,0.50173,2.158772,32.109172,36.426715,33.264747,34.789472
old_adamw,old AdamW,adamw,old,fc1,22,stable_rank,3,34.470867,0.88101,0.508651,2.18855,32.282316,36.659417,33.453812,34.99886
old_adamw,old AdamW,adamw,old,fc1,23,stable_rank,3,34.643969,0.883651,0.510176,2.195112,32.448857,36.839081,33.623804,35.17103
old_adamw,old AdamW,adamw,old,fc1,24,stable_rank,3,34.786792,0.888921,0.513219,2.208201,32.57859,36.994993,33.760471,35.313318
old_adamw,old AdamW,adamw,old,fc1,25,stable_rank,3,34.912825,0.896278,0.517466,2.226478,32.686346,37.139303,33.878025,35.444587
old_adamw,old AdamW,adamw,old,fc1,26,stable_rank,3,35.013455,0.902705,0.521177,2.242443,32.771012,37.255898,33.971209,35.547545
old_adamw,old AdamW,adamw,old,fc1,27,stable_rank,3,35.091714,0.904635,0.522291,2.247238,32.844476,37.338951,34.047265,35.628426
old_adamw,old AdamW,adamw,old,fc1,28,stable_rank,3,35.148982,0.909206,0.52493,2.258593,32.890389,37.407575,34.099248,35.687965
old_adamw,old AdamW,adamw,old,fc1,29,stable_rank,3,35.18991,0.911345,0.526165,2.263906,32.926003,37.453816,34.137699,35.72978
old_adamw,old AdamW,adamw,old,fc1,30,stable_rank,3,35.22205,0.913115,0.527187,2.268303,32.953747,37.490352,34.167797,35.763018
old_adamw,old AdamW,adamw,old,fc2,0,stable_rank,3,130.568187,0.669371,0.386462,1.66281,128.905377,132.230997,129.797615,131.005648
old_adamw,old AdamW,adamw,old,fc2,1,stable_rank,3,110.447886,2.221761,1.282734,5.519159,104.928727,115.967045,108.155074,112.591027
old_adamw,old AdamW,adamw,old,fc2,2,stable_rank,3,74.813485,2.945983,1.700864,7.318227,67.495258,82.131713,71.646352,77.472118
old_adamw,old AdamW,adamw,old,fc2,3,stable_rank,3,63.598369,2.360455,1.362809,5.863694,57.734675,69.462063,61.764598,66.261596
old_adamw,old AdamW,adamw,old,fc2,4,stable_rank,3,57.127476,2.805521,1.619768,6.969299,50.158177,64.096776,54.314866,59.925853
old_adamw,old AdamW,adamw,old,fc2,5,stable_rank,3,53.124578,2.722213,1.57167,6.762351,46.362226,59.886929,50.487181,55.924338
old_adamw,old AdamW,adamw,old,fc2,6,stable_rank,3,49.665122,1.263794,0.729652,3.139439,46.525683,52.804562,48.598689,51.061019
old_adamw,old AdamW,adamw,old,fc2,7,stable_rank,3,47.333265,0.627588,0.362338,1.559014,45.77425,48.892279,46.891959,48.051716
old_adamw,old AdamW,adamw,old,fc2,8,stable_rank,3,45.148329,1.030771,0.595116,2.560578,42.587751,47.708907,44.164771,46.220581
old_adamw,old AdamW,adamw,old,fc2,9,stable_rank,3,43.52072,0.958304,0.553277,2.380558,41.140161,45.901278,42.523235,44.434329
old_adamw,old AdamW,adamw,old,fc2,10,stable_rank,3,42.490767,1.24595,0.71935,3.095112,39.395655,45.585879,41.266627,43.757438
old_adamw,old AdamW,adamw,old,fc2,11,stable_rank,3,41.886831,1.085648,0.626799,2.696898,39.189933,44.583729,40.944372,43.073923
old_adamw,old AdamW,adamw,old,fc2,12,stable_rank,3,41.170616,1.269234,0.732793,3.152953,38.017663,44.32357,39.856453,42.389559
old_adamw,old AdamW,adamw,old,fc2,13,stable_rank,3,40.390442,1.402906,0.809968,3.485012,36.90543,43.875453,39.129373,41.901558
old_adamw,old AdamW,adamw,old,fc2,14,stable_rank,3,39.86084,1.540348,0.88932,3.826437,36.034403,43.687277,38.914919,41.638253
old_adamw,old AdamW,adamw,old,fc2,15,stable_rank,3,39.768962,1.344475,0.776233,3.33986,36.429102,43.108823,38.873985,41.315029
old_adamw,old AdamW,adamw,old,fc2,16,stable_rank,3,39.410794,1.302248,0.751853,3.234964,36.17583,42.645758,38.282213,40.835654
old_adamw,old AdamW,adamw,old,fc2,17,stable_rank,3,39.157681,1.095078,0.632244,2.720324,36.437357,41.878005,38.26206,40.378533
old_adamw,old AdamW,adamw,old,fc2,18,stable_rank,3,39.108213,1.229598,0.709909,3.054491,36.053722,42.162703,38.069931,40.466037
old_adamw,old AdamW,adamw,old,fc2,19,stable_rank,3,39.070808,1.220035,0.704388,3.030736,36.040071,42.101544,38.049963,40.422
old_adamw,old AdamW,adamw,old,fc2,20,stable_rank,3,39.036234,1.223399,0.706329,3.03909,35.997144,42.075325,38.014907,40.392103
old_adamw,old AdamW,adamw,old,fc2,21,stable_rank,3,39.003153,1.223635,0.706466,3.039677,35.963476,42.04283,37.986723,40.36133
old_adamw,old AdamW,adamw,old,fc2,22,stable_rank,3,38.978152,1.221837,0.705428,3.035211,35.942941,42.013363,37.966706,40.335707
old_adamw,old AdamW,adamw,old,fc2,23,stable_rank,3,38.954311,1.219555,0.704111,3.029543,35.924768,41.983855,37.949366,40.311113
old_adamw,old AdamW,adamw,old,fc2,24,stable_rank,3,38.933273,1.221216,0.70507,3.033669,35.899603,41.966942,37.930847,40.293395
old_adamw,old AdamW,adamw,old,fc2,25,stable_rank,3,38.91542,1.220531,0.704674,3.031967,35.883453,41.947387,37.917008,40.276064
old_adamw,old AdamW,adamw,old,fc2,26,stable_rank,3,38.901219,1.221836,0.705427,3.035208,35.866012,41.936427,37.90421,40.264225
old_adamw,old AdamW,adamw,old,fc2,27,stable_rank,3,38.889344,1.22075,0.7048,3.032511,35.856833,41.921856,37.89513,40.251832
old_adamw,old AdamW,adamw,old,fc2,28,stable_rank,3,38.88093,1.221345,0.705144,3.03399,35.846941,41.91492,37.887726,40.244621
old_adamw,old AdamW,adamw,old,fc2,29,stable_rank,3,38.874737,1.221428,0.705192,3.034197,35.840541,41.908934,37.882604,40.238929
old_adamw,old AdamW,adamw,old,fc2,30,stable_rank,3,38.870156,1.221789,0.7054,3.035093,35.835062,41.905249,37.878546,40.235042
old_adamw,old AdamW,adamw,old,fc3,0,stable_rank,3,8.030807,0.261265,0.150841,0.649018,7.38179,8.679825,7.729623,8.196409
old_adamw,old AdamW,adamw,old,fc3,1,stable_rank,3,7.93057,0.124989,0.072163,0.310491,7.62008,8.241061,7.828788,8.070077
old_adamw,old AdamW,adamw,old,fc3,2,stable_rank,3,7.240835,0.192379,0.11107,0.477895,6.762941,7.71873,7.022406,7.385065
old_adamw,old AdamW,adamw,old,fc3,3,stable_rank,3,7.05424,0.247103,0.142665,0.613837,6.440403,7.668077,6.81423,7.307871
old_adamw,old AdamW,adamw,old,fc3,4,stable_rank,3,6.980716,0.34548,0.199463,0.858219,6.122497,7.838935,6.599444,7.272989
old_adamw,old AdamW,adamw,old,fc3,5,stable_rank,3,6.916411,0.27394,0.158159,0.680505,6.235906,7.596917,6.664333,7.207936
old_adamw,old AdamW,adamw,old,fc3,6,stable_rank,3,6.882294,0.265426,0.153244,0.659354,6.22294,7.541648,6.584888,7.09513
old_adamw,old AdamW,adamw,old,fc3,7,stable_rank,3,6.929804,0.213655,0.123354,0.53075,6.399054,7.460553,6.711979,7.13903
old_adamw,old AdamW,adamw,old,fc3,8,stable_rank,3,6.893914,0.298602,0.172398,0.741768,6.152146,7.635683,6.600094,7.197078
old_adamw,old AdamW,adamw,old,fc3,9,stable_rank,3,6.856852,0.201255,0.116195,0.499946,6.356906,7.356799,6.674757,7.072939
old_adamw,old AdamW,adamw,old,fc3,10,stable_rank,3,6.895579,0.21616,0.1248,0.536971,6.358608,7.432549,6.671915,7.103359
old_adamw,old AdamW,adamw,old,fc3,11,stable_rank,3,6.857956,0.320277,0.184912,0.795612,6.062345,7.653568,6.521877,7.159656
old_adamw,old AdamW,adamw,old,fc3,12,stable_rank,3,6.892526,0.296814,0.171366,0.737327,6.1552,7.629853,6.562362,7.137245
old_adamw,old AdamW,adamw,old,fc3,13,stable_rank,3,6.867147,0.299241,0.172767,0.743356,6.123791,7.610503,6.529949,7.10108
old_adamw,old AdamW,adamw,old,fc3,14,stable_rank,3,6.924953,0.345822,0.199661,0.85907,6.065883,7.784023,6.55126,7.233693
old_adamw,old AdamW,adamw,old,fc3,15,stable_rank,3,6.90575,0.347834,0.200822,0.864068,6.041682,7.769818,6.547065,7.241609
old_adamw,old AdamW,adamw,old,fc3,16,stable_rank,3,6.891725,0.376003,0.217085,0.934042,5.957683,7.825767,6.513166,7.265118
old_adamw,old AdamW,adamw,old,fc3,17,stable_rank,3,6.903929,0.370399,0.21385,0.920122,5.983807,7.824051,6.532223,7.273007
old_adamw,old AdamW,adamw,old,fc3,18,stable_rank,3,6.911286,0.372207,0.214894,0.924614,5.986671,7.8359,6.535225,7.279516
old_adamw,old AdamW,adamw,old,fc3,19,stable_rank,3,6.914913,0.373139,0.215432,0.926929,5.987984,7.841842,6.539536,7.285774
old_adamw,old AdamW,adamw,old,fc3,20,stable_rank,3,6.918095,0.37419,0.216039,0.929541,5.988555,7.847636,6.542952,7.291326
old_adamw,old AdamW,adamw,old,fc3,21,stable_rank,3,6.921341,0.375814,0.216976,0.933574,5.987767,7.854914,6.545614,7.297241
old_adamw,old AdamW,adamw,old,fc3,22,stable_rank,3,6.923985,0.376766,0.217526,0.935938,5.988047,7.859922,6.548062,7.301587
old_adamw,old AdamW,adamw,old,fc3,23,stable_rank,3,6.926449,0.377966,0.218219,0.938919,5.98753,7.865368,6.550082,7.305993
old_adamw,old AdamW,adamw,old,fc3,24,stable_rank,3,6.928634,0.379044,0.218841,0.941598,5.987035,7.870232,6.551755,7.309807
old_adamw,old AdamW,adamw,old,fc3,25,stable_rank,3,6.930396,0.379736,0.21924,0.943315,5.98708,7.873711,6.553261,7.312679
old_adamw,old AdamW,adamw,old,fc3,26,stable_rank,3,6.931872,0.380289,0.21956,0.944691,5.987181,7.876563,6.554512,7.315024
old_adamw,old AdamW,adamw,old,fc3,27,stable_rank,3,6.932948,0.380768,0.219837,0.94588,5.987067,7.878828,6.555353,7.316811
old_adamw,old AdamW,adamw,old,fc3,28,stable_rank,3,6.93378,0.381058,0.220004,0.946601,5.987178,7.880381,6.556098,7.318127
old_adamw,old AdamW,adamw,old,fc3,29,stable_rank,3,6.934343,0.381279,0.220132,0.947151,5.987192,7.881494,6.556552,7.319017
old_adamw,old AdamW,adamw,old,fc3,30,stable_rank,3,6.934791,0.38141,0.220207,0.947476,5.987315,7.882267,6.556968,7.31969
old_sgd,old SGD + Nesterov,sgd_momentum,old,fc1,0,stable_rank,3,159.962804,2.792235,1.612098,6.936296,153.026508,166.8991,157.590181,163.039769
old_sgd,old SGD + Nesterov,sgd_momentum,old,fc1,1,stable_rank,3,159.225223,2.807271,1.620779,6.973647,152.251575,166.19887,157.202668,162.430292
old_sgd,old SGD + Nesterov,sgd_momentum,old,fc1,2,stable_rank,3,140.522572,1.926385,1.112199,4.785406,135.737166,145.307979,138.315916,141.868722
old_sgd,old SGD + Nesterov,sgd_momentum,old,fc1,3,stable_rank,3,115.686415,0.941739,0.543713,2.339409,113.347006,118.025824,114.613555,116.37647
old_sgd,old SGD + Nesterov,sgd_momentum,old,fc1,4,stable_rank,3,103.453472,1.342765,0.775246,3.335614,100.117859,106.789086,102.495588,104.988284
old_sgd,old SGD + Nesterov,sgd_momentum,old,fc1,5,stable_rank,3,96.727671,1.156226,0.667547,2.872223,93.855448,99.599894,95.456472,97.716678
old_sgd,old SGD + Nesterov,sgd_momentum,old,fc1,6,stable_rank,3,92.61973,1.574374,0.908965,3.910961,88.708769,96.530691,91.140772,94.274722
old_sgd,old SGD + Nesterov,sgd_momentum,old,fc1,7,stable_rank,3,88.509734,1.370367,0.791182,3.404181,85.105553,91.913915,86.948314,89.512666
old_sgd,old SGD + Nesterov,sgd_momentum,old,fc1,8,stable_rank,3,86.821209,1.924097,1.110878,4.779722,82.041487,91.600931,84.752131,88.556701
old_sgd,old SGD + Nesterov,sgd_momentum,old,fc1,9,stable_rank,3,86.554291,1.940734,1.120483,4.821051,81.73324,91.375342,84.453081,88.279534
old_sgd,old SGD + Nesterov,sgd_momentum,old,fc1,10,stable_rank,3,86.015485,2.256567,1.30283,5.605623,80.409862,91.621109,83.62435,88.107685
old_sgd,old SGD + Nesterov,sgd_momentum,old,fc1,11,stable_rank,3,85.665989,2.149175,1.240827,5.338848,80.327142,91.004837,83.389794,87.660332
old_sgd,old SGD + Nesterov,sgd_momentum,old,fc1,12,stable_rank,3,85.397866,2.104173,1.214845,5.227055,80.170811,90.62492,83.167901,87.348304
old_sgd,old SGD + Nesterov,sgd_momentum,old,fc1,13,stable_rank,3,85.126608,2.095751,1.209982,5.206134,79.920474,90.332742,82.892095,87.048467
old_sgd,old SGD + Nesterov,sgd_momentum,old,fc1,14,stable_rank,3,84.897079,2.096878,1.210633,5.208933,79.688146,90.106012,82.661327,86.819912
old_sgd,old SGD + Nesterov,sgd_momentum,old,fc1,15,stable_rank,3,84.659868,2.070668,1.195501,5.143826,79.516042,89.803694,82.452506,86.559371
old_sgd,old SGD + Nesterov,sgd_momentum,old,fc1,16,stable_rank,3,84.400542,2.07974,1.200739,5.166361,79.234181,89.566903,82.191962,86.321502
old_sgd,old SGD + Nesterov,sgd_momentum,old,fc1,17,stable_rank,3,84.186324,2.051321,1.184331,5.095765,79.090559,89.282088,82.000328,86.069249
old_sgd,old SGD + Nesterov,sgd_momentum,old,fc1,18,stable_rank,3,84.018991,2.063494,1.191359,5.126003,78.892988,89.144994,81.814966,85.90504
old_sgd,old SGD + Nesterov,sgd_momentum,old,fc1,19,stable_rank,3,83.845634,2.05252,1.185023,5.098743,78.746891,88.944376,81.65841,85.729738
old_sgd,old SGD + Nesterov,sgd_momentum,old,fc1,20,stable_rank,3,83.67439,2.04196,1.178926,5.07251,78.601881,88.7469,81.500546,85.552135
old_sgd,old SGD + Nesterov,sgd_momentum,old,fc1,21,stable_rank,3,83.542403,2.036005,1.175488,5.057717,78.484685,88.60012,81.368821,85.405063
old_sgd,old SGD + Nesterov,sgd_momentum,old,fc1,22,stable_rank,3,83.419349,2.030582,1.172357,5.044246,78.375102,88.463595,81.260051,85.290414
old_sgd,old SGD + Nesterov,sgd_momentum,old,fc1,23,stable_rank,3,83.331912,2.034766,1.174773,5.054639,78.277273,88.38655,81.168903,85.207972
old_sgd,old SGD + Nesterov,sgd_momentum,old,fc1,24,stable_rank,3,83.264874,2.034782,1.174782,5.05468,78.210195,88.319554,81.098183,85.135256
old_sgd,old SGD + Nesterov,sgd_momentum,old,fc1,25,stable_rank,3,83.207921,2.032352,1.173379,5.048642,78.159279,88.256563,81.045602,85.078851
old_sgd,old SGD + Nesterov,sgd_momentum,old,fc1,26,stable_rank,3,83.172073,2.027271,1.170445,5.03602,78.136053,88.208093,81.014913,85.037941
old_sgd,old SGD + Nesterov,sgd_momentum,old,fc1,27,stable_rank,3,83.145284,2.026331,1.169903,5.033685,78.111599,88.17897,80.990196,85.01195
old_sgd,old SGD + Nesterov,sgd_momentum,old,fc1,28,stable_rank,3,83.129096,2.02667,1.170099,5.034528,78.094568,88.163625,80.974014,84.996643
old_sgd,old SGD + Nesterov,sgd_momentum,old,fc1,29,stable_rank,3,83.119178,2.026809,1.170179,5.034872,78.084306,88.15405,80.963897,84.986773
old_sgd,old SGD + Nesterov,sgd_momentum,old,fc1,30,stable_rank,3,83.113029,2.026471,1.169983,5.034032,78.078997,88.147062,80.957934,84.980043
old_sgd,old SGD + Nesterov,sgd_momentum,old,fc2,0,stable_rank,3,130.568187,0.669371,0.386462,1.66281,128.905377,132.230997,129.797615,131.005648
old_sgd,old SGD + Nesterov,sgd_momentum,old,fc2,1,stable_rank,3,130.822288,0.871417,0.503113,2.164721,128.657567,132.987009,129.88483,131.607637
old_sgd,old SGD + Nesterov,sgd_momentum,old,fc2,2,stable_rank,3,126.214359,1.734342,1.001323,4.308344,121.906014,130.522703,124.343573,127.768673
old_sgd,old SGD + Nesterov,sgd_momentum,old,fc2,3,stable_rank,3,111.493361,2.329779,1.345098,5.787491,105.70587,117.280852,108.812143,113.024152
old_sgd,old SGD + Nesterov,sgd_momentum,old,fc2,4,stable_rank,3,101.352025,1.356966,0.783445,3.370892,97.981134,104.722917,100.234075,102.861789
old_sgd,old SGD + Nesterov,sgd_momentum,old,fc2,5,stable_rank,3,95.426248,1.98815,1.147859,4.938838,90.48741,100.365086,93.760552,97.627246
old_sgd,old SGD + Nesterov,sgd_momentum,old,fc2,6,stable_rank,3,91.111999,1.954377,1.12836,4.854942,86.257057,95.966941,89.029857,92.906797
old_sgd,old SGD + Nesterov,sgd_momentum,old,fc2,7,stable_rank,3,87.143131,2.171472,1.2537,5.394235,81.748896,92.537366,84.736686,88.956319
old_sgd,old SGD + Nesterov,sgd_momentum,old,fc2,8,stable_rank,3,84.446018,2.523131,1.45673,6.267805,78.178213,90.713823,81.768209,86.779002
old_sgd,old SGD + Nesterov,sgd_momentum,old,fc2,9,stable_rank,3,83.421105,2.46424,1.42273,6.121512,77.299593,89.542617,80.843033,85.75304
old_sgd,old SGD + Nesterov,sgd_momentum,old,fc2,10,stable_rank,3,82.564325,2.419866,1.39711,6.011279,76.553045,88.575604,79.973744,84.766487
old_sgd,old SGD + Nesterov,sgd_momentum,old,fc2,11,stable_rank,3,81.833426,2.43447,1.405542,6.047559,75.785868,87.880985,79.24579,84.078427
old_sgd,old SGD + Nesterov,sgd_momentum,old,fc2,12,stable_rank,3,81.234868,2.44499,1.411616,6.073692,75.161177,87.30856,78.646842,83.5059
old_sgd,old SGD + Nesterov,sgd_momentum,old,fc2,13,stable_rank,3,80.648179,2.458516,1.419425,6.107293,74.540886,86.755472,78.042882,82.927363
old_sgd,old SGD + Nesterov,sgd_momentum,old,fc2,14,stable_rank,3,80.097347,2.506653,1.447217,6.226872,73.870475,86.324219,77.453871,82.440034
old_sgd,old SGD + Nesterov,sgd_momentum,old,fc2,15,stable_rank,3,79.580844,2.507854,1.44791,6.229856,73.350988,85.810699,76.931352,81.917755
old_sgd,old SGD + Nesterov,sgd_momentum,old,fc2,16,stable_rank,3,79.041314,2.504093,1.445739,6.220512,72.820803,85.261826,76.406027,81.389457
old_sgd,old SGD + Nesterov,sgd_momentum,old,fc2,17,stable_rank,3,78.58518,2.552726,1.473817,6.341322,72.243858,84.926502,75.909398,80.993843
old_sgd,old SGD + Nesterov,sgd_momentum,old,fc2,18,stable_rank,3,78.148602,2.537076,1.464782,6.302447,71.846155,84.451049,75.490235,80.543887
old_sgd,old SGD + Nesterov,sgd_momentum,old,fc2,19,stable_rank,3,77.764466,2.557857,1.476779,6.354069,71.410397,84.118535,75.091784,80.189481
old_sgd,old SGD + Nesterov,sgd_momentum,old,fc2,20,stable_rank,3,77.408625,2.560886,1.478528,6.361593,71.047031,83.770218,74.741646,79.848258
old_sgd,old SGD + Nesterov,sgd_momentum,old,fc2,21,stable_rank,3,77.103059,2.581891,1.490656,6.413774,70.689285,83.516833,74.414369,79.562918
old_sgd,old SGD + Nesterov,sgd_momentum,old,fc2,22,stable_rank,3,76.838548,2.573705,1.485929,6.393438,70.445109,83.231986,74.156595,79.288265
old_sgd,old SGD + Nesterov,sgd_momentum,old,fc2,23,stable_rank,3,76.634161,2.581064,1.490178,6.411718,70.222443,83.04588,73.944832,79.091266
old_sgd,old SGD + Nesterov,sgd_momentum,old,fc2,24,stable_rank,3,76.476485,2.590957,1.49589,6.436295,70.04019,82.91278,73.784045,78.952367
old_sgd,old SGD + Nesterov,sgd_momentum,old,fc2,25,stable_rank,3,76.353513,2.593552,1.497388,6.442741,69.910772,82.796253,73.658248,78.831709
old_sgd,old SGD + Nesterov,sgd_momentum,old,fc2,26,stable_rank,3,76.269863,2.598054,1.499987,6.453924,69.815939,82.723787,73.570346,78.752909
old_sgd,old SGD + Nesterov,sgd_momentum,old,fc2,27,stable_rank,3,76.212788,2.597216,1.499504,6.451843,69.760945,82.664631,73.514719,78.695776
old_sgd,old SGD + Nesterov,sgd_momentum,old,fc2,28,stable_rank,3,76.175887,2.598373,1.500171,6.454715,69.721172,82.630603,73.477375,78.660953
old_sgd,old SGD + Nesterov,sgd_momentum,old,fc2,29,stable_rank,3,76.154379,2.598937,1.500497,6.456118,69.69826,82.610497,73.455476,78.640236
old_sgd,old SGD + Nesterov,sgd_momentum,old,fc2,30,stable_rank,3,76.140828,2.599253,1.500679,6.456902,69.683926,82.59773,73.441794,78.627238
old_sgd,old SGD + Nesterov,sgd_momentum,old,fc3,0,stable_rank,3,8.030807,0.261265,0.150841,0.649018,7.38179,8.679825,7.729623,8.196409
old_sgd,old SGD + Nesterov,sgd_momentum,old,fc3,1,stable_rank,3,7.798678,0.140402,0.081061,0.348778,7.449901,8.147456,7.641063,7.910362
old_sgd,old SGD + Nesterov,sgd_momentum,old,fc3,2,stable_rank,3,6.717654,0.382379,0.220767,0.949883,5.767771,7.667537,6.356514,7.118218
old_sgd,old SGD + Nesterov,sgd_momentum,old,fc3,3,stable_rank,3,6.394901,0.361653,0.208801,0.898396,5.496505,7.293297,6.059668,6.778173
old_sgd,old SGD + Nesterov,sgd_momentum,old,fc3,4,stable_rank,3,6.260356,0.380518,0.219692,0.945258,5.315097,7.205614,5.926818,6.67483
old_sgd,old SGD + Nesterov,sgd_momentum,old,fc3,5,stable_rank,3,6.217841,0.316199,0.182558,0.785483,5.432358,7.003324,5.915447,6.54624
old_sgd,old SGD + Nesterov,sgd_momentum,old,fc3,6,stable_rank,3,6.20107,0.330548,0.190842,0.821126,5.379945,7.022196,5.876854,6.537605
old_sgd,old SGD + Nesterov,sgd_momentum,old,fc3,7,stable_rank,3,6.227719,0.315813,0.182335,0.784523,5.443196,7.012242,5.903814,6.534764
old_sgd,old SGD + Nesterov,sgd_momentum,old,fc3,8,stable_rank,3,6.245041,0.264267,0.152575,0.656477,5.588564,6.901518,5.971885,6.499418
old_sgd,old SGD + Nesterov,sgd_momentum,old,fc3,9,stable_rank,3,6.272176,0.238063,0.137446,0.591382,5.680794,6.863558,6.029849,6.505733
old_sgd,old SGD + Nesterov,sgd_momentum,old,fc3,10,stable_rank,3,6.285572,0.250578,0.144671,0.622471,5.663101,6.908043,6.039802,6.540696
old_sgd,old SGD + Nesterov,sgd_momentum,old,fc3,11,stable_rank,3,6.293452,0.246426,0.142274,0.612157,5.681295,6.905609,6.05539,6.547467
old_sgd,old SGD + Nesterov,sgd_momentum,old,fc3,12,stable_rank,3,6.301583,0.246002,0.142029,0.611102,5.690481,6.912686,6.066961,6.557571
old_sgd,old SGD + Nesterov,sgd_momentum,old,fc3,13,stable_rank,3,6.307803,0.243875,0.140801,0.60582,5.701983,6.913622,6.078819,6.564245
old_sgd,old SGD + Nesterov,sgd_momentum,old,fc3,14,stable_rank,3,6.314544,0.242416,0.139959,0.602194,5.71235,6.916738,6.089414,6.571167
old_sgd,old SGD + Nesterov,sgd_momentum,old,fc3,15,stable_rank,3,6.321546,0.240314,0.138745,0.596972,5.724574,6.918519,6.101795,6.578162
old_sgd,old SGD + Nesterov,sgd_momentum,old,fc3,16,stable_rank,3,6.325515,0.237203,0.136949,0.589244,5.736271,6.914759,6.110117,6.579734
old_sgd,old SGD + Nesterov,sgd_momentum,old,fc3,17,stable_rank,3,6.329994,0.235047,0.135705,0.58389,5.746104,6.913884,6.118775,6.583208
old_sgd,old SGD + Nesterov,sgd_momentum,old,fc3,18,stable_rank,3,6.334428,0.234423,0.135344,0.58234,5.752088,6.916767,6.12714,6.58883
old_sgd,old SGD + Nesterov,sgd_momentum,old,fc3,19,stable_rank,3,6.337663,0.232735,0.134369,0.578145,5.759518,6.915808,6.133651,6.591161
old_sgd,old SGD + Nesterov,sgd_momentum,old,fc3,20,stable_rank,3,6.340691,0.2301,0.132848,0.571601,5.769091,6.912292,6.14047,6.592062
old_sgd,old SGD + Nesterov,sgd_momentum,old,fc3,21,stable_rank,3,6.342905,0.229333,0.132405,0.569695,5.77321,6.912599,6.145385,6.594416
old_sgd,old SGD + Nesterov,sgd_momentum,old,fc3,22,stable_rank,3,6.344239,0.229044,0.132239,0.568978,5.775261,6.913217,6.148556,6.596167
old_sgd,old SGD + Nesterov,sgd_momentum,old,fc3,23,stable_rank,3,6.345586,0.227529,0.131364,0.565213,5.780373,6.910798,6.152418,6.59639
old_sgd,old SGD + Nesterov,sgd_momentum,old,fc3,24,stable_rank,3,6.347128,0.226307,0.130658,0.562178,5.78495,6.909305,6.155069,6.596617
old_sgd,old SGD + Nesterov,sgd_momentum,old,fc3,25,stable_rank,3,6.347905,0.225636,0.130271,0.56051,5.787395,6.908414,6.157354,6.59706
old_sgd,old SGD + Nesterov,sgd_momentum,old,fc3,26,stable_rank,3,6.348634,0.22548,0.130181,0.560123,5.788511,6.908757,6.158595,6.59778
old_sgd,old SGD + Nesterov,sgd_momentum,old,fc3,27,stable_rank,3,6.348915,0.225334,0.130097,0.559762,5.789154,6.908677,6.159256,6.598009
old_sgd,old SGD + Nesterov,sgd_momentum,old,fc3,28,stable_rank,3,6.349226,0.225244,0.130045,0.559537,5.78969,6.908763,6.159849,6.598307
old_sgd,old SGD + Nesterov,sgd_momentum,old,fc3,29,stable_rank,3,6.349363,0.225136,0.129983,0.55927,5.790093,6.908633,6.160173,6.598366
old_sgd,old SGD + Nesterov,sgd_momentum,old,fc3,30,stable_rank,3,6.349442,0.225071,0.129945,0.559107,5.790335,6.908549,6.160367,6.598398
new_muon,"new Muon, horizon optimized",sgd_momentum_muon,horizon_optimized,fc1,0,stable_rank,3,159.962804,2.792235,1.612098,6.936296,153.026508,166.8991,157.590181,163.039769
new_muon,"new Muon, horizon optimized",sgd_momentum_muon,horizon_optimized,fc1,1,stable_rank,3,158.928493,2.253308,1.300948,5.597528,153.330965,164.526021,157.451015,161.522008
new_muon,"new Muon, horizon optimized",sgd_momentum_muon,horizon_optimized,fc1,2,stable_rank,3,141.871017,2.69734,1.55731,6.700565,135.170452,148.571582,138.810457,143.901675
new_muon,"new Muon, horizon optimized",sgd_momentum_muon,horizon_optimized,fc1,3,stable_rank,3,115.977457,1.493006,0.861987,3.708832,112.268625,119.686289,114.836085,117.66708
new_muon,"new Muon, horizon optimized",sgd_momentum_muon,horizon_optimized,fc1,4,stable_rank,3,101.630461,1.117286,0.645065,2.775492,98.854969,104.405953,100.340331,102.276289
new_muon,"new Muon, horizon optimized",sgd_momentum_muon,horizon_optimized,fc1,5,stable_rank,3,91.938824,1.515224,0.874815,3.764024,88.1748,95.702848,90.203129,92.997526
new_muon,"new Muon, horizon optimized",sgd_momentum_muon,horizon_optimized,fc1,6,stable_rank,3,86.029678,1.118338,0.645673,2.778107,83.251571,88.807784,84.738691,86.701555
new_muon,"new Muon, horizon optimized",sgd_momentum_muon,horizon_optimized,fc1,7,stable_rank,3,79.931222,1.921654,1.109467,4.773653,75.157569,84.704875,77.879114,81.688299
new_muon,"new Muon, horizon optimized",sgd_momentum_muon,horizon_optimized,fc1,8,stable_rank,3,74.213834,4.339077,2.505167,10.778864,63.43497,84.992699,69.205152,76.829585
new_muon,"new Muon, horizon optimized",sgd_momentum_muon,horizon_optimized,fc1,9,stable_rank,3,70.879832,2.772322,1.600601,6.886829,63.993003,77.76666,67.679794,72.554571
new_muon,"new Muon, horizon optimized",sgd_momentum_muon,horizon_optimized,fc1,10,stable_rank,3,68.631994,3.202451,1.848936,7.955329,60.676665,76.587323,65.499841,71.900394
new_muon,"new Muon, horizon optimized",sgd_momentum_muon,horizon_optimized,fc1,11,stable_rank,3,67.523503,1.386933,0.800746,3.445333,64.07817,70.968835,66.621522,69.120532
new_muon,"new Muon, horizon optimized",sgd_momentum_muon,horizon_optimized,fc1,12,stable_rank,3,64.421292,0.156695,0.090468,0.389251,64.032041,64.810543,64.270265,64.583098
new_muon,"new Muon, horizon optimized",sgd_momentum_muon,horizon_optimized,fc1,13,stable_rank,3,63.041518,0.452184,0.261069,1.123288,61.918231,64.164806,62.607106,63.509593
new_muon,"new Muon, horizon optimized",sgd_momentum_muon,horizon_optimized,fc1,14,stable_rank,3,61.210906,0.658746,0.380327,1.636417,59.57449,62.847323,60.469925,61.730248
new_muon,"new Muon, horizon optimized",sgd_momentum_muon,horizon_optimized,fc1,15,stable_rank,3,59.006877,1.633806,0.943279,4.0586,54.948277,63.065477,57.221714,60.427869
new_muon,"new Muon, horizon optimized",sgd_momentum_muon,horizon_optimized,fc1,16,stable_rank,3,58.119842,0.300239,0.173343,0.745835,57.374007,58.865677,57.854179,58.445574
new_muon,"new Muon, horizon optimized",sgd_momentum_muon,horizon_optimized,fc1,17,stable_rank,3,56.826794,0.84509,0.487913,2.099321,54.727473,58.926115,55.945951,57.630898
new_muon,"new Muon, horizon optimized",sgd_momentum_muon,horizon_optimized,fc1,18,stable_rank,3,56.17307,1.245758,0.719239,3.094635,53.078435,59.267705,55.039217,57.50661
new_muon,"new Muon, horizon optimized",sgd_momentum_muon,horizon_optimized,fc1,19,stable_rank,3,55.345926,1.044329,0.602943,2.594256,52.751669,57.940182,54.315341,56.403476
new_muon,"new Muon, horizon optimized",sgd_momentum_muon,horizon_optimized,fc1,20,stable_rank,3,54.584319,0.802506,0.463327,1.993535,52.590784,56.577854,53.83426,55.430596
new_muon,"new Muon, horizon optimized",sgd_momentum_muon,horizon_optimized,fc1,21,stable_rank,3,54.444619,0.67454,0.389446,1.67565,52.768969,56.120269,53.67145,54.91282
new_muon,"new Muon, horizon optimized",sgd_momentum_muon,horizon_optimized,fc1,22,stable_rank,3,53.852163,0.150659,0.086983,0.374257,53.477906,54.226419,53.681632,53.96722
new_muon,"new Muon, horizon optimized",sgd_momentum_muon,horizon_optimized,fc1,23,stable_rank,3,53.399317,0.09955,0.057475,0.247296,53.152021,53.646612,53.309013,53.506065
new_muon,"new Muon, horizon optimized",sgd_momentum_muon,horizon_optimized,fc1,24,stable_rank,3,53.145066,0.314949,0.181836,0.782376,52.36269,53.927441,52.845759,53.473617
new_muon,"new Muon, horizon optimized",sgd_momentum_muon,horizon_optimized,fc1,25,stable_rank,3,52.997257,0.255234,0.14736,0.634037,52.36322,53.631294,52.768463,53.272541
new_muon,"new Muon, horizon optimized",sgd_momentum_muon,horizon_optimized,fc1,26,stable_rank,3,52.763274,0.224845,0.129814,0.558546,52.204728,53.321819,52.56107,53.005409
new_muon,"new Muon, horizon optimized",sgd_momentum_muon,horizon_optimized,fc1,27,stable_rank,3,52.526713,0.202719,0.11704,0.503583,52.02313,53.030296,52.319013,52.724055
new_muon,"new Muon, horizon optimized",sgd_momentum_muon,horizon_optimized,fc1,28,stable_rank,3,52.305825,0.226111,0.130545,0.561691,51.744135,52.867516,52.11529,52.555684
new_muon,"new Muon, horizon optimized",sgd_momentum_muon,horizon_optimized,fc1,29,stable_rank,3,52.098368,0.222387,0.128395,0.55244,51.545928,52.650808,51.891838,52.333788
new_muon,"new Muon, horizon optimized",sgd_momentum_muon,horizon_optimized,fc1,30,stable_rank,3,51.940452,0.213942,0.12352,0.531462,51.40899,52.471914,51.743204,52.167883
new_muon,"new Muon, horizon optimized",sgd_momentum_muon,horizon_optimized,fc2,0,stable_rank,3,130.568187,0.669371,0.386462,1.66281,128.905377,132.230997,129.797615,131.005648
new_muon,"new Muon, horizon optimized",sgd_momentum_muon,horizon_optimized,fc2,1,stable_rank,3,129.704882,1.593856,0.920213,3.959359,125.745523,133.664241,128.024746,131.195516
new_muon,"new Muon, horizon optimized",sgd_momentum_muon,horizon_optimized,fc2,2,stable_rank,3,119.024968,1.393486,0.80453,3.461612,115.563356,122.486579,117.435139,120.034678
new_muon,"new Muon, horizon optimized",sgd_momentum_muon,horizon_optimized,fc2,3,stable_rank,3,104.827588,1.855338,1.07118,4.608915,100.218673,109.436503,102.917116,106.622378
new_muon,"new Muon, horizon optimized",sgd_momentum_muon,horizon_optimized,fc2,4,stable_rank,3,96.016221,3.090453,1.784274,7.677111,88.33911,103.693332,92.741024,98.880894
new_muon,"new Muon, horizon optimized",sgd_momentum_muon,horizon_optimized,fc2,5,stable_rank,3,89.186664,3.33701,1.926624,8.289592,80.897072,97.476256,85.498385,91.996766
new_muon,"new Muon, horizon optimized",sgd_momentum_muon,horizon_optimized,fc2,6,stable_rank,3,83.355379,4.276128,2.468824,10.622491,72.732888,93.97787,78.544326,86.722984
new_muon,"new Muon, horizon optimized",sgd_momentum_muon,horizon_optimized,fc2,7,stable_rank,3,79.376274,1.493138,0.862063,3.70916,75.667114,83.085434,77.733863,80.651709
new_muon,"new Muon, horizon optimized",sgd_momentum_muon,horizon_optimized,fc2,8,stable_rank,3,75.624879,2.905158,1.677294,7.216814,68.408066,82.841693,72.52478,78.284877
new_muon,"new Muon, horizon optimized",sgd_momentum_muon,horizon_optimized,fc2,9,stable_rank,3,72.489004,3.20955,1.853035,7.972964,64.51604,80.461969,69.256438,75.675032
new_muon,"new Muon, horizon optimized",sgd_momentum_muon,horizon_optimized,fc2,10,stable_rank,3,70.432321,3.75236,2.166426,9.321378,61.110943,79.7537,66.15191,73.154562
new_muon,"new Muon, horizon optimized",sgd_momentum_muon,horizon_optimized,fc2,11,stable_rank,3,68.147308,2.927545,1.690219,7.272425,60.874883,75.419733,64.773544,70.018066
new_muon,"new Muon, horizon optimized",sgd_momentum_muon,horizon_optimized,fc2,12,stable_rank,3,65.694588,2.921193,1.686551,7.256645,58.437944,72.951233,62.32423,67.497568
new_muon,"new Muon, horizon optimized",sgd_momentum_muon,horizon_optimized,fc2,13,stable_rank,3,64.38609,2.0077,1.159146,4.987402,59.398687,69.373492,62.76011,66.630163
new_muon,"new Muon, horizon optimized",sgd_momentum_muon,horizon_optimized,fc2,14,stable_rank,3,62.649021,2.736337,1.579825,6.797439,55.851583,69.44646,60.025411,65.485636
new_muon,"new Muon, horizon optimized",sgd_momentum_muon,horizon_optimized,fc2,15,stable_rank,3,61.221916,1.975195,1.140379,4.906655,56.315261,66.128572,58.984405,62.723492
new_muon,"new Muon, horizon optimized",sgd_momentum_muon,horizon_optimized,fc2,16,stable_rank,3,59.714173,2.75744,1.592008,6.849859,52.864314,66.564033,56.98023,62.494523
new_muon,"new Muon, horizon optimized",sgd_momentum_muon,horizon_optimized,fc2,17,stable_rank,3,58.20087,2.382641,1.375618,5.918807,52.282062,64.119677,55.679061,60.414316
new_muon,"new Muon, horizon optimized",sgd_momentum_muon,horizon_optimized,fc2,18,stable_rank,3,56.505171,2.254044,1.301373,5.599356,50.905815,62.104526,54.181555,58.682518
new_muon,"new Muon, horizon optimized",sgd_momentum_muon,horizon_optimized,fc2,19,stable_rank,3,55.549204,2.410491,1.391698,5.987991,49.561213,61.537196,52.945436,57.703004
new_muon,"new Muon, horizon optimized",sgd_momentum_muon,horizon_optimized,fc2,20,stable_rank,3,54.569441,2.163717,1.249222,5.37497,49.194471,59.944411,52.299849,56.608883
new_muon,"new Muon, horizon optimized",sgd_momentum_muon,horizon_optimized,fc2,21,stable_rank,3,53.461792,2.085004,1.203778,5.179437,48.282355,58.641229,51.355532,55.52487
new_muon,"new Muon, horizon optimized",sgd_momentum_muon,horizon_optimized,fc2,22,stable_rank,3,52.249632,1.820631,1.051142,4.522698,47.726933,56.77233,50.503087,54.136257
new_muon,"new Muon, horizon optimized",sgd_momentum_muon,horizon_optimized,fc2,23,stable_rank,3,51.237123,1.838278,1.06133,4.566535,46.670588,55.803658,49.42636,53.101733
new_muon,"new Muon, horizon optimized",sgd_momentum_muon,horizon_optimized,fc2,24,stable_rank,3,50.491637,1.669265,0.963751,4.146685,46.344952,54.638322,48.943103,52.259875
new_muon,"new Muon, horizon optimized",sgd_momentum_muon,horizon_optimized,fc2,25,stable_rank,3,50.217552,1.61841,0.93439,4.020354,46.197199,54.237906,48.832546,51.996596
new_muon,"new Muon, horizon optimized",sgd_momentum_muon,horizon_optimized,fc2,26,stable_rank,3,50.243057,1.577219,0.910608,3.918029,46.325029,54.161086,49.027447,52.025314
new_muon,"new Muon, horizon optimized",sgd_momentum_muon,horizon_optimized,fc2,27,stable_rank,3,50.39253,1.587792,0.916712,3.944293,46.448237,54.336823,49.244232,52.204476
new_muon,"new Muon, horizon optimized",sgd_momentum_muon,horizon_optimized,fc2,28,stable_rank,3,50.497247,1.668631,0.963384,4.145108,46.352139,54.642355,49.310482,52.405171
new_muon,"new Muon, horizon optimized",sgd_momentum_muon,horizon_optimized,fc2,29,stable_rank,3,50.564664,1.701486,0.982354,4.226726,46.337938,54.791391,49.384515,52.515066
new_muon,"new Muon, horizon optimized",sgd_momentum_muon,horizon_optimized,fc2,30,stable_rank,3,50.597145,1.706594,0.985302,4.239413,46.357732,54.836559,49.42436,52.554994
new_muon,"new Muon, horizon optimized",sgd_momentum_muon,horizon_optimized,fc3,0,stable_rank,3,8.030807,0.261265,0.150841,0.649018,7.38179,8.679825,7.729623,8.196409
new_muon,"new Muon, horizon optimized",sgd_momentum_muon,horizon_optimized,fc3,1,stable_rank,3,8.106319,0.2687,0.155134,0.667489,7.43883,8.773808,7.796052,8.262311
new_muon,"new Muon, horizon optimized",sgd_momentum_muon,horizon_optimized,fc3,2,stable_rank,3,8.137341,0.152828,0.088235,0.379647,7.757694,8.516987,7.963342,8.24983
new_muon,"new Muon, horizon optimized",sgd_momentum_muon,horizon_optimized,fc3,3,stable_rank,3,8.074265,0.044249,0.025547,0.10992,7.964346,8.184185,8.024876,8.110295
new_muon,"new Muon, horizon optimized",sgd_momentum_muon,horizon_optimized,fc3,4,stable_rank,3,8.008751,0.068055,0.039291,0.169058,7.839694,8.177809,7.933523,8.066038
new_muon,"new Muon, horizon optimized",sgd_momentum_muon,horizon_optimized,fc3,5,stable_rank,3,7.957904,0.108537,0.062664,0.269622,7.688282,8.227526,7.882153,8.082247
new_muon,"new Muon, horizon optimized",sgd_momentum_muon,horizon_optimized,fc3,6,stable_rank,3,7.938741,0.12857,0.07423,0.319386,7.619355,8.258127,7.856863,8.086929
new_muon,"new Muon, horizon optimized",sgd_momentum_muon,horizon_optimized,fc3,7,stable_rank,3,7.887488,0.155041,0.089513,0.385144,7.502344,8.272632,7.779559,8.065151
new_muon,"new Muon, horizon optimized",sgd_momentum_muon,horizon_optimized,fc3,8,stable_rank,3,7.850663,0.15044,0.086857,0.373714,7.476949,8.224376,7.746797,8.023182
new_muon,"new Muon, horizon optimized",sgd_momentum_muon,horizon_optimized,fc3,9,stable_rank,3,7.800237,0.164773,0.095132,0.409318,7.390918,8.209555,7.704381,7.990498
new_muon,"new Muon, horizon optimized",sgd_momentum_muon,horizon_optimized,fc3,10,stable_rank,3,7.809929,0.233705,0.13493,0.580557,7.229373,8.390486,7.666345,8.0796
new_muon,"new Muon, horizon optimized",sgd_momentum_muon,horizon_optimized,fc3,11,stable_rank,3,7.77855,0.204516,0.118077,0.508046,7.270503,8.286596,7.652793,8.014535
new_muon,"new Muon, horizon optimized",sgd_momentum_muon,horizon_optimized,fc3,12,stable_rank,3,7.766537,0.215892,0.124645,0.536305,7.230232,8.302842,7.637016,8.015763
new_muon,"new Muon, horizon optimized",sgd_momentum_muon,horizon_optimized,fc3,13,stable_rank,3,7.734994,0.223933,0.129288,0.556281,7.178713,8.291275,7.587868,7.992708
new_muon,"new Muon, horizon optimized",sgd_momentum_muon,horizon_optimized,fc3,14,stable_rank,3,7.727055,0.210391,0.121469,0.522641,7.204414,8.249696,7.565654,7.965003
new_muon,"new Muon, horizon optimized",sgd_momentum_muon,horizon_optimized,fc3,15,stable_rank,3,7.706855,0.242826,0.140196,0.603213,7.103642,8.310068,7.515019,7.979871
new_muon,"new Muon, horizon optimized",sgd_momentum_muon,horizon_optimized,fc3,16,stable_rank,3,7.705188,0.253641,0.14644,0.630079,7.075109,8.335267,7.512899,7.99265
new_muon,"new Muon, horizon optimized",sgd_momentum_muon,horizon_optimized,fc3,17,stable_rank,3,7.709243,0.229597,0.132558,0.57035,7.138893,8.279594,7.525195,7.966523
new_muon,"new Muon, horizon optimized",sgd_momentum_muon,horizon_optimized,fc3,18,stable_rank,3,7.706578,0.245023,0.141464,0.60867,7.097908,8.315249,7.499261,7.976973
new_muon,"new Muon, horizon optimized",sgd_momentum_muon,horizon_optimized,fc3,19,stable_rank,3,7.718829,0.253192,0.146181,0.628964,7.089865,8.347793,7.497548,7.994946
new_muon,"new Muon, horizon optimized",sgd_momentum_muon,horizon_optimized,fc3,20,stable_rank,3,7.756516,0.227503,0.131349,0.565149,7.191367,8.321665,7.570815,8.010283
new_muon,"new Muon, horizon optimized",sgd_momentum_muon,horizon_optimized,fc3,21,stable_rank,3,7.756817,0.248406,0.143417,0.617074,7.139744,8.373891,7.551607,8.032979
new_muon,"new Muon, horizon optimized",sgd_momentum_muon,horizon_optimized,fc3,22,stable_rank,3,7.767539,0.240753,0.138999,0.598063,7.169476,8.365602,7.578232,8.038499
new_muon,"new Muon, horizon optimized",sgd_momentum_muon,horizon_optimized,fc3,23,stable_rank,3,7.772736,0.243327,0.140485,0.604457,7.168279,8.377193,7.58851,8.04857
new_muon,"new Muon, horizon optimized",sgd_momentum_muon,horizon_optimized,fc3,24,stable_rank,3,7.778149,0.243034,0.140316,0.60373,7.174419,8.381879,7.594276,8.053684
new_muon,"new Muon, horizon optimized",sgd_momentum_muon,horizon_optimized,fc3,25,stable_rank,3,7.780416,0.245542,0.141764,0.609961,7.170454,8.390377,7.593288,8.058448
new_muon,"new Muon, horizon optimized",sgd_momentum_muon,horizon_optimized,fc3,26,stable_rank,3,7.781991,0.249226,0.143891,0.619112,7.162879,8.401102,7.588735,8.063288
new_muon,"new Muon, horizon optimized",sgd_momentum_muon,horizon_optimized,fc3,27,stable_rank,3,7.783415,0.252306,0.145669,0.626763,7.156652,8.410178,7.584992,8.067369
new_muon,"new Muon, horizon optimized",sgd_momentum_muon,horizon_optimized,fc3,28,stable_rank,3,7.784705,0.254893,0.147162,0.633188,7.151516,8.417893,7.582197,8.070927
new_muon,"new Muon, horizon optimized",sgd_momentum_muon,horizon_optimized,fc3,29,stable_rank,3,7.785321,0.256994,0.148375,0.638407,7.146914,8.423729,7.579424,8.073339
new_muon,"new Muon, horizon optimized",sgd_momentum_muon,horizon_optimized,fc3,30,stable_rank,3,7.785852,0.258532,0.149263,0.642228,7.143623,8.42808,7.577497,8.075177
old_muon,old Muon + aux AdamW,sgd_momentum_muon,old,fc1,0,stable_rank,3,159.962804,2.792235,1.612098,6.936296,153.026508,166.8991,157.590181,163.039769
old_muon,old Muon + aux AdamW,sgd_momentum_muon,old,fc1,1,stable_rank,3,154.77737,1.628712,0.940337,4.045944,150.731426,158.823315,152.906885,155.881925
old_muon,old Muon + aux AdamW,sgd_momentum_muon,old,fc1,2,stable_rank,3,121.626851,1.225232,0.707388,3.043645,118.583207,124.670496,120.226603,122.502111
old_muon,old Muon + aux AdamW,sgd_momentum_muon,old,fc1,3,stable_rank,3,106.428759,2.46305,1.422042,6.118555,100.310204,112.547314,104.705106,109.249764
old_muon,old Muon + aux AdamW,sgd_momentum_muon,old,fc1,4,stable_rank,3,98.091644,2.405223,1.388656,5.974905,92.116739,104.066549,95.68335,100.493784
old_muon,old Muon + aux AdamW,sgd_momentum_muon,old,fc1,5,stable_rank,3,92.069318,0.76628,0.442412,1.903546,90.165772,93.972864,91.18733,92.571622
old_muon,old Muon + aux AdamW,sgd_momentum_muon,old,fc1,6,stable_rank,3,86.618703,0.972814,0.561655,2.416605,84.202098,89.035308,85.623146,87.567056
old_muon,old Muon + aux AdamW,sgd_momentum_muon,old,fc1,7,stable_rank,3,82.859595,2.045998,1.181257,5.082541,77.777054,87.942135,80.575211,84.52361
old_muon,old Muon + aux AdamW,sgd_momentum_muon,old,fc1,8,stable_rank,3,80.300657,1.968486,1.136506,4.889991,75.410667,85.190648,78.33487,82.271831
old_muon,old Muon + aux AdamW,sgd_momentum_muon,old,fc1,9,stable_rank,3,77.194536,1.550939,0.895435,3.852747,73.341789,81.047283,76.180967,78.979961
old_muon,old Muon + aux AdamW,sgd_momentum_muon,old,fc1,10,stable_rank,3,73.723144,1.262865,0.729115,3.13713,70.586013,76.860274,72.436247,74.96052
old_muon,old Muon + aux AdamW,sgd_momentum_muon,old,fc1,11,stable_rank,3,72.258737,0.401594,0.23186,0.997615,71.261123,73.256352,71.960841,72.715453
old_muon,old Muon + aux AdamW,sgd_momentum_muon,old,fc1,12,stable_rank,3,69.047552,1.469449,0.848387,3.650314,65.397238,72.697866,67.502384,70.42728
old_muon,old Muon + aux AdamW,sgd_momentum_muon,old,fc1,13,stable_rank,3,67.487906,0.268566,0.155057,0.667154,66.820751,68.15506,67.17972,67.671897
old_muon,old Muon + aux AdamW,sgd_momentum_muon,old,fc1,14,stable_rank,3,66.62912,0.990604,0.571925,2.460796,64.168324,69.089916,66.000492,67.77103
old_muon,old Muon + aux AdamW,sgd_momentum_muon,old,fc1,15,stable_rank,3,64.412636,0.349848,0.201985,0.86907,63.543567,65.281706,64.12306,64.801356
old_muon,old Muon + aux AdamW,sgd_momentum_muon,old,fc1,16,stable_rank,3,63.467006,0.578643,0.33408,1.437429,62.029578,64.904435,62.956388,64.095517
old_muon,old Muon + aux AdamW,sgd_momentum_muon,old,fc1,17,stable_rank,3,62.293245,0.568579,0.328269,1.412429,60.880816,63.705674,61.756733,62.889218
old_muon,old Muon + aux AdamW,sgd_momentum_muon,old,fc1,18,stable_rank,3,61.789439,0.277526,0.16023,0.689414,61.100025,62.478853,61.540296,62.088558
old_muon,old Muon + aux AdamW,sgd_momentum_muon,old,fc1,19,stable_rank,3,60.678688,0.100333,0.057927,0.249242,60.429446,60.92793,60.60248,60.792363
old_muon,old Muon + aux AdamW,sgd_momentum_muon,old,fc1,20,stable_rank,3,59.97072,0.06916,0.03993,0.171804,59.798916,60.142524,59.921844,60.049852
old_muon,old Muon + aux AdamW,sgd_momentum_muon,old,fc1,21,stable_rank,3,58.480443,0.515518,0.297635,1.280619,57.199824,59.761062,57.953583,58.983818
old_muon,old Muon + aux AdamW,sgd_momentum_muon,old,fc1,22,stable_rank,3,58.150162,0.500709,0.289085,1.243831,56.906331,59.393994,57.851499,58.728225
old_muon,old Muon + aux AdamW,sgd_momentum_muon,old,fc1,23,stable_rank,3,58.275616,0.897155,0.517973,2.228656,56.04696,60.504272,57.319675,59.099302
old_muon,old Muon + aux AdamW,sgd_momentum_muon,old,fc1,24,stable_rank,3,57.775844,0.919386,0.530808,2.283882,55.491963,60.059726,57.091931,58.820985
old_muon,old Muon + aux AdamW,sgd_momentum_muon,old,fc1,25,stable_rank,3,57.675626,0.764071,0.441137,1.898058,55.777568,59.573684,57.054089,58.52868
old_muon,old Muon + aux AdamW,sgd_momentum_muon,old,fc1,26,stable_rank,3,57.125661,0.562354,0.324675,1.396964,55.728697,58.522624,56.766081,57.773711
old_muon,old Muon + aux AdamW,sgd_momentum_muon,old,fc1,27,stable_rank,3,56.729548,0.769933,0.444521,1.91262,54.816928,58.642168,56.09783,57.58716
old_muon,old Muon + aux AdamW,sgd_momentum_muon,old,fc1,28,stable_rank,3,56.622659,0.687278,0.3968,1.707294,54.915365,58.329952,56.026127,57.374206
old_muon,old Muon + aux AdamW,sgd_momentum_muon,old,fc1,29,stable_rank,3,56.465831,0.445885,0.257432,1.107639,55.358192,57.57347,56.099632,56.962358
old_muon,old Muon + aux AdamW,sgd_momentum_muon,old,fc1,30,stable_rank,3,56.570473,0.489586,0.282662,1.216198,55.354275,57.786671,56.274387,57.135582
old_muon,old Muon + aux AdamW,sgd_momentum_muon,old,fc2,0,stable_rank,3,130.568187,0.669371,0.386462,1.66281,128.905377,132.230997,129.797615,131.005648
old_muon,old Muon + aux AdamW,sgd_momentum_muon,old,fc2,1,stable_rank,3,126.90498,1.550455,0.895156,3.851543,123.053437,130.756524,125.277334,128.364547
old_muon,old Muon + aux AdamW,sgd_momentum_muon,old,fc2,2,stable_rank,3,113.509315,3.620327,2.090197,8.993391,104.515923,122.502706,110.880342,117.638609
old_muon,old Muon + aux AdamW,sgd_momentum_muon,old,fc2,3,stable_rank,3,106.853133,5.281092,3.04904,13.118961,93.734172,119.972093,100.8367,110.72265
old_muon,old Muon + aux AdamW,sgd_momentum_muon,old,fc2,4,stable_rank,3,101.469626,4.55702,2.630997,11.320265,90.14936,112.789891,96.704011,105.784561
old_muon,old Muon + aux AdamW,sgd_momentum_muon,old,fc2,5,stable_rank,3,98.462271,1.709507,0.986984,4.24665,94.215621,102.708921,96.492665,99.560657
old_muon,old Muon + aux AdamW,sgd_momentum_muon,old,fc2,6,stable_rank,3,92.639033,2.537281,1.4649,6.302955,86.336077,98.941988,90.771033,95.527701
old_muon,old Muon + aux AdamW,sgd_momentum_muon,old,fc2,7,stable_rank,3,89.986313,1.828481,1.055674,4.5422,85.444114,94.528513,88.864904,92.096268
old_muon,old Muon + aux AdamW,sgd_momentum_muon,old,fc2,8,stable_rank,3,86.50923,2.51471,1.451868,6.246885,80.262345,92.756115,84.950618,89.410283
old_muon,old Muon + aux AdamW,sgd_momentum_muon,old,fc2,9,stable_rank,3,85.324741,3.628538,2.094937,9.013788,76.310953,94.33853,82.314276,89.353684
old_muon,old Muon + aux AdamW,sgd_momentum_muon,old,fc2,10,stable_rank,3,81.817631,1.706056,0.984992,4.238078,77.579553,86.055709,80.719191,83.783078
old_muon,old Muon + aux AdamW,sgd_momentum_muon,old,fc2,11,stable_rank,3,78.89726,2.769572,1.599013,6.879999,72.017261,85.777259,76.250532,81.775183
old_muon,old Muon + aux AdamW,sgd_momentum_muon,old,fc2,12,stable_rank,3,76.106791,3.364254,1.942353,8.357271,67.74952,84.464063,73.484681,79.900106
old_muon,old Muon + aux AdamW,sgd_momentum_muon,old,fc2,13,stable_rank,3,74.587285,2.176999,1.256891,5.407965,69.17932,79.99525,73.291458,77.100661
old_muon,old Muon + aux AdamW,sgd_momentum_muon,old,fc2,14,stable_rank,3,72.568767,2.59519,1.498334,6.446809,66.121958,79.015577,69.722475,74.803687
old_muon,old Muon + aux AdamW,sgd_momentum_muon,old,fc2,15,stable_rank,3,70.793079,2.159108,1.246562,5.363522,65.429557,76.156601,68.649789,72.967665
old_muon,old Muon + aux AdamW,sgd_momentum_muon,old,fc2,16,stable_rank,3,69.637378,1.666139,0.961946,4.138919,65.498459,73.776297,68.327017,71.512491
old_muon,old Muon + aux AdamW,sgd_momentum_muon,old,fc2,17,stable_rank,3,67.520407,1.428415,0.824696,3.54838,63.972027,71.068787,66.58617,69.164713
old_muon,old Muon + aux AdamW,sgd_momentum_muon,old,fc2,18,stable_rank,3,66.884253,2.194613,1.267061,5.451722,61.432531,72.335974,65.489357,69.41392
old_muon,old Muon + aux AdamW,sgd_momentum_muon,old,fc2,19,stable_rank,3,65.616596,1.533332,0.88527,3.809009,61.807587,69.425605,64.677976,67.386042
old_muon,old Muon + aux AdamW,sgd_momentum_muon,old,fc2,20,stable_rank,3,64.132491,1.687028,0.974006,4.190811,59.941681,68.323302,63.145808,66.080448
old_muon,old Muon + aux AdamW,sgd_momentum_muon,old,fc2,21,stable_rank,3,63.774456,0.699193,0.403679,1.736891,62.037565,65.511347,63.357922,64.581677
old_muon,old Muon + aux AdamW,sgd_momentum_muon,old,fc2,22,stable_rank,3,63.145744,0.456984,0.26384,1.135212,62.010531,64.280956,62.618291,63.422883
old_muon,old Muon + aux AdamW,sgd_momentum_muon,old,fc2,23,stable_rank,3,62.73701,0.319833,0.184656,0.79451,61.942501,63.53152,62.492006,63.09883
old_muon,old Muon + aux AdamW,sgd_momentum_muon,old,fc2,24,stable_rank,3,62.384142,0.429986,0.248253,1.068144,61.315997,63.452286,62.055228,62.8707
old_muon,old Muon + aux AdamW,sgd_momentum_muon,old,fc2,25,stable_rank,3,61.900662,0.473803,0.27355,1.176992,60.72367,63.077654,61.463838,62.404342
old_muon,old Muon + aux AdamW,sgd_momentum_muon,old,fc2,26,stable_rank,3,61.058484,0.631726,0.364727,1.569294,59.48919,62.627778,60.560296,61.769026
old_muon,old Muon + aux AdamW,sgd_momentum_muon,old,fc2,27,stable_rank,3,60.292141,0.368109,0.212528,0.914433,59.377708,61.206574,59.989366,60.701888
old_muon,old Muon + aux AdamW,sgd_momentum_muon,old,fc2,28,stable_rank,3,59.717436,0.249875,0.144265,0.620723,59.096713,60.33816,59.459476,59.958353
old_muon,old Muon + aux AdamW,sgd_momentum_muon,old,fc2,29,stable_rank,3,59.666009,0.482103,0.278342,1.19761,58.4684,60.863619,59.113581,60.001726
old_muon,old Muon + aux AdamW,sgd_momentum_muon,old,fc2,30,stable_rank,3,59.850583,0.432161,0.249508,1.073547,58.777036,60.924131,59.355208,60.15038
old_muon,old Muon + aux AdamW,sgd_momentum_muon,old,fc3,0,stable_rank,3,8.030807,0.261265,0.150841,0.649018,7.38179,8.679825,7.729623,8.196409
old_muon,old Muon + aux AdamW,sgd_momentum_muon,old,fc3,1,stable_rank,3,8.102963,0.251381,0.145135,0.624466,7.478496,8.727429,7.812922,8.257986
old_muon,old Muon + aux AdamW,sgd_momentum_muon,old,fc3,2,stable_rank,3,8.07512,0.207014,0.119519,0.514251,7.56087,8.589371,7.843511,8.242137
old_muon,old Muon + aux AdamW,sgd_momentum_muon,old,fc3,3,stable_rank,3,7.938983,0.133973,0.07735,0.332808,7.606175,8.271791,7.790686,8.051273
old_muon,old Muon + aux AdamW,sgd_momentum_muon,old,fc3,4,stable_rank,3,7.863281,0.072624,0.041929,0.180407,7.682874,8.043688,7.791068,7.936308
old_muon,old Muon + aux AdamW,sgd_momentum_muon,old,fc3,5,stable_rank,3,7.755873,0.012557,0.00725,0.031194,7.724678,7.787067,7.742178,7.766846
old_muon,old Muon + aux AdamW,sgd_momentum_muon,old,fc3,6,stable_rank,3,7.67523,0.05282,0.030495,0.131211,7.544019,7.806441,7.616766,7.719507
old_muon,old Muon + aux AdamW,sgd_momentum_muon,old,fc3,7,stable_rank,3,7.589502,0.046623,0.026918,0.115817,7.473684,7.705319,7.540178,7.632847
old_muon,old Muon + aux AdamW,sgd_momentum_muon,old,fc3,8,stable_rank,3,7.534681,0.062116,0.035862,0.154304,7.380377,7.688984,7.463902,7.580128
old_muon,old Muon + aux AdamW,sgd_momentum_muon,old,fc3,9,stable_rank,3,7.476518,0.074596,0.043068,0.185307,7.291211,7.661825,7.392842,7.536055
old_muon,old Muon + aux AdamW,sgd_momentum_muon,old,fc3,10,stable_rank,3,7.446235,0.076942,0.044422,0.191134,7.255101,7.63737,7.364575,7.517377
old_muon,old Muon + aux AdamW,sgd_momentum_muon,old,fc3,11,stable_rank,3,7.398502,0.054404,0.03141,0.135148,7.263354,7.53365,7.336635,7.438881
old_muon,old Muon + aux AdamW,sgd_momentum_muon,old,fc3,12,stable_rank,3,7.408368,0.074631,0.043088,0.185395,7.222973,7.593762,7.322261,7.45444
old_muon,old Muon + aux AdamW,sgd_momentum_muon,old,fc3,13,stable_rank,3,7.387974,0.080112,0.046252,0.199008,7.188966,7.586983,7.297371,7.449436
old_muon,old Muon + aux AdamW,sgd_momentum_muon,old,fc3,14,stable_rank,3,7.385075,0.0939,0.054213,0.23326,7.151815,7.618335,7.276667,7.441019
old_muon,old Muon + aux AdamW,sgd_momentum_muon,old,fc3,15,stable_rank,3,7.36221,0.090059,0.051995,0.223718,7.138492,7.585928,7.258256,7.416562
old_muon,old Muon + aux AdamW,sgd_momentum_muon,old,fc3,16,stable_rank,3,7.347484,0.097376,0.05622,0.241895,7.105588,7.589379,7.237152,7.421416
old_muon,old Muon + aux AdamW,sgd_momentum_muon,old,fc3,17,stable_rank,3,7.33538,0.095215,0.054973,0.236528,7.098852,7.571908,7.225509,7.393815
old_muon,old Muon + aux AdamW,sgd_momentum_muon,old,fc3,18,stable_rank,3,7.332207,0.102753,0.059325,0.255253,7.076954,7.587461,7.216395,7.41245
old_muon,old Muon + aux AdamW,sgd_momentum_muon,old,fc3,19,stable_rank,3,7.312654,0.114303,0.065993,0.283945,7.02871,7.596599,7.182125,7.39485
old_muon,old Muon + aux AdamW,sgd_momentum_muon,old,fc3,20,stable_rank,3,7.319564,0.107261,0.061927,0.266452,7.053112,7.586016,7.196087,7.389681
old_muon,old Muon + aux AdamW,sgd_momentum_muon,old,fc3,21,stable_rank,3,7.307794,0.104856,0.060538,0.260476,7.047318,7.56827,7.186808,7.372346
old_muon,old Muon + aux AdamW,sgd_momentum_muon,old,fc3,22,stable_rank,3,7.311735,0.08692,0.050183,0.215922,7.095813,7.527657,7.211408,7.364347
old_muon,old Muon + aux AdamW,sgd_momentum_muon,old,fc3,23,stable_rank,3,7.308321,0.086472,0.049925,0.214809,7.093511,7.52313,7.21147,7.377779
old_muon,old Muon + aux AdamW,sgd_momentum_muon,old,fc3,24,stable_rank,3,7.317484,0.094769,0.054715,0.235418,7.082066,7.552903,7.212504,7.396723
old_muon,old Muon + aux AdamW,sgd_momentum_muon,old,fc3,25,stable_rank,3,7.32323,0.100091,0.057787,0.248639,7.074592,7.571869,7.212101,7.406287
old_muon,old Muon + aux AdamW,sgd_momentum_muon,old,fc3,26,stable_rank,3,7.328786,0.099523,0.05746,0.247229,7.081557,7.576014,7.221068,7.417321
old_muon,old Muon + aux AdamW,sgd_momentum_muon,old,fc3,27,stable_rank,3,7.334734,0.096725,0.055844,0.240278,7.094456,7.575013,7.227636,7.415726
old_muon,old Muon + aux AdamW,sgd_momentum_muon,old,fc3,28,stable_rank,3,7.336406,0.096149,0.055512,0.238847,7.097559,7.575254,7.229786,7.416525
old_muon,old Muon + aux AdamW,sgd_momentum_muon,old,fc3,29,stable_rank,3,7.337569,0.09627,0.055582,0.239149,7.09842,7.576718,7.230647,7.41737
old_muon,old Muon + aux AdamW,sgd_momentum_muon,old,fc3,30,stable_rank,3,7.33854,0.097798,0.056464,0.242944,7.095596,7.581484,7.230095,7.420044
new_adamw,"new AdamW, horizon optimized",adamw,horizon_optimized,fc1,0,trace_log_midpoint_per_eval,3,0.51414,0.036403,0.021017,0.09043,0.42371,0.60457,0.480724,0.552933
new_adamw,"new AdamW, horizon optimized",adamw,horizon_optimized,fc1,1,trace_log_midpoint_per_eval,3,0.529939,0.026679,0.015403,0.066274,0.463665,0.596213,0.499133,0.545384
new_adamw,"new AdamW, horizon optimized",adamw,horizon_optimized,fc1,2,trace_log_midpoint_per_eval,3,0.539037,0.009862,0.005694,0.024498,0.514539,0.563535,0.532491,0.55038
new_adamw,"new AdamW, horizon optimized",adamw,horizon_optimized,fc1,3,trace_log_midpoint_per_eval,3,0.530137,0.005205,0.003005,0.012931,0.517206,0.543067,0.524332,0.53439
new_adamw,"new AdamW, horizon optimized",adamw,horizon_optimized,fc1,4,trace_log_midpoint_per_eval,3,0.51641,0.004259,0.002459,0.010579,0.505831,0.526989,0.512262,0.520771
new_adamw,"new AdamW, horizon optimized",adamw,horizon_optimized,fc1,5,trace_log_midpoint_per_eval,3,0.505205,0.0065,0.003753,0.016146,0.489059,0.521351,0.49801,0.510651
new_adamw,"new AdamW, horizon optimized",adamw,horizon_optimized,fc1,6,trace_log_midpoint_per_eval,3,0.493799,0.006387,0.003688,0.015867,0.477932,0.509667,0.486491,0.498315
new_adamw,"new AdamW, horizon optimized",adamw,horizon_optimized,fc1,7,trace_log_midpoint_per_eval,3,0.490218,0.010522,0.006075,0.026137,0.464081,0.516356,0.478081,0.496748
new_adamw,"new AdamW, horizon optimized",adamw,horizon_optimized,fc1,8,trace_log_midpoint_per_eval,3,0.484682,0.004915,0.002838,0.012211,0.472472,0.496893,0.479013,0.487749
new_adamw,"new AdamW, horizon optimized",adamw,horizon_optimized,fc1,9,trace_log_midpoint_per_eval,3,0.476875,0.003208,0.001852,0.007968,0.468907,0.484843,0.473211,0.479178
new_adamw,"new AdamW, horizon optimized",adamw,horizon_optimized,fc1,10,trace_log_midpoint_per_eval,3,0.469847,0.007521,0.004342,0.018683,0.451164,0.48853,0.461478,0.47604
new_adamw,"new AdamW, horizon optimized",adamw,horizon_optimized,fc1,11,trace_log_midpoint_per_eval,3,0.46743,0.01337,0.007719,0.033214,0.434216,0.500644,0.458805,0.482832
new_adamw,"new AdamW, horizon optimized",adamw,horizon_optimized,fc1,12,trace_log_midpoint_per_eval,3,0.462274,0.0149,0.008602,0.037013,0.42526,0.499287,0.451158,0.479204
new_adamw,"new AdamW, horizon optimized",adamw,horizon_optimized,fc1,13,trace_log_midpoint_per_eval,3,0.459773,0.01671,0.009648,0.04151,0.418263,0.501283,0.446168,0.478425
new_adamw,"new AdamW, horizon optimized",adamw,horizon_optimized,fc1,14,trace_log_midpoint_per_eval,3,0.452616,0.004106,0.002371,0.0102,0.442416,0.462816,0.448382,0.456581
new_adamw,"new AdamW, horizon optimized",adamw,horizon_optimized,fc1,15,trace_log_midpoint_per_eval,3,0.450658,0.004546,0.002624,0.011292,0.439366,0.46195,0.4459,0.454956
new_adamw,"new AdamW, horizon optimized",adamw,horizon_optimized,fc1,16,trace_log_midpoint_per_eval,3,0.449149,0.003118,0.0018,0.007745,0.441404,0.456894,0.445549,0.450949
new_adamw,"new AdamW, horizon optimized",adamw,horizon_optimized,fc1,17,trace_log_midpoint_per_eval,3,0.447,0.00332,0.001917,0.008248,0.438752,0.455248,0.444784,0.450818
new_adamw,"new AdamW, horizon optimized",adamw,horizon_optimized,fc1,18,trace_log_midpoint_per_eval,3,0.446904,0.0033,0.001905,0.008196,0.438707,0.4551,0.444734,0.450701
new_adamw,"new AdamW, horizon optimized",adamw,horizon_optimized,fc1,19,trace_log_midpoint_per_eval,3,0.448796,0.00315,0.001818,0.007824,0.440972,0.45662,0.445159,0.450653
new_adamw,"new AdamW, horizon optimized",adamw,horizon_optimized,fc1,20,trace_log_midpoint_per_eval,3,0.447709,0.002768,0.001598,0.006876,0.440833,0.454585,0.445044,0.450569
new_adamw,"new AdamW, horizon optimized",adamw,horizon_optimized,fc1,21,trace_log_midpoint_per_eval,3,0.447609,0.002781,0.001606,0.006908,0.4407,0.454517,0.444936,0.450486
new_adamw,"new AdamW, horizon optimized",adamw,horizon_optimized,fc1,22,trace_log_midpoint_per_eval,3,0.447521,0.002791,0.001612,0.006934,0.440586,0.454455,0.444847,0.450416
new_adamw,"new AdamW, horizon optimized",adamw,horizon_optimized,fc1,23,trace_log_midpoint_per_eval,3,0.447438,0.002802,0.001618,0.00696,0.440479,0.454398,0.44476,0.450349
new_adamw,"new AdamW, horizon optimized",adamw,horizon_optimized,fc1,24,trace_log_midpoint_per_eval,3,0.447365,0.002809,0.001622,0.006978,0.440387,0.454343,0.444682,0.450285
new_adamw,"new AdamW, horizon optimized",adamw,horizon_optimized,fc1,25,trace_log_midpoint_per_eval,3,0.447302,0.002817,0.001626,0.006998,0.440304,0.4543,0.444617,0.450235
new_adamw,"new AdamW, horizon optimized",adamw,horizon_optimized,fc1,26,trace_log_midpoint_per_eval,3,0.446247,0.001458,0.000842,0.003621,0.442626,0.449869,0.444567,0.447179
new_adamw,"new AdamW, horizon optimized",adamw,horizon_optimized,fc1,27,trace_log_midpoint_per_eval,3,0.447215,0.002826,0.001632,0.00702,0.440195,0.454235,0.444528,0.450162
new_adamw,"new AdamW, horizon optimized",adamw,horizon_optimized,fc1,28,trace_log_midpoint_per_eval,3,0.446187,0.001462,0.000844,0.003632,0.442555,0.449819,0.444503,0.447129
new_adamw,"new AdamW, horizon optimized",adamw,horizon_optimized,fc1,29,trace_log_midpoint_per_eval,3,0.446175,0.001462,0.000844,0.003632,0.442543,0.449807,0.444491,0.447119
new_adamw,"new AdamW, horizon optimized",adamw,horizon_optimized,fc1,30,trace_log_midpoint_per_eval,3,0.44617,0.001462,0.000844,0.003632,0.442538,0.449803,0.444486,0.447115
new_adamw,"new AdamW, horizon optimized",adamw,horizon_optimized,fc2,0,trace_log_midpoint_per_eval,3,0.643345,0.028645,0.016538,0.071159,0.572186,0.714504,0.610876,0.665046
new_adamw,"new AdamW, horizon optimized",adamw,horizon_optimized,fc2,1,trace_log_midpoint_per_eval,3,0.639938,0.020178,0.01165,0.050125,0.589813,0.690064,0.62465,0.662809
new_adamw,"new AdamW, horizon optimized",adamw,horizon_optimized,fc2,2,trace_log_midpoint_per_eval,3,0.651844,0.010843,0.00626,0.026935,0.624909,0.678779,0.644908,0.664339
new_adamw,"new AdamW, horizon optimized",adamw,horizon_optimized,fc2,3,trace_log_midpoint_per_eval,3,0.651406,0.007046,0.004068,0.017504,0.633902,0.668911,0.644514,0.658598
new_adamw,"new AdamW, horizon optimized",adamw,horizon_optimized,fc2,4,trace_log_midpoint_per_eval,3,0.645227,0.007758,0.004479,0.019272,0.625956,0.664499,0.640692,0.654185
new_adamw,"new AdamW, horizon optimized",adamw,horizon_optimized,fc2,5,trace_log_midpoint_per_eval,3,0.628456,0.005265,0.00304,0.01308,0.615377,0.641536,0.622725,0.633078
new_adamw,"new AdamW, horizon optimized",adamw,horizon_optimized,fc2,6,trace_log_midpoint_per_eval,3,0.604244,0.003486,0.002013,0.008659,0.595585,0.612903,0.600687,0.607654
new_adamw,"new AdamW, horizon optimized",adamw,horizon_optimized,fc2,7,trace_log_midpoint_per_eval,3,0.595231,0.003958,0.002285,0.009831,0.585399,0.605062,0.592571,0.599779
new_adamw,"new AdamW, horizon optimized",adamw,horizon_optimized,fc2,8,trace_log_midpoint_per_eval,3,0.590209,0.005041,0.002911,0.012523,0.577686,0.602732,0.58545,0.595492
new_adamw,"new AdamW, horizon optimized",adamw,horizon_optimized,fc2,9,trace_log_midpoint_per_eval,3,0.585782,0.001669,0.000964,0.004147,0.581635,0.589929,0.584521,0.587675
new_adamw,"new AdamW, horizon optimized",adamw,horizon_optimized,fc2,10,trace_log_midpoint_per_eval,3,0.580229,0.003548,0.002048,0.008813,0.571416,0.589042,0.576504,0.583568
new_adamw,"new AdamW, horizon optimized",adamw,horizon_optimized,fc2,11,trace_log_midpoint_per_eval,3,0.574262,0.013546,0.007821,0.03365,0.540613,0.607912,0.558726,0.583596
new_adamw,"new AdamW, horizon optimized",adamw,horizon_optimized,fc2,12,trace_log_midpoint_per_eval,3,0.568312,0.010432,0.006023,0.025915,0.542398,0.594227,0.557039,0.577624
new_adamw,"new AdamW, horizon optimized",adamw,horizon_optimized,fc2,13,trace_log_midpoint_per_eval,3,0.567287,0.006641,0.003834,0.016497,0.550791,0.583784,0.562766,0.574912
new_adamw,"new AdamW, horizon optimized",adamw,horizon_optimized,fc2,14,trace_log_midpoint_per_eval,3,0.560253,0.01545,0.00892,0.03838,0.521873,0.598634,0.546553,0.577
new_adamw,"new AdamW, horizon optimized",adamw,horizon_optimized,fc2,15,trace_log_midpoint_per_eval,3,0.555964,0.020034,0.011567,0.049768,0.506196,0.605733,0.536297,0.576347
new_adamw,"new AdamW, horizon optimized",adamw,horizon_optimized,fc2,16,trace_log_midpoint_per_eval,3,0.556239,0.018855,0.010886,0.046839,0.5094,0.603078,0.53833,0.575916
new_adamw,"new AdamW, horizon optimized",adamw,horizon_optimized,fc2,17,trace_log_midpoint_per_eval,3,0.556965,0.019045,0.010996,0.047311,0.509655,0.604276,0.537504,0.575565
new_adamw,"new AdamW, horizon optimized",adamw,horizon_optimized,fc2,18,trace_log_midpoint_per_eval,3,0.556626,0.019065,0.011007,0.04736,0.509266,0.603986,0.537139,0.575239
new_adamw,"new AdamW, horizon optimized",adamw,horizon_optimized,fc2,19,trace_log_midpoint_per_eval,3,0.557557,0.017191,0.009925,0.042705,0.514852,0.600263,0.540544,0.574921
new_adamw,"new AdamW, horizon optimized",adamw,horizon_optimized,fc2,20,trace_log_midpoint_per_eval,3,0.554803,0.013615,0.007861,0.033821,0.520982,0.588624,0.540253,0.567235
new_adamw,"new AdamW, horizon optimized",adamw,horizon_optimized,fc2,21,trace_log_midpoint_per_eval,3,0.554521,0.013603,0.007854,0.033792,0.520729,0.588313,0.539979,0.566935
new_adamw,"new AdamW, horizon optimized",adamw,horizon_optimized,fc2,22,trace_log_midpoint_per_eval,3,0.554258,0.01359,0.007846,0.033758,0.520499,0.588016,0.539728,0.566654
new_adamw,"new AdamW, horizon optimized",adamw,horizon_optimized,fc2,23,trace_log_midpoint_per_eval,3,0.554017,0.013572,0.007836,0.033715,0.520302,0.587732,0.539502,0.566391
new_adamw,"new AdamW, horizon optimized",adamw,horizon_optimized,fc2,24,trace_log_midpoint_per_eval,3,0.553803,0.013559,0.007828,0.033682,0.520121,0.587485,0.5393,0.566162
new_adamw,"new AdamW, horizon optimized",adamw,horizon_optimized,fc2,25,trace_log_midpoint_per_eval,3,0.55362,0.013544,0.007819,0.033644,0.519976,0.587265,0.539131,0.565961
new_adamw,"new AdamW, horizon optimized",adamw,horizon_optimized,fc2,26,trace_log_midpoint_per_eval,3,0.553473,0.013534,0.007814,0.03362,0.519853,0.587093,0.538992,0.565802
new_adamw,"new AdamW, horizon optimized",adamw,horizon_optimized,fc2,27,trace_log_midpoint_per_eval,3,0.553363,0.013525,0.007809,0.033598,0.519765,0.586961,0.538891,0.565682
new_adamw,"new AdamW, horizon optimized",adamw,horizon_optimized,fc2,28,trace_log_midpoint_per_eval,3,0.553293,0.013519,0.007805,0.033584,0.519709,0.586877,0.538825,0.565605
new_adamw,"new AdamW, horizon optimized",adamw,horizon_optimized,fc2,29,trace_log_midpoint_per_eval,3,0.553256,0.013517,0.007804,0.033578,0.519679,0.586834,0.538791,0.565566
new_adamw,"new AdamW, horizon optimized",adamw,horizon_optimized,fc2,30,trace_log_midpoint_per_eval,3,0.553242,0.013516,0.007803,0.033575,0.519667,0.586817,0.538778,0.56555
new_adamw,"new AdamW, horizon optimized",adamw,horizon_optimized,fc3,0,trace_log_midpoint_per_eval,3,0.015517,0.002357,0.001361,0.005856,0.009662,0.021373,0.01403,0.018235
new_adamw,"new AdamW, horizon optimized",adamw,horizon_optimized,fc3,1,trace_log_midpoint_per_eval,3,0.016213,0.002039,0.001177,0.005066,0.011147,0.021279,0.014787,0.018549
new_adamw,"new AdamW, horizon optimized",adamw,horizon_optimized,fc3,2,trace_log_midpoint_per_eval,3,0.017325,0.00125,0.000722,0.003106,0.014219,0.020432,0.01648,0.018762
new_adamw,"new AdamW, horizon optimized",adamw,horizon_optimized,fc3,3,trace_log_midpoint_per_eval,3,0.018233,0.001548,0.000894,0.003845,0.014388,0.022077,0.017231,0.020015
new_adamw,"new AdamW, horizon optimized",adamw,horizon_optimized,fc3,4,trace_log_midpoint_per_eval,3,0.018043,0.002587,0.001493,0.006425,0.011618,0.024469,0.016112,0.020982
new_adamw,"new AdamW, horizon optimized",adamw,horizon_optimized,fc3,5,trace_log_midpoint_per_eval,3,0.018752,0.004212,0.002432,0.010463,0.00829,0.029215,0.016309,0.023616
new_adamw,"new AdamW, horizon optimized",adamw,horizon_optimized,fc3,6,trace_log_midpoint_per_eval,3,0.019448,0.004071,0.002351,0.010114,0.009334,0.029562,0.016328,0.024054
new_adamw,"new AdamW, horizon optimized",adamw,horizon_optimized,fc3,7,trace_log_midpoint_per_eval,3,0.021136,0.004879,0.002817,0.012119,0.009017,0.033256,0.016641,0.026324
new_adamw,"new AdamW, horizon optimized",adamw,horizon_optimized,fc3,8,trace_log_midpoint_per_eval,3,0.022875,0.00458,0.002644,0.011378,0.011497,0.034254,0.018672,0.027757
new_adamw,"new AdamW, horizon optimized",adamw,horizon_optimized,fc3,9,trace_log_midpoint_per_eval,3,0.024033,0.00417,0.002408,0.010359,0.013674,0.034392,0.020101,0.028406
new_adamw,"new AdamW, horizon optimized",adamw,horizon_optimized,fc3,10,trace_log_midpoint_per_eval,3,0.02554,0.004249,0.002453,0.010555,0.014984,0.036095,0.021413,0.029902
new_adamw,"new AdamW, horizon optimized",adamw,horizon_optimized,fc3,11,trace_log_midpoint_per_eval,3,0.026219,0.004627,0.002672,0.011495,0.014724,0.037715,0.021665,0.030916
new_adamw,"new AdamW, horizon optimized",adamw,horizon_optimized,fc3,12,trace_log_midpoint_per_eval,3,0.02713,0.004598,0.002655,0.011422,0.015707,0.038552,0.022537,0.031733
new_adamw,"new AdamW, horizon optimized",adamw,horizon_optimized,fc3,13,trace_log_midpoint_per_eval,3,0.027584,0.004595,0.002653,0.011416,0.016168,0.039,0.023102,0.032285
new_adamw,"new AdamW, horizon optimized",adamw,horizon_optimized,fc3,14,trace_log_midpoint_per_eval,3,0.02798,0.004447,0.002568,0.011047,0.016933,0.039028,0.023518,0.032412
new_adamw,"new AdamW, horizon optimized",adamw,horizon_optimized,fc3,15,trace_log_midpoint_per_eval,3,0.028928,0.00429,0.002477,0.010658,0.018271,0.039586,0.024332,0.032827
new_adamw,"new AdamW, horizon optimized",adamw,horizon_optimized,fc3,16,trace_log_midpoint_per_eval,3,0.029382,0.004143,0.002392,0.010292,0.01909,0.039674,0.024924,0.033113
new_adamw,"new AdamW, horizon optimized",adamw,horizon_optimized,fc3,17,trace_log_midpoint_per_eval,3,0.029709,0.004153,0.002398,0.010316,0.019393,0.040025,0.025198,0.033373
new_adamw,"new AdamW, horizon optimized",adamw,horizon_optimized,fc3,18,trace_log_midpoint_per_eval,3,0.029993,0.004178,0.002412,0.010378,0.019615,0.040371,0.02543,0.033629
new_adamw,"new AdamW, horizon optimized",adamw,horizon_optimized,fc3,19,trace_log_midpoint_per_eval,3,0.030247,0.004198,0.002424,0.010428,0.019819,0.040676,0.025655,0.033887
new_adamw,"new AdamW, horizon optimized",adamw,horizon_optimized,fc3,20,trace_log_midpoint_per_eval,3,0.030478,0.004219,0.002436,0.01048,0.019998,0.040958,0.025862,0.034134
new_adamw,"new AdamW, horizon optimized",adamw,horizon_optimized,fc3,21,trace_log_midpoint_per_eval,3,0.030694,0.004236,0.002445,0.010522,0.020172,0.041216,0.026061,0.034368
new_adamw,"new AdamW, horizon optimized",adamw,horizon_optimized,fc3,22,trace_log_midpoint_per_eval,3,0.030892,0.00425,0.002454,0.010557,0.020334,0.041449,0.026245,0.034581
new_adamw,"new AdamW, horizon optimized",adamw,horizon_optimized,fc3,23,trace_log_midpoint_per_eval,3,0.031072,0.004259,0.002459,0.010581,0.020492,0.041653,0.026416,0.034771
new_adamw,"new AdamW, horizon optimized",adamw,horizon_optimized,fc3,24,trace_log_midpoint_per_eval,3,0.031226,0.004273,0.002467,0.010615,0.020611,0.041841,0.026554,0.034937
new_adamw,"new AdamW, horizon optimized",adamw,horizon_optimized,fc3,25,trace_log_midpoint_per_eval,3,0.031361,0.004279,0.00247,0.010629,0.020732,0.041991,0.026685,0.035081
new_adamw,"new AdamW, horizon optimized",adamw,horizon_optimized,fc3,26,trace_log_midpoint_per_eval,3,0.031467,0.004284,0.002474,0.010643,0.020824,0.04211,0.026787,0.035195
new_adamw,"new AdamW, horizon optimized",adamw,horizon_optimized,fc3,27,trace_log_midpoint_per_eval,3,0.031544,0.004289,0.002476,0.010653,0.020891,0.042197,0.026859,0.035276
new_adamw,"new AdamW, horizon optimized",adamw,horizon_optimized,fc3,28,trace_log_midpoint_per_eval,3,0.031594,0.004292,0.002478,0.010662,0.020932,0.042255,0.026905,0.035328
new_adamw,"new AdamW, horizon optimized",adamw,horizon_optimized,fc3,29,trace_log_midpoint_per_eval,3,0.031619,0.004292,0.002478,0.010663,0.020955,0.042282,0.02693,0.035354
new_adamw,"new AdamW, horizon optimized",adamw,horizon_optimized,fc3,30,trace_log_midpoint_per_eval,3,0.031628,0.004293,0.002478,0.010664,0.020964,0.042292,0.026939,0.035364
old_adamw,old AdamW,adamw,old,fc1,0,trace_log_midpoint_per_eval,3,0.51414,0.036403,0.021017,0.09043,0.42371,0.60457,0.480724,0.552933
old_adamw,old AdamW,adamw,old,fc1,1,trace_log_midpoint_per_eval,3,0.537742,0.003514,0.002029,0.00873,0.529011,0.546472,0.533989,0.540956
old_adamw,old AdamW,adamw,old,fc1,2,trace_log_midpoint_per_eval,3,0.477076,0.002638,0.001523,0.006552,0.470524,0.483628,0.474439,0.479714
old_adamw,old AdamW,adamw,old,fc1,3,trace_log_midpoint_per_eval,3,0.436741,0.00408,0.002355,0.010134,0.426607,0.446876,0.432151,0.439952
old_adamw,old AdamW,adamw,old,fc1,4,trace_log_midpoint_per_eval,3,0.415,0.005534,0.003195,0.013748,0.401252,0.428749,0.408691,0.419033
old_adamw,old AdamW,adamw,old,fc1,5,trace_log_midpoint_per_eval,3,0.391735,0.00074,0.000427,0.001837,0.389898,0.393572,0.390887,0.392247
old_adamw,old AdamW,adamw,old,fc1,6,trace_log_midpoint_per_eval,3,0.377944,0.00354,0.002044,0.008795,0.369149,0.386738,0.375281,0.381961
old_adamw,old AdamW,adamw,old,fc1,7,trace_log_midpoint_per_eval,3,0.363557,0.002802,0.001617,0.006959,0.356598,0.370516,0.360344,0.365488
old_adamw,old AdamW,adamw,old,fc1,8,trace_log_midpoint_per_eval,3,0.348271,0.001219,0.000704,0.003028,0.345243,0.3513,0.347565,0.349679
old_adamw,old AdamW,adamw,old,fc1,9,trace_log_midpoint_per_eval,3,0.337341,0.007061,0.004076,0.017539,0.319802,0.354881,0.329617,0.343463
old_adamw,old AdamW,adamw,old,fc1,10,trace_log_midpoint_per_eval,3,0.321787,0.003843,0.002218,0.009545,0.312242,0.331333,0.317942,0.325627
old_adamw,old AdamW,adamw,old,fc1,11,trace_log_midpoint_per_eval,3,0.309211,0.009318,0.00538,0.023148,0.286062,0.332359,0.299361,0.317887
old_adamw,old AdamW,adamw,old,fc1,12,trace_log_midpoint_per_eval,3,0.302318,0.01771,0.010225,0.043994,0.258324,0.346313,0.282759,0.317268
old_adamw,old AdamW,adamw,old,fc1,13,trace_log_midpoint_per_eval,3,0.296585,0.016058,0.009271,0.039891,0.256694,0.336476,0.280712,0.312822
old_adamw,old AdamW,adamw,old,fc1,14,trace_log_midpoint_per_eval,3,0.29023,0.007865,0.004541,0.019538,0.270692,0.309768,0.281148,0.294791
old_adamw,old AdamW,adamw,old,fc1,15,trace_log_midpoint_per_eval,3,0.289323,0.007311,0.004221,0.018162,0.271161,0.307485,0.281417,0.295841
old_adamw,old AdamW,adamw,old,fc1,16,trace_log_midpoint_per_eval,3,0.284433,0.006784,0.003916,0.016851,0.267582,0.301285,0.276979,0.290243
old_adamw,old AdamW,adamw,old,fc1,17,trace_log_midpoint_per_eval,3,0.287856,0.00346,0.001998,0.008595,0.27926,0.296451,0.283921,0.290424
old_adamw,old AdamW,adamw,old,fc1,18,trace_log_midpoint_per_eval,3,0.286913,0.005341,0.003084,0.013267,0.273646,0.30018,0.280784,0.290568
old_adamw,old AdamW,adamw,old,fc1,19,trace_log_midpoint_per_eval,3,0.286977,0.005337,0.003081,0.013258,0.273718,0.300235,0.280856,0.290658
old_adamw,old AdamW,adamw,old,fc1,20,trace_log_midpoint_per_eval,3,0.287051,0.005329,0.003077,0.013238,0.273813,0.300289,0.280939,0.290721
old_adamw,old AdamW,adamw,old,fc1,21,trace_log_midpoint_per_eval,3,0.288304,0.00644,0.003718,0.015998,0.272306,0.304302,0.280995,0.293145
old_adamw,old AdamW,adamw,old,fc1,22,trace_log_midpoint_per_eval,3,0.288353,0.006438,0.003717,0.015993,0.272361,0.304346,0.281046,0.293191
old_adamw,old AdamW,adamw,old,fc1,23,trace_log_midpoint_per_eval,3,0.288391,0.006435,0.003715,0.015986,0.272405,0.304377,0.281087,0.293229
old_adamw,old AdamW,adamw,old,fc1,24,trace_log_midpoint_per_eval,3,0.288419,0.006432,0.003714,0.015978,0.272441,0.304398,0.28112,0.293257
old_adamw,old AdamW,adamw,old,fc1,25,trace_log_midpoint_per_eval,3,0.288446,0.006432,0.003713,0.015978,0.272468,0.304423,0.281146,0.293283
old_adamw,old AdamW,adamw,old,fc1,26,trace_log_midpoint_per_eval,3,0.287268,0.005318,0.00307,0.01321,0.274058,0.300478,0.281168,0.290925
old_adamw,old AdamW,adamw,old,fc1,27,trace_log_midpoint_per_eval,3,0.287283,0.005318,0.00307,0.013209,0.274074,0.300492,0.281183,0.29094
old_adamw,old AdamW,adamw,old,fc1,28,trace_log_midpoint_per_eval,3,0.287293,0.005317,0.00307,0.013207,0.274086,0.3005,0.281194,0.29095
old_adamw,old AdamW,adamw,old,fc1,29,trace_log_midpoint_per_eval,3,0.287301,0.005316,0.003069,0.013205,0.274095,0.300506,0.281202,0.290956
old_adamw,old AdamW,adamw,old,fc1,30,trace_log_midpoint_per_eval,3,0.287306,0.005315,0.003069,0.013204,0.274102,0.300511,0.281209,0.290962
old_adamw,old AdamW,adamw,old,fc2,0,trace_log_midpoint_per_eval,3,0.643345,0.028645,0.016538,0.071159,0.572186,0.714504,0.610876,0.665046
old_adamw,old AdamW,adamw,old,fc2,1,trace_log_midpoint_per_eval,3,0.650604,0.0059,0.003407,0.014657,0.635947,0.665261,0.643846,0.654733
old_adamw,old AdamW,adamw,old,fc2,2,trace_log_midpoint_per_eval,3,0.614988,0.008396,0.004847,0.020856,0.594132,0.635844,0.605334,0.620581
old_adamw,old AdamW,adamw,old,fc2,3,trace_log_midpoint_per_eval,3,0.586748,0.010426,0.006019,0.0259,0.560849,0.612648,0.575194,0.595453
old_adamw,old AdamW,adamw,old,fc2,4,trace_log_midpoint_per_eval,3,0.569293,0.015443,0.008916,0.038363,0.53093,0.607656,0.558674,0.587009
old_adamw,old AdamW,adamw,old,fc2,5,trace_log_midpoint_per_eval,3,0.543731,0.00338,0.001951,0.008395,0.535335,0.552126,0.540525,0.54726
old_adamw,old AdamW,adamw,old,fc2,6,trace_log_midpoint_per_eval,3,0.533502,0.005141,0.002968,0.012771,0.520731,0.546273,0.528293,0.538572
old_adamw,old AdamW,adamw,old,fc2,7,trace_log_midpoint_per_eval,3,0.517779,0.006521,0.003765,0.0162,0.50158,0.533979,0.512123,0.524912
old_adamw,old AdamW,adamw,old,fc2,8,trace_log_midpoint_per_eval,3,0.509333,0.002199,0.00127,0.005463,0.503869,0.514796,0.506794,0.510644
old_adamw,old AdamW,adamw,old,fc2,9,trace_log_midpoint_per_eval,3,0.500171,0.00821,0.00474,0.020394,0.479777,0.520565,0.49128,0.507465
old_adamw,old AdamW,adamw,old,fc2,10,trace_log_midpoint_per_eval,3,0.497478,0.006462,0.003731,0.016052,0.481426,0.513529,0.493341,0.504924
old_adamw,old AdamW,adamw,old,fc2,11,trace_log_midpoint_per_eval,3,0.491259,0.009844,0.005683,0.024453,0.466806,0.515712,0.482418,0.501866
old_adamw,old AdamW,adamw,old,fc2,12,trace_log_midpoint_per_eval,3,0.479904,0.007133,0.004118,0.01772,0.462184,0.497623,0.472043,0.485964
old_adamw,old AdamW,adamw,old,fc2,13,trace_log_midpoint_per_eval,3,0.48057,0.009586,0.005535,0.023813,0.456757,0.504383,0.471327,0.490466
old_adamw,old AdamW,adamw,old,fc2,14,trace_log_midpoint_per_eval,3,0.476761,0.01193,0.006888,0.029635,0.447125,0.506396,0.464027,0.487678
old_adamw,old AdamW,adamw,old,fc2,15,trace_log_midpoint_per_eval,3,0.466537,0.009217,0.005321,0.022896,0.443641,0.489433,0.458314,0.4765
old_adamw,old AdamW,adamw,old,fc2,16,trace_log_midpoint_per_eval,3,0.467297,0.010725,0.006192,0.026643,0.440654,0.49394,0.456154,0.477549
old_adamw,old AdamW,adamw,old,fc2,17,trace_log_midpoint_per_eval,3,0.470973,0.008886,0.00513,0.022074,0.448899,0.493048,0.464007,0.480981
old_adamw,old AdamW,adamw,old,fc2,18,trace_log_midpoint_per_eval,3,0.47083,0.008938,0.00516,0.022202,0.448628,0.493032,0.463743,0.48087
old_adamw,old AdamW,adamw,old,fc2,19,trace_log_midpoint_per_eval,3,0.470752,0.008956,0.005171,0.022247,0.448505,0.492999,0.463628,0.480806
old_adamw,old AdamW,adamw,old,fc2,20,trace_log_midpoint_per_eval,3,0.47205,0.00859,0.00496,0.021339,0.450711,0.493389,0.463566,0.480743
old_adamw,old AdamW,adamw,old,fc2,21,trace_log_midpoint_per_eval,3,0.469295,0.009869,0.005698,0.024516,0.444779,0.493811,0.463513,0.48069
old_adamw,old AdamW,adamw,old,fc2,22,trace_log_midpoint_per_eval,3,0.469243,0.009869,0.005698,0.024517,0.444726,0.49376,0.463465,0.480639
old_adamw,old AdamW,adamw,old,fc2,23,trace_log_midpoint_per_eval,3,0.469199,0.009868,0.005697,0.024514,0.444686,0.493713,0.463423,0.480594
old_adamw,old AdamW,adamw,old,fc2,24,trace_log_midpoint_per_eval,3,0.469158,0.00987,0.005698,0.024518,0.444639,0.493676,0.463384,0.480554
old_adamw,old AdamW,adamw,old,fc2,25,trace_log_midpoint_per_eval,3,0.469122,0.00987,0.005698,0.024518,0.444604,0.493641,0.463351,0.480519
old_adamw,old AdamW,adamw,old,fc2,26,trace_log_midpoint_per_eval,3,0.469093,0.009871,0.005699,0.024521,0.444572,0.493613,0.463324,0.48049
old_adamw,old AdamW,adamw,old,fc2,27,trace_log_midpoint_per_eval,3,0.469069,0.009871,0.005699,0.024522,0.444547,0.493591,0.463301,0.480467
old_adamw,old AdamW,adamw,old,fc2,28,trace_log_midpoint_per_eval,3,0.469052,0.009871,0.005699,0.024522,0.44453,0.493574,0.463286,0.48045
old_adamw,old AdamW,adamw,old,fc2,29,trace_log_midpoint_per_eval,3,0.469039,0.009872,0.005699,0.024523,0.444516,0.493562,0.463274,0.480438
old_adamw,old AdamW,adamw,old,fc2,30,trace_log_midpoint_per_eval,3,0.470379,0.00895,0.005168,0.022234,0.448144,0.492613,0.463265,0.480428
old_adamw,old AdamW,adamw,old,fc3,0,trace_log_midpoint_per_eval,3,0.015517,0.002357,0.001361,0.005856,0.009662,0.021373,0.01403,0.018235
old_adamw,old AdamW,adamw,old,fc3,1,trace_log_midpoint_per_eval,3,-0.001293,0.017685,0.01021,0.043931,-0.045224,0.042638,-0.013157,0.019033
old_adamw,old AdamW,adamw,old,fc3,2,trace_log_midpoint_per_eval,3,-0.007078,0.024235,0.013992,0.060203,-0.067282,0.053125,-0.023135,0.020799
old_adamw,old AdamW,adamw,old,fc3,3,trace_log_midpoint_per_eval,3,-0.01221,0.026123,0.015082,0.064894,-0.077104,0.052684,-0.028489,0.017922
old_adamw,old AdamW,adamw,old,fc3,4,trace_log_midpoint_per_eval,3,-0.015674,0.027264,0.015741,0.067726,-0.083401,0.052052,-0.033114,0.015744
old_adamw,old AdamW,adamw,old,fc3,5,trace_log_midpoint_per_eval,3,-0.003034,0.026616,0.015367,0.066119,-0.069152,0.063085,-0.033387,0.016317
old_adamw,old AdamW,adamw,old,fc3,6,trace_log_midpoint_per_eval,3,-0.004144,0.025285,0.014598,0.062811,-0.066955,0.058667,-0.033191,0.012936
old_adamw,old AdamW,adamw,old,fc3,7,trace_log_midpoint_per_eval,3,-0.019211,0.027693,0.015988,0.068792,-0.088004,0.049581,-0.036365,0.012736
old_adamw,old AdamW,adamw,old,fc3,8,trace_log_midpoint_per_eval,3,-0.004226,0.027349,0.01579,0.067938,-0.072165,0.063712,-0.035742,0.013278
old_adamw,old AdamW,adamw,old,fc3,9,trace_log_midpoint_per_eval,3,-0.004073,0.027642,0.015959,0.068667,-0.07274,0.064595,-0.035991,0.012074
old_adamw,old AdamW,adamw,old,fc3,10,trace_log_midpoint_per_eval,3,-0.004599,0.027749,0.016021,0.068931,-0.07353,0.064332,-0.036616,0.012497
old_adamw,old AdamW,adamw,old,fc3,11,trace_log_midpoint_per_eval,3,-0.004246,0.028328,0.016355,0.070371,-0.074617,0.066125,-0.036911,0.013578
old_adamw,old AdamW,adamw,old,fc3,12,trace_log_midpoint_per_eval,3,-0.003096,0.029793,0.017201,0.07401,-0.077107,0.070914,-0.037473,0.015228
old_adamw,old AdamW,adamw,old,fc3,13,trace_log_midpoint_per_eval,3,0.011811,0.002478,0.001431,0.006156,0.005654,0.017967,0.009173,0.014091
old_adamw,old AdamW,adamw,old,fc3,14,trace_log_midpoint_per_eval,3,0.013444,0.003394,0.001959,0.00843,0.005014,0.021875,0.010143,0.016923
old_adamw,old AdamW,adamw,old,fc3,15,trace_log_midpoint_per_eval,3,-0.002195,0.030977,0.017885,0.076951,-0.079146,0.074755,-0.037918,0.017241
old_adamw,old AdamW,adamw,old,fc3,16,trace_log_midpoint_per_eval,3,-0.002266,0.031353,0.018101,0.077884,-0.080151,0.075618,-0.038387,0.017908
old_adamw,old AdamW,adamw,old,fc3,17,trace_log_midpoint_per_eval,3,-0.001793,0.03126,0.018048,0.077655,-0.079448,0.075863,-0.037823,0.018119
old_adamw,old AdamW,adamw,old,fc3,18,trace_log_midpoint_per_eval,3,-0.001659,0.03156,0.018221,0.0784,-0.080059,0.076741,-0.038036,0.018422
old_adamw,old AdamW,adamw,old,fc3,19,trace_log_midpoint_per_eval,3,-0.001501,0.031648,0.018272,0.078619,-0.08012,0.077117,-0.037983,0.018587
old_adamw,old AdamW,adamw,old,fc3,20,trace_log_midpoint_per_eval,3,-0.001378,0.031731,0.01832,0.078825,-0.080203,0.077447,-0.037956,0.018765
old_adamw,old AdamW,adamw,old,fc3,21,trace_log_midpoint_per_eval,3,-0.001228,0.031835,0.01838,0.079083,-0.08031,0.077855,-0.037922,0.019028
old_adamw,old AdamW,adamw,old,fc3,22,trace_log_midpoint_per_eval,3,-0.001097,0.031918,0.018428,0.079289,-0.080386,0.078191,-0.037884,0.019249
old_adamw,old AdamW,adamw,old,fc3,23,trace_log_midpoint_per_eval,3,-0.000983,0.031995,0.018472,0.079479,-0.080463,0.078496,-0.037856,0.019447
old_adamw,old AdamW,adamw,old,fc3,24,trace_log_midpoint_per_eval,3,-0.000889,0.032055,0.018507,0.079628,-0.080517,0.078739,-0.037829,0.019603
old_adamw,old AdamW,adamw,old,fc3,25,trace_log_midpoint_per_eval,3,-0.000807,0.032104,0.018535,0.07975,-0.080557,0.078943,-0.037802,0.019733
old_adamw,old AdamW,adamw,old,fc3,26,trace_log_midpoint_per_eval,3,-0.000743,0.032144,0.018558,0.079849,-0.080592,0.079106,-0.037783,0.019832
old_adamw,old AdamW,adamw,old,fc3,27,trace_log_midpoint_per_eval,3,-0.000695,0.032173,0.018575,0.079922,-0.080617,0.079227,-0.037768,0.01991
old_adamw,old AdamW,adamw,old,fc3,28,trace_log_midpoint_per_eval,3,-0.000658,0.032195,0.018588,0.079977,-0.080635,0.079319,-0.037757,0.019965
old_adamw,old AdamW,adamw,old,fc3,29,trace_log_midpoint_per_eval,3,-0.000634,0.032209,0.018596,0.080012,-0.080645,0.079378,-0.037748,0.020002
old_adamw,old AdamW,adamw,old,fc3,30,trace_log_midpoint_per_eval,3,-0.000614,0.032221,0.018603,0.08004,-0.080654,0.079426,-0.037742,0.02003
old_sgd,old SGD + Nesterov,sgd_momentum,old,fc1,0,trace_log_midpoint_per_eval,3,0.51414,0.036403,0.021017,0.09043,0.42371,0.60457,0.480724,0.552933
old_sgd,old SGD + Nesterov,sgd_momentum,old,fc1,1,trace_log_midpoint_per_eval,3,0.495084,0.043628,0.025189,0.108378,0.386706,0.603462,0.469713,0.545461
old_sgd,old SGD + Nesterov,sgd_momentum,old,fc1,2,trace_log_midpoint_per_eval,3,0.540643,0.00171,0.000987,0.004247,0.536396,0.544891,0.539611,0.542617
old_sgd,old SGD + Nesterov,sgd_momentum,old,fc1,3,trace_log_midpoint_per_eval,3,0.519156,0.001495,0.000863,0.003713,0.515443,0.522869,0.51747,0.520317
old_sgd,old SGD + Nesterov,sgd_momentum,old,fc1,4,trace_log_midpoint_per_eval,3,0.505626,0.011719,0.006766,0.029112,0.476514,0.534738,0.496666,0.518888
old_sgd,old SGD + Nesterov,sgd_momentum,old,fc1,5,trace_log_midpoint_per_eval,3,0.491531,0.004406,0.002544,0.010945,0.480586,0.502475,0.487025,0.495829
old_sgd,old SGD + Nesterov,sgd_momentum,old,fc1,6,trace_log_midpoint_per_eval,3,0.480728,0.004246,0.002452,0.010548,0.470179,0.491276,0.478044,0.485623
old_sgd,old SGD + Nesterov,sgd_momentum,old,fc1,7,trace_log_midpoint_per_eval,3,0.478021,0.002669,0.001541,0.006631,0.471391,0.484652,0.47593,0.481028
old_sgd,old SGD + Nesterov,sgd_momentum,old,fc1,8,trace_log_midpoint_per_eval,3,0.476421,0.001912,0.001104,0.004749,0.471672,0.48117,0.47432,0.478058
old_sgd,old SGD + Nesterov,sgd_momentum,old,fc1,9,trace_log_midpoint_per_eval,3,0.470902,0.007917,0.004571,0.019667,0.451235,0.490569,0.462101,0.477445
old_sgd,old SGD + Nesterov,sgd_momentum,old,fc1,10,trace_log_midpoint_per_eval,3,0.47043,0.007884,0.004552,0.019584,0.450846,0.490015,0.461677,0.476972
old_sgd,old SGD + Nesterov,sgd_momentum,old,fc1,11,trace_log_midpoint_per_eval,3,0.471067,0.006288,0.00363,0.01562,0.455446,0.486687,0.464249,0.476639
old_sgd,old SGD + Nesterov,sgd_momentum,old,fc1,12,trace_log_midpoint_per_eval,3,0.470787,0.006302,0.003638,0.015654,0.455133,0.486441,0.463952,0.476366
old_sgd,old SGD + Nesterov,sgd_momentum,old,fc1,13,trace_log_midpoint_per_eval,3,0.468577,0.006614,0.003819,0.016431,0.452146,0.485008,0.463681,0.476102
old_sgd,old SGD + Nesterov,sgd_momentum,old,fc1,14,trace_log_midpoint_per_eval,3,0.467341,0.004965,0.002866,0.012333,0.455007,0.479674,0.463422,0.472924
old_sgd,old SGD + Nesterov,sgd_momentum,old,fc1,15,trace_log_midpoint_per_eval,3,0.467084,0.004969,0.002869,0.012344,0.45474,0.479428,0.46316,0.472672
old_sgd,old SGD + Nesterov,sgd_momentum,old,fc1,16,trace_log_midpoint_per_eval,3,0.466837,0.004971,0.00287,0.01235,0.454488,0.479187,0.462913,0.472428
old_sgd,old SGD + Nesterov,sgd_momentum,old,fc1,17,trace_log_midpoint_per_eval,3,0.466606,0.004974,0.002872,0.012355,0.45425,0.478961,0.462683,0.4722
old_sgd,old SGD + Nesterov,sgd_momentum,old,fc1,18,trace_log_midpoint_per_eval,3,0.466392,0.004974,0.002872,0.012357,0.454035,0.478749,0.462472,0.471988
old_sgd,old SGD + Nesterov,sgd_momentum,old,fc1,19,trace_log_midpoint_per_eval,3,0.466198,0.004976,0.002873,0.012361,0.453837,0.478559,0.462279,0.471796
old_sgd,old SGD + Nesterov,sgd_momentum,old,fc1,20,trace_log_midpoint_per_eval,3,0.466024,0.004978,0.002874,0.012365,0.453658,0.478389,0.462103,0.471624
old_sgd,old SGD + Nesterov,sgd_momentum,old,fc1,21,trace_log_midpoint_per_eval,3,0.466847,0.004766,0.002751,0.011839,0.455008,0.478685,0.461955,0.471476
old_sgd,old SGD + Nesterov,sgd_momentum,old,fc1,22,trace_log_midpoint_per_eval,3,0.466718,0.004766,0.002752,0.01184,0.454878,0.478559,0.461826,0.471348
old_sgd,old SGD + Nesterov,sgd_momentum,old,fc1,23,trace_log_midpoint_per_eval,3,0.46467,0.002657,0.001534,0.0066,0.458071,0.47127,0.461722,0.466878
old_sgd,old SGD + Nesterov,sgd_momentum,old,fc1,24,trace_log_midpoint_per_eval,3,0.464589,0.002656,0.001533,0.006597,0.457991,0.471186,0.461641,0.466795
old_sgd,old SGD + Nesterov,sgd_momentum,old,fc1,25,trace_log_midpoint_per_eval,3,0.464528,0.002655,0.001533,0.006597,0.457931,0.471124,0.461581,0.466734
old_sgd,old SGD + Nesterov,sgd_momentum,old,fc1,26,trace_log_midpoint_per_eval,3,0.464484,0.002656,0.001533,0.006597,0.457887,0.471081,0.461537,0.466691
old_sgd,old SGD + Nesterov,sgd_momentum,old,fc1,27,trace_log_midpoint_per_eval,3,0.464455,0.002656,0.001533,0.006597,0.457857,0.471052,0.461507,0.466662
old_sgd,old SGD + Nesterov,sgd_momentum,old,fc1,28,trace_log_midpoint_per_eval,3,0.464437,0.002656,0.001533,0.006597,0.457839,0.471034,0.461489,0.466644
old_sgd,old SGD + Nesterov,sgd_momentum,old,fc1,29,trace_log_midpoint_per_eval,3,0.464426,0.002656,0.001533,0.006598,0.457828,0.471024,0.461478,0.466633
old_sgd,old SGD + Nesterov,sgd_momentum,old,fc1,30,trace_log_midpoint_per_eval,3,0.464419,0.002656,0.001533,0.006598,0.457822,0.471017,0.461472,0.466626
old_sgd,old SGD + Nesterov,sgd_momentum,old,fc2,0,trace_log_midpoint_per_eval,3,0.643345,0.028645,0.016538,0.071159,0.572186,0.714504,0.610876,0.665046
old_sgd,old SGD + Nesterov,sgd_momentum,old,fc2,1,trace_log_midpoint_per_eval,3,0.631271,0.01676,0.009677,0.041635,0.589636,0.672906,0.613988,0.647455
old_sgd,old SGD + Nesterov,sgd_momentum,old,fc2,2,trace_log_midpoint_per_eval,3,0.647168,0.015237,0.008797,0.037851,0.609317,0.685018,0.631922,0.662396
old_sgd,old SGD + Nesterov,sgd_momentum,old,fc2,3,trace_log_midpoint_per_eval,3,0.644253,0.014202,0.0082,0.035281,0.608973,0.679534,0.628933,0.65698
old_sgd,old SGD + Nesterov,sgd_momentum,old,fc2,4,trace_log_midpoint_per_eval,3,0.6466,0.010058,0.005807,0.024987,0.621613,0.671586,0.639807,0.658155
old_sgd,old SGD + Nesterov,sgd_momentum,old,fc2,5,trace_log_midpoint_per_eval,3,0.629163,0.007744,0.004471,0.019238,0.609925,0.648401,0.621,0.636407
old_sgd,old SGD + Nesterov,sgd_momentum,old,fc2,6,trace_log_midpoint_per_eval,3,0.641106,0.011166,0.006447,0.027738,0.613368,0.668844,0.629457,0.651716
old_sgd,old SGD + Nesterov,sgd_momentum,old,fc2,7,trace_log_midpoint_per_eval,3,0.637305,0.011658,0.006731,0.028959,0.608346,0.666265,0.624394,0.647059
old_sgd,old SGD + Nesterov,sgd_momentum,old,fc2,8,trace_log_midpoint_per_eval,3,0.632903,0.010978,0.006338,0.027272,0.605631,0.660175,0.620226,0.639295
old_sgd,old SGD + Nesterov,sgd_momentum,old,fc2,9,trace_log_midpoint_per_eval,3,0.635717,0.011591,0.006692,0.028794,0.606923,0.664511,0.62293,0.645535
old_sgd,old SGD + Nesterov,sgd_momentum,old,fc2,10,trace_log_midpoint_per_eval,3,0.630667,0.009921,0.005728,0.024645,0.606023,0.655312,0.622403,0.64167
old_sgd,old SGD + Nesterov,sgd_momentum,old,fc2,11,trace_log_midpoint_per_eval,3,0.626863,0.004511,0.002604,0.011205,0.615658,0.638069,0.622036,0.630971
old_sgd,old SGD + Nesterov,sgd_momentum,old,fc2,12,trace_log_midpoint_per_eval,3,0.627708,0.00519,0.002996,0.012892,0.614815,0.6406,0.621715,0.630732
old_sgd,old SGD + Nesterov,sgd_momentum,old,fc2,13,trace_log_midpoint_per_eval,3,0.627411,0.005198,0.003001,0.012912,0.614498,0.640323,0.621409,0.63044
old_sgd,old SGD + Nesterov,sgd_momentum,old,fc2,14,trace_log_midpoint_per_eval,3,0.627117,0.00521,0.003008,0.012942,0.614175,0.640059,0.621101,0.630147
old_sgd,old SGD + Nesterov,sgd_momentum,old,fc2,15,trace_log_midpoint_per_eval,3,0.625699,0.010302,0.005948,0.025592,0.600107,0.651291,0.613967,0.633268
old_sgd,old SGD + Nesterov,sgd_momentum,old,fc2,16,trace_log_midpoint_per_eval,3,0.625417,0.010316,0.005956,0.025627,0.59979,0.651043,0.613668,0.632993
old_sgd,old SGD + Nesterov,sgd_momentum,old,fc2,17,trace_log_midpoint_per_eval,3,0.62515,0.010331,0.005965,0.025664,0.599485,0.650814,0.613384,0.63274
old_sgd,old SGD + Nesterov,sgd_momentum,old,fc2,18,trace_log_midpoint_per_eval,3,0.624897,0.010341,0.00597,0.025689,0.599209,0.650586,0.613121,0.632495
old_sgd,old SGD + Nesterov,sgd_momentum,old,fc2,19,trace_log_midpoint_per_eval,3,0.622348,0.00839,0.004844,0.020842,0.601506,0.64319,0.612877,0.62885
old_sgd,old SGD + Nesterov,sgd_momentum,old,fc2,20,trace_log_midpoint_per_eval,3,0.622139,0.008395,0.004847,0.020854,0.601285,0.642993,0.612663,0.628644
old_sgd,old SGD + Nesterov,sgd_momentum,old,fc2,21,trace_log_midpoint_per_eval,3,0.621957,0.008401,0.00485,0.020869,0.601088,0.642826,0.612474,0.628466
old_sgd,old SGD + Nesterov,sgd_momentum,old,fc2,22,trace_log_midpoint_per_eval,3,0.621802,0.008406,0.004853,0.020881,0.600922,0.642683,0.612313,0.628313
old_sgd,old SGD + Nesterov,sgd_momentum,old,fc2,23,trace_log_midpoint_per_eval,3,0.621676,0.008408,0.004854,0.020887,0.60079,0.642563,0.612184,0.628189
old_sgd,old SGD + Nesterov,sgd_momentum,old,fc2,24,trace_log_midpoint_per_eval,3,0.621577,0.008412,0.004857,0.020896,0.600681,0.642472,0.61208,0.62809
old_sgd,old SGD + Nesterov,sgd_momentum,old,fc2,25,trace_log_midpoint_per_eval,3,0.623791,0.004612,0.002663,0.011458,0.612333,0.635249,0.61887,0.628016
old_sgd,old SGD + Nesterov,sgd_momentum,old,fc2,26,trace_log_midpoint_per_eval,3,0.623737,0.004613,0.002663,0.01146,0.612277,0.635197,0.618815,0.627962
old_sgd,old SGD + Nesterov,sgd_momentum,old,fc2,27,trace_log_midpoint_per_eval,3,0.623701,0.004614,0.002664,0.011462,0.612239,0.635163,0.618778,0.627927
old_sgd,old SGD + Nesterov,sgd_momentum,old,fc2,28,trace_log_midpoint_per_eval,3,0.623679,0.004614,0.002664,0.011463,0.612216,0.635142,0.618755,0.627905
old_sgd,old SGD + Nesterov,sgd_momentum,old,fc2,29,trace_log_midpoint_per_eval,3,0.623666,0.004615,0.002664,0.011463,0.612203,0.63513,0.618742,0.627892
old_sgd,old SGD + Nesterov,sgd_momentum,old,fc2,30,trace_log_midpoint_per_eval,3,0.623658,0.004615,0.002664,0.011464,0.612194,0.635122,0.618734,0.627884
old_sgd,old SGD + Nesterov,sgd_momentum,old,fc3,0,trace_log_midpoint_per_eval,3,0.015517,0.002357,0.001361,0.005856,0.009662,0.021373,0.01403,0.018235
old_sgd,old SGD + Nesterov,sgd_momentum,old,fc3,1,trace_log_midpoint_per_eval,3,0.018804,0.003022,0.001745,0.007506,0.011298,0.02631,0.016547,0.022237
old_sgd,old SGD + Nesterov,sgd_momentum,old,fc3,2,trace_log_midpoint_per_eval,3,0.019159,0.003289,0.001899,0.008169,0.010989,0.027328,0.015377,0.021347
old_sgd,old SGD + Nesterov,sgd_momentum,old,fc3,3,trace_log_midpoint_per_eval,3,0.021653,0.002628,0.001517,0.006528,0.015124,0.028181,0.019082,0.024335
old_sgd,old SGD + Nesterov,sgd_momentum,old,fc3,4,trace_log_midpoint_per_eval,3,0.027278,0.004451,0.00257,0.011056,0.016221,0.038334,0.022548,0.031383
old_sgd,old SGD + Nesterov,sgd_momentum,old,fc3,5,trace_log_midpoint_per_eval,3,0.032111,0.003767,0.002175,0.009359,0.022752,0.04147,0.028004,0.035407
old_sgd,old SGD + Nesterov,sgd_momentum,old,fc3,6,trace_log_midpoint_per_eval,3,0.03423,0.002181,0.001259,0.005417,0.028813,0.039647,0.031789,0.035985
old_sgd,old SGD + Nesterov,sgd_momentum,old,fc3,7,trace_log_midpoint_per_eval,3,0.036967,0.002187,0.001262,0.005432,0.031535,0.042399,0.034492,0.038637
old_sgd,old SGD + Nesterov,sgd_momentum,old,fc3,8,trace_log_midpoint_per_eval,3,0.038948,0.002083,0.001203,0.005175,0.033773,0.044122,0.036584,0.040516
old_sgd,old SGD + Nesterov,sgd_momentum,old,fc3,9,trace_log_midpoint_per_eval,3,0.040409,0.001909,0.001102,0.004742,0.035666,0.045151,0.038492,0.04231
old_sgd,old SGD + Nesterov,sgd_momentum,old,fc3,10,trace_log_midpoint_per_eval,3,0.041659,0.001783,0.00103,0.00443,0.037229,0.046089,0.039807,0.043365
old_sgd,old SGD + Nesterov,sgd_momentum,old,fc3,11,trace_log_midpoint_per_eval,3,0.042263,0.001858,0.001073,0.004616,0.037647,0.046879,0.04026,0.04393
old_sgd,old SGD + Nesterov,sgd_momentum,old,fc3,12,trace_log_midpoint_per_eval,3,0.042942,0.001863,0.001076,0.004628,0.038314,0.04757,0.040885,0.044517
old_sgd,old SGD + Nesterov,sgd_momentum,old,fc3,13,trace_log_midpoint_per_eval,3,0.043531,0.001832,0.001058,0.004552,0.038979,0.048083,0.041482,0.045013
old_sgd,old SGD + Nesterov,sgd_momentum,old,fc3,14,trace_log_midpoint_per_eval,3,0.04412,0.001812,0.001046,0.004501,0.039619,0.048621,0.04208,0.045543
old_sgd,old SGD + Nesterov,sgd_momentum,old,fc3,15,trace_log_midpoint_per_eval,3,0.044639,0.001824,0.001053,0.004531,0.040108,0.049171,0.042558,0.04596
old_sgd,old SGD + Nesterov,sgd_momentum,old,fc3,16,trace_log_midpoint_per_eval,3,0.045103,0.001797,0.001038,0.004464,0.040639,0.049567,0.043047,0.046378
old_sgd,old SGD + Nesterov,sgd_momentum,old,fc3,17,trace_log_midpoint_per_eval,3,0.045532,0.001799,0.001039,0.00447,0.041062,0.050002,0.04347,0.046781
old_sgd,old SGD + Nesterov,sgd_momentum,old,fc3,18,trace_log_midpoint_per_eval,3,0.045956,0.001801,0.00104,0.004473,0.041483,0.050428,0.043883,0.047131
old_sgd,old SGD + Nesterov,sgd_momentum,old,fc3,19,trace_log_midpoint_per_eval,3,0.046302,0.001832,0.001057,0.00455,0.041753,0.050852,0.04419,0.047441
old_sgd,old SGD + Nesterov,sgd_momentum,old,fc3,20,trace_log_midpoint_per_eval,3,0.046573,0.001809,0.001044,0.004493,0.04208,0.051066,0.044486,0.047682
old_sgd,old SGD + Nesterov,sgd_momentum,old,fc3,21,trace_log_midpoint_per_eval,3,0.046799,0.001807,0.001043,0.004488,0.042311,0.051288,0.044714,0.047883
old_sgd,old SGD + Nesterov,sgd_momentum,old,fc3,22,trace_log_midpoint_per_eval,3,0.047009,0.001814,0.001047,0.004506,0.042503,0.051515,0.044914,0.048066
old_sgd,old SGD + Nesterov,sgd_momentum,old,fc3,23,trace_log_midpoint_per_eval,3,0.047164,0.001804,0.001041,0.004481,0.042684,0.051645,0.045082,0.048207
old_sgd,old SGD + Nesterov,sgd_momentum,old,fc3,24,trace_log_midpoint_per_eval,3,0.047282,0.001807,0.001043,0.004488,0.042794,0.05177,0.045196,0.048334
old_sgd,old SGD + Nesterov,sgd_momentum,old,fc3,25,trace_log_midpoint_per_eval,3,0.047369,0.001805,0.001042,0.004483,0.042886,0.051853,0.045286,0.048426
old_sgd,old SGD + Nesterov,sgd_momentum,old,fc3,26,trace_log_midpoint_per_eval,3,0.047435,0.001806,0.001043,0.004486,0.042948,0.051921,0.04535,0.048502
old_sgd,old SGD + Nesterov,sgd_momentum,old,fc3,27,trace_log_midpoint_per_eval,3,0.047478,0.001806,0.001043,0.004487,0.042991,0.051965,0.045393,0.048554
old_sgd,old SGD + Nesterov,sgd_momentum,old,fc3,28,trace_log_midpoint_per_eval,3,0.047504,0.001806,0.001043,0.004487,0.043017,0.051992,0.045419,0.048584
old_sgd,old SGD + Nesterov,sgd_momentum,old,fc3,29,trace_log_midpoint_per_eval,3,0.04752,0.001806,0.001043,0.004487,0.043032,0.052007,0.045434,0.048601
old_sgd,old SGD + Nesterov,sgd_momentum,old,fc3,30,trace_log_midpoint_per_eval,3,0.047529,0.001807,0.001043,0.004488,0.043041,0.052017,0.045444,0.048612
new_muon,"new Muon, horizon optimized",sgd_momentum_muon,horizon_optimized,fc1,0,trace_log_midpoint_per_eval,3,0.51414,0.036403,0.021017,0.09043,0.42371,0.60457,0.480724,0.552933
new_muon,"new Muon, horizon optimized",sgd_momentum_muon,horizon_optimized,fc1,1,trace_log_midpoint_per_eval,3,0.550735,0.009577,0.005529,0.02379,0.526945,0.574525,0.542872,0.5614
new_muon,"new Muon, horizon optimized",sgd_momentum_muon,horizon_optimized,fc1,2,trace_log_midpoint_per_eval,3,0.5405,0.02765,0.015964,0.068686,0.471814,0.609186,0.512917,0.568216
new_muon,"new Muon, horizon optimized",sgd_momentum_muon,horizon_optimized,fc1,3,trace_log_midpoint_per_eval,3,0.515371,0.046284,0.026722,0.114976,0.400395,0.630347,0.462261,0.547098
new_muon,"new Muon, horizon optimized",sgd_momentum_muon,horizon_optimized,fc1,4,trace_log_midpoint_per_eval,3,0.521036,0.025288,0.0146,0.062818,0.458218,0.583855,0.497641,0.547866
new_muon,"new Muon, horizon optimized",sgd_momentum_muon,horizon_optimized,fc1,5,trace_log_midpoint_per_eval,3,0.497619,0.047577,0.027469,0.118188,0.379432,0.615807,0.460146,0.551147
new_muon,"new Muon, horizon optimized",sgd_momentum_muon,horizon_optimized,fc1,6,trace_log_midpoint_per_eval,3,0.481747,0.057714,0.033321,0.143369,0.338378,0.625117,0.425623,0.540929
new_muon,"new Muon, horizon optimized",sgd_momentum_muon,horizon_optimized,fc1,7,trace_log_midpoint_per_eval,3,0.523562,0.04882,0.028186,0.121276,0.402286,0.644839,0.467619,0.557548
new_muon,"new Muon, horizon optimized",sgd_momentum_muon,horizon_optimized,fc1,8,trace_log_midpoint_per_eval,3,0.579336,0.148809,0.085915,0.369662,0.209674,0.948997,0.416844,0.70897
new_muon,"new Muon, horizon optimized",sgd_momentum_muon,horizon_optimized,fc1,9,trace_log_midpoint_per_eval,3,0.49584,0.098177,0.056683,0.243886,0.251954,0.739726,0.411418,0.603576
new_muon,"new Muon, horizon optimized",sgd_momentum_muon,horizon_optimized,fc1,10,trace_log_midpoint_per_eval,3,0.528947,0.043287,0.024992,0.107531,0.421416,0.636477,0.485478,0.572049
new_muon,"new Muon, horizon optimized",sgd_momentum_muon,horizon_optimized,fc1,11,trace_log_midpoint_per_eval,3,0.503516,0.07409,0.042776,0.184049,0.319467,0.687565,0.419486,0.559441
new_muon,"new Muon, horizon optimized",sgd_momentum_muon,horizon_optimized,fc1,12,trace_log_midpoint_per_eval,3,0.462945,0.017222,0.009943,0.042782,0.420163,0.505726,0.443542,0.476419
new_muon,"new Muon, horizon optimized",sgd_momentum_muon,horizon_optimized,fc1,13,trace_log_midpoint_per_eval,3,0.482061,0.03459,0.019971,0.085926,0.396135,0.567987,0.44994,0.51868
new_muon,"new Muon, horizon optimized",sgd_momentum_muon,horizon_optimized,fc1,14,trace_log_midpoint_per_eval,3,0.468366,0.007562,0.004366,0.018785,0.449581,0.487151,0.461135,0.476221
new_muon,"new Muon, horizon optimized",sgd_momentum_muon,horizon_optimized,fc1,15,trace_log_midpoint_per_eval,3,0.416483,0.10497,0.060605,0.26076,0.155722,0.677243,0.315659,0.525158
new_muon,"new Muon, horizon optimized",sgd_momentum_muon,horizon_optimized,fc1,16,trace_log_midpoint_per_eval,3,0.447089,0.022595,0.013045,0.056129,0.390961,0.503218,0.427871,0.47198
new_muon,"new Muon, horizon optimized",sgd_momentum_muon,horizon_optimized,fc1,17,trace_log_midpoint_per_eval,3,0.334187,0.093831,0.054174,0.23309,0.101097,0.567277,0.22794,0.405694
new_muon,"new Muon, horizon optimized",sgd_momentum_muon,horizon_optimized,fc1,18,trace_log_midpoint_per_eval,3,0.42664,0.113446,0.065498,0.281816,0.144824,0.708457,0.302006,0.523883
new_muon,"new Muon, horizon optimized",sgd_momentum_muon,horizon_optimized,fc1,19,trace_log_midpoint_per_eval,3,0.428885,0.113324,0.065427,0.281511,0.147374,0.710396,0.301774,0.519352
new_muon,"new Muon, horizon optimized",sgd_momentum_muon,horizon_optimized,fc1,20,trace_log_midpoint_per_eval,3,0.405435,0.087923,0.050762,0.218412,0.187023,0.623847,0.305889,0.472482
new_muon,"new Muon, horizon optimized",sgd_momentum_muon,horizon_optimized,fc1,21,trace_log_midpoint_per_eval,3,0.453094,0.014873,0.008587,0.036946,0.416149,0.49004,0.438363,0.468105
new_muon,"new Muon, horizon optimized",sgd_momentum_muon,horizon_optimized,fc1,22,trace_log_midpoint_per_eval,3,0.406518,0.095242,0.054988,0.236593,0.169925,0.643111,0.298006,0.476261
new_muon,"new Muon, horizon optimized",sgd_momentum_muon,horizon_optimized,fc1,23,trace_log_midpoint_per_eval,3,0.288924,0.078773,0.04548,0.195684,0.09324,0.484608,0.217859,0.373625
new_muon,"new Muon, horizon optimized",sgd_momentum_muon,horizon_optimized,fc1,24,trace_log_midpoint_per_eval,3,0.309531,0.113896,0.065758,0.282934,0.026597,0.592464,0.219044,0.437426
new_muon,"new Muon, horizon optimized",sgd_momentum_muon,horizon_optimized,fc1,25,trace_log_midpoint_per_eval,3,0.37559,0.087302,0.050404,0.216869,0.158721,0.592459,0.292777,0.466777
new_muon,"new Muon, horizon optimized",sgd_momentum_muon,horizon_optimized,fc1,26,trace_log_midpoint_per_eval,3,0.374829,0.087724,0.050648,0.21792,0.156909,0.592748,0.289581,0.464836
new_muon,"new Muon, horizon optimized",sgd_momentum_muon,horizon_optimized,fc1,27,trace_log_midpoint_per_eval,3,0.373955,0.085248,0.049218,0.211769,0.162187,0.585724,0.292571,0.462603
new_muon,"new Muon, horizon optimized",sgd_momentum_muon,horizon_optimized,fc1,28,trace_log_midpoint_per_eval,3,0.373373,0.088894,0.051323,0.220824,0.152549,0.594197,0.289727,0.466719
new_muon,"new Muon, horizon optimized",sgd_momentum_muon,horizon_optimized,fc1,29,trace_log_midpoint_per_eval,3,0.296244,0.067031,0.038701,0.166515,0.129729,0.462758,0.234174,0.367325
new_muon,"new Muon, horizon optimized",sgd_momentum_muon,horizon_optimized,fc1,30,trace_log_midpoint_per_eval,3,0.290255,0.075421,0.043544,0.187356,0.102899,0.477611,0.214339,0.365171
new_muon,"new Muon, horizon optimized",sgd_momentum_muon,horizon_optimized,fc2,0,trace_log_midpoint_per_eval,3,0.643345,0.028645,0.016538,0.071159,0.572186,0.714504,0.610876,0.665046
new_muon,"new Muon, horizon optimized",sgd_momentum_muon,horizon_optimized,fc2,1,trace_log_midpoint_per_eval,3,0.639077,0.016016,0.009247,0.039787,0.59929,0.678864,0.625962,0.656927
new_muon,"new Muon, horizon optimized",sgd_momentum_muon,horizon_optimized,fc2,2,trace_log_midpoint_per_eval,3,0.635882,0.044773,0.02585,0.111224,0.524659,0.747106,0.5846,0.667203
new_muon,"new Muon, horizon optimized",sgd_momentum_muon,horizon_optimized,fc2,3,trace_log_midpoint_per_eval,3,0.634484,0.023647,0.013653,0.058742,0.575742,0.693227,0.619745,0.66176
new_muon,"new Muon, horizon optimized",sgd_momentum_muon,horizon_optimized,fc2,4,trace_log_midpoint_per_eval,3,0.673541,0.031087,0.017948,0.077224,0.596317,0.750764,0.642776,0.704939
new_muon,"new Muon, horizon optimized",sgd_momentum_muon,horizon_optimized,fc2,5,trace_log_midpoint_per_eval,3,0.62549,0.112946,0.065209,0.280573,0.344917,0.906063,0.4951,0.693035
new_muon,"new Muon, horizon optimized",sgd_momentum_muon,horizon_optimized,fc2,6,trace_log_midpoint_per_eval,3,0.575138,0.118561,0.068451,0.294522,0.280616,0.86966,0.478025,0.707262
new_muon,"new Muon, horizon optimized",sgd_momentum_muon,horizon_optimized,fc2,7,trace_log_midpoint_per_eval,3,0.432454,0.063389,0.036598,0.157468,0.274987,0.589922,0.370793,0.49744
new_muon,"new Muon, horizon optimized",sgd_momentum_muon,horizon_optimized,fc2,8,trace_log_midpoint_per_eval,3,0.440706,0.057628,0.033272,0.143156,0.29755,0.583863,0.391332,0.504028
new_muon,"new Muon, horizon optimized",sgd_momentum_muon,horizon_optimized,fc2,9,trace_log_midpoint_per_eval,3,0.624956,0.22778,0.131509,0.565838,0.059118,1.190793,0.362273,0.767805
new_muon,"new Muon, horizon optimized",sgd_momentum_muon,horizon_optimized,fc2,10,trace_log_midpoint_per_eval,3,0.507146,0.218446,0.12612,0.54265,-0.035504,1.049795,0.354438,0.757364
new_muon,"new Muon, horizon optimized",sgd_momentum_muon,horizon_optimized,fc2,11,trace_log_midpoint_per_eval,3,0.412052,0.001546,0.000893,0.003841,0.408211,0.415892,0.410268,0.412999
new_muon,"new Muon, horizon optimized",sgd_momentum_muon,horizon_optimized,fc2,12,trace_log_midpoint_per_eval,3,0.363129,0.040439,0.023348,0.100457,0.262672,0.463586,0.316451,0.387567
new_muon,"new Muon, horizon optimized",sgd_momentum_muon,horizon_optimized,fc2,13,trace_log_midpoint_per_eval,3,0.498719,0.243074,0.140339,0.60383,-0.105111,1.102549,0.32965,0.777281
new_muon,"new Muon, horizon optimized",sgd_momentum_muon,horizon_optimized,fc2,14,trace_log_midpoint_per_eval,3,0.404032,0.074507,0.043016,0.185085,0.218948,0.589117,0.333716,0.48212
new_muon,"new Muon, horizon optimized",sgd_momentum_muon,horizon_optimized,fc2,15,trace_log_midpoint_per_eval,3,0.3483,0.027992,0.016161,0.069535,0.278765,0.417836,0.324238,0.379021
new_muon,"new Muon, horizon optimized",sgd_momentum_muon,horizon_optimized,fc2,16,trace_log_midpoint_per_eval,3,0.491586,0.246436,0.14228,0.612182,-0.120596,1.103768,0.342933,0.776049
new_muon,"new Muon, horizon optimized",sgd_momentum_muon,horizon_optimized,fc2,17,trace_log_midpoint_per_eval,3,0.378519,0.091077,0.052583,0.226248,0.152272,0.604767,0.30055,0.478624
new_muon,"new Muon, horizon optimized",sgd_momentum_muon,horizon_optimized,fc2,18,trace_log_midpoint_per_eval,3,0.389832,0.065067,0.037566,0.161635,0.228198,0.551467,0.348102,0.464805
new_muon,"new Muon, horizon optimized",sgd_momentum_muon,horizon_optimized,fc2,19,trace_log_midpoint_per_eval,3,0.490007,0.259668,0.149919,0.645052,-0.155045,1.135058,0.336638,0.789819
new_muon,"new Muon, horizon optimized",sgd_momentum_muon,horizon_optimized,fc2,20,trace_log_midpoint_per_eval,3,0.343972,0.056634,0.032698,0.140687,0.203285,0.484659,0.301694,0.408318
new_muon,"new Muon, horizon optimized",sgd_momentum_muon,horizon_optimized,fc2,21,trace_log_midpoint_per_eval,3,0.33929,0.059341,0.034261,0.147412,0.191878,0.486701,0.291729,0.405788
new_muon,"new Muon, horizon optimized",sgd_momentum_muon,horizon_optimized,fc2,22,trace_log_midpoint_per_eval,3,0.31185,0.077748,0.044888,0.193136,0.118713,0.504986,0.24691,0.398002
new_muon,"new Muon, horizon optimized",sgd_momentum_muon,horizon_optimized,fc2,23,trace_log_midpoint_per_eval,3,0.308291,0.095555,0.055169,0.237372,0.070919,0.545663,0.206752,0.396452
new_muon,"new Muon, horizon optimized",sgd_momentum_muon,horizon_optimized,fc2,24,trace_log_midpoint_per_eval,3,0.304317,0.095898,0.055367,0.238224,0.066093,0.542541,0.201245,0.390903
new_muon,"new Muon, horizon optimized",sgd_momentum_muon,horizon_optimized,fc2,25,trace_log_midpoint_per_eval,3,0.317972,0.036473,0.021058,0.090603,0.227369,0.408576,0.279864,0.352553
new_muon,"new Muon, horizon optimized",sgd_momentum_muon,horizon_optimized,fc2,26,trace_log_midpoint_per_eval,3,0.308037,0.036642,0.021156,0.091025,0.217012,0.399062,0.283182,0.350118
new_muon,"new Muon, horizon optimized",sgd_momentum_muon,horizon_optimized,fc2,27,trace_log_midpoint_per_eval,3,0.313901,0.049811,0.028758,0.123738,0.190163,0.437639,0.281479,0.371255
new_muon,"new Muon, horizon optimized",sgd_momentum_muon,horizon_optimized,fc2,28,trace_log_midpoint_per_eval,3,0.319924,0.043645,0.025198,0.10842,0.211505,0.428344,0.287601,0.369572
new_muon,"new Muon, horizon optimized",sgd_momentum_muon,horizon_optimized,fc2,29,trace_log_midpoint_per_eval,3,0.32068,0.046855,0.027052,0.116395,0.204284,0.437075,0.286491,0.374089
new_muon,"new Muon, horizon optimized",sgd_momentum_muon,horizon_optimized,fc2,30,trace_log_midpoint_per_eval,3,0.310106,0.044327,0.025592,0.110115,0.199992,0.420221,0.283471,0.361277
new_muon,"new Muon, horizon optimized",sgd_momentum_muon,horizon_optimized,fc3,0,trace_log_midpoint_per_eval,3,0.015517,0.002357,0.001361,0.005856,0.009662,0.021373,0.01403,0.018235
new_muon,"new Muon, horizon optimized",sgd_momentum_muon,horizon_optimized,fc3,1,trace_log_midpoint_per_eval,3,0.015831,0.002374,0.00137,0.005896,0.009934,0.021727,0.014206,0.018554
new_muon,"new Muon, horizon optimized",sgd_momentum_muon,horizon_optimized,fc3,2,trace_log_midpoint_per_eval,3,0.008862,0.015052,0.00869,0.03739,-0.028528,0.046252,-0.008405,0.019206
new_muon,"new Muon, horizon optimized",sgd_momentum_muon,horizon_optimized,fc3,3,trace_log_midpoint_per_eval,3,0.006655,0.015398,0.00889,0.03825,-0.031596,0.044905,-0.011125,0.015596
new_muon,"new Muon, horizon optimized",sgd_momentum_muon,horizon_optimized,fc3,4,trace_log_midpoint_per_eval,3,0.017281,0.002099,0.001212,0.005215,0.012066,0.022496,0.015145,0.019341
new_muon,"new Muon, horizon optimized",sgd_momentum_muon,horizon_optimized,fc3,5,trace_log_midpoint_per_eval,3,0.006996,0.017053,0.009846,0.042363,-0.035368,0.049359,-0.012579,0.018641
new_muon,"new Muon, horizon optimized",sgd_momentum_muon,horizon_optimized,fc3,6,trace_log_midpoint_per_eval,3,0.017058,0.002442,0.00141,0.006067,0.010991,0.023125,0.014395,0.019194
new_muon,"new Muon, horizon optimized",sgd_momentum_muon,horizon_optimized,fc3,7,trace_log_midpoint_per_eval,3,0.017469,0.003152,0.00182,0.007831,0.009638,0.0253,0.014204,0.020495
new_muon,"new Muon, horizon optimized",sgd_momentum_muon,horizon_optimized,fc3,8,trace_log_midpoint_per_eval,3,0.017252,0.002746,0.001586,0.006822,0.01043,0.024074,0.014842,0.020242
new_muon,"new Muon, horizon optimized",sgd_momentum_muon,horizon_optimized,fc3,9,trace_log_midpoint_per_eval,3,0.017556,0.002752,0.001589,0.006837,0.010719,0.024393,0.014882,0.020381
new_muon,"new Muon, horizon optimized",sgd_momentum_muon,horizon_optimized,fc3,10,trace_log_midpoint_per_eval,3,0.017705,0.003104,0.001792,0.007711,0.009994,0.025416,0.015054,0.02112
new_muon,"new Muon, horizon optimized",sgd_momentum_muon,horizon_optimized,fc3,11,trace_log_midpoint_per_eval,3,0.017039,0.002942,0.001699,0.007308,0.00973,0.024347,0.014785,0.020367
new_muon,"new Muon, horizon optimized",sgd_momentum_muon,horizon_optimized,fc3,12,trace_log_midpoint_per_eval,3,0.017064,0.003087,0.001782,0.007668,0.009395,0.024732,0.014967,0.020608
new_muon,"new Muon, horizon optimized",sgd_momentum_muon,horizon_optimized,fc3,13,trace_log_midpoint_per_eval,3,0.017094,0.003123,0.001803,0.007758,0.009337,0.024852,0.014549,0.020579
new_muon,"new Muon, horizon optimized",sgd_momentum_muon,horizon_optimized,fc3,14,trace_log_midpoint_per_eval,3,0.017051,0.003027,0.001748,0.00752,0.009532,0.024571,0.015124,0.02054
new_muon,"new Muon, horizon optimized",sgd_momentum_muon,horizon_optimized,fc3,15,trace_log_midpoint_per_eval,3,0.016682,0.003118,0.0018,0.007746,0.008936,0.024428,0.014858,0.020282
new_muon,"new Muon, horizon optimized",sgd_momentum_muon,horizon_optimized,fc3,16,trace_log_midpoint_per_eval,3,0.016805,0.002804,0.001619,0.006966,0.00984,0.023771,0.015057,0.02004
new_muon,"new Muon, horizon optimized",sgd_momentum_muon,horizon_optimized,fc3,17,trace_log_midpoint_per_eval,3,0.016956,0.002719,0.00157,0.006755,0.010202,0.023711,0.015334,0.020095
new_muon,"new Muon, horizon optimized",sgd_momentum_muon,horizon_optimized,fc3,18,trace_log_midpoint_per_eval,3,0.017022,0.002615,0.00151,0.006497,0.010526,0.023519,0.015368,0.020037
new_muon,"new Muon, horizon optimized",sgd_momentum_muon,horizon_optimized,fc3,19,trace_log_midpoint_per_eval,3,0.017092,0.0026,0.001501,0.006458,0.010634,0.023551,0.015559,0.020094
new_muon,"new Muon, horizon optimized",sgd_momentum_muon,horizon_optimized,fc3,20,trace_log_midpoint_per_eval,3,0.006905,0.018942,0.010936,0.047055,-0.04015,0.053959,-0.014802,0.020084
new_muon,"new Muon, horizon optimized",sgd_momentum_muon,horizon_optimized,fc3,21,trace_log_midpoint_per_eval,3,0.006896,0.019072,0.011011,0.047378,-0.040482,0.054274,-0.01494,0.020295
new_muon,"new Muon, horizon optimized",sgd_momentum_muon,horizon_optimized,fc3,22,trace_log_midpoint_per_eval,3,0.006937,0.019024,0.010983,0.047258,-0.04032,0.054195,-0.014839,0.020327
new_muon,"new Muon, horizon optimized",sgd_momentum_muon,horizon_optimized,fc3,23,trace_log_midpoint_per_eval,3,0.007039,0.018889,0.010906,0.046924,-0.039885,0.053962,-0.014577,0.020372
new_muon,"new Muon, horizon optimized",sgd_momentum_muon,horizon_optimized,fc3,24,trace_log_midpoint_per_eval,3,0.007113,0.018882,0.010901,0.046905,-0.039792,0.054018,-0.014492,0.020453
new_muon,"new Muon, horizon optimized",sgd_momentum_muon,horizon_optimized,fc3,25,trace_log_midpoint_per_eval,3,0.007157,0.018902,0.010913,0.046954,-0.039797,0.054112,-0.014467,0.020531
new_muon,"new Muon, horizon optimized",sgd_momentum_muon,horizon_optimized,fc3,26,trace_log_midpoint_per_eval,3,0.007183,0.018936,0.010933,0.04704,-0.039858,0.054223,-0.014476,0.020611
new_muon,"new Muon, horizon optimized",sgd_momentum_muon,horizon_optimized,fc3,27,trace_log_midpoint_per_eval,3,0.007208,0.018971,0.010953,0.047126,-0.039918,0.054333,-0.014485,0.020689
new_muon,"new Muon, horizon optimized",sgd_momentum_muon,horizon_optimized,fc3,28,trace_log_midpoint_per_eval,3,0.007233,0.019005,0.010972,0.04721,-0.039977,0.054444,-0.014494,0.020762
new_muon,"new Muon, horizon optimized",sgd_momentum_muon,horizon_optimized,fc3,29,trace_log_midpoint_per_eval,3,0.007251,0.019033,0.010989,0.04728,-0.040029,0.054531,-0.014506,0.020815
new_muon,"new Muon, horizon optimized",sgd_momentum_muon,horizon_optimized,fc3,30,trace_log_midpoint_per_eval,3,0.007266,0.019055,0.011001,0.047335,-0.040069,0.054601,-0.014515,0.020855
old_muon,old Muon + aux AdamW,sgd_momentum_muon,old,fc1,0,trace_log_midpoint_per_eval,3,0.51414,0.036403,0.021017,0.09043,0.42371,0.60457,0.480724,0.552933
old_muon,old Muon + aux AdamW,sgd_momentum_muon,old,fc1,1,trace_log_midpoint_per_eval,3,0.471559,0.047866,0.027636,0.118907,0.352652,0.590465,0.422115,0.517674
old_muon,old Muon + aux AdamW,sgd_momentum_muon,old,fc1,2,trace_log_midpoint_per_eval,3,0.570555,0.033742,0.019481,0.08382,0.486734,0.654375,0.551038,0.609517
old_muon,old Muon + aux AdamW,sgd_momentum_muon,old,fc1,3,trace_log_midpoint_per_eval,3,0.600632,0.045931,0.026518,0.114098,0.486534,0.714729,0.548217,0.63385
old_muon,old Muon + aux AdamW,sgd_momentum_muon,old,fc1,4,trace_log_midpoint_per_eval,3,0.690719,0.015889,0.009174,0.039471,0.651248,0.730189,0.677246,0.70824
old_muon,old Muon + aux AdamW,sgd_momentum_muon,old,fc1,5,trace_log_midpoint_per_eval,3,0.628887,0.028747,0.016597,0.071411,0.557476,0.700298,0.605398,0.660944
old_muon,old Muon + aux AdamW,sgd_momentum_muon,old,fc1,6,trace_log_midpoint_per_eval,3,0.608731,0.069514,0.040134,0.172682,0.43605,0.781413,0.557942,0.687954
old_muon,old Muon + aux AdamW,sgd_momentum_muon,old,fc1,7,trace_log_midpoint_per_eval,3,0.630228,0.050025,0.028882,0.124268,0.50596,0.754496,0.581343,0.681319
old_muon,old Muon + aux AdamW,sgd_momentum_muon,old,fc1,8,trace_log_midpoint_per_eval,3,0.647794,0.072836,0.042052,0.180935,0.466859,0.828729,0.572447,0.717828
old_muon,old Muon + aux AdamW,sgd_momentum_muon,old,fc1,9,trace_log_midpoint_per_eval,3,0.562714,0.056456,0.032595,0.140244,0.42247,0.702958,0.497772,0.600106
old_muon,old Muon + aux AdamW,sgd_momentum_muon,old,fc1,10,trace_log_midpoint_per_eval,3,0.606203,0.095421,0.055092,0.23704,0.369163,0.843243,0.496048,0.663418
old_muon,old Muon + aux AdamW,sgd_momentum_muon,old,fc1,11,trace_log_midpoint_per_eval,3,0.670192,0.041149,0.023757,0.10222,0.567972,0.772411,0.632428,0.714047
old_muon,old Muon + aux AdamW,sgd_momentum_muon,old,fc1,12,trace_log_midpoint_per_eval,3,0.670425,0.013016,0.007515,0.032333,0.638092,0.702759,0.658102,0.684038
old_muon,old Muon + aux AdamW,sgd_momentum_muon,old,fc1,13,trace_log_midpoint_per_eval,3,0.655276,0.016177,0.00934,0.040187,0.615089,0.695463,0.643682,0.673758
old_muon,old Muon + aux AdamW,sgd_momentum_muon,old,fc1,14,trace_log_midpoint_per_eval,3,0.633138,0.024606,0.014206,0.061125,0.572013,0.694264,0.605229,0.651703
old_muon,old Muon + aux AdamW,sgd_momentum_muon,old,fc1,15,trace_log_midpoint_per_eval,3,0.572188,0.113276,0.0654,0.281392,0.290796,0.85358,0.442988,0.65445
old_muon,old Muon + aux AdamW,sgd_momentum_muon,old,fc1,16,trace_log_midpoint_per_eval,3,0.576459,0.125109,0.072232,0.310787,0.265672,0.887246,0.435424,0.674069
old_muon,old Muon + aux AdamW,sgd_momentum_muon,old,fc1,17,trace_log_midpoint_per_eval,3,0.584047,0.113034,0.06526,0.280793,0.303253,0.86484,0.455669,0.668635
old_muon,old Muon + aux AdamW,sgd_momentum_muon,old,fc1,18,trace_log_midpoint_per_eval,3,0.604775,0.208547,0.120405,0.518061,0.086714,1.122836,0.38282,0.796647
old_muon,old Muon + aux AdamW,sgd_momentum_muon,old,fc1,19,trace_log_midpoint_per_eval,3,0.545714,0.12633,0.072936,0.31382,0.231894,0.859534,0.399941,0.623272
old_muon,old Muon + aux AdamW,sgd_momentum_muon,old,fc1,20,trace_log_midpoint_per_eval,3,0.54221,0.13202,0.076222,0.327956,0.214253,0.870166,0.390032,0.626096
old_muon,old Muon + aux AdamW,sgd_momentum_muon,old,fc1,21,trace_log_midpoint_per_eval,3,0.54461,0.133159,0.07688,0.330786,0.213823,0.875396,0.390864,0.623288
old_muon,old Muon + aux AdamW,sgd_momentum_muon,old,fc1,22,trace_log_midpoint_per_eval,3,0.540442,0.131655,0.076011,0.327049,0.213392,0.867491,0.388427,0.617789
old_muon,old Muon + aux AdamW,sgd_momentum_muon,old,fc1,23,trace_log_midpoint_per_eval,3,0.536573,0.121594,0.070202,0.302056,0.234517,0.838629,0.397032,0.619809
old_muon,old Muon + aux AdamW,sgd_momentum_muon,old,fc1,24,trace_log_midpoint_per_eval,3,0.554667,0.132875,0.076715,0.33008,0.224587,0.884747,0.401444,0.638193
old_muon,old Muon + aux AdamW,sgd_momentum_muon,old,fc1,25,trace_log_midpoint_per_eval,3,0.535576,0.133594,0.07713,0.331865,0.203711,0.867442,0.381848,0.623534
old_muon,old Muon + aux AdamW,sgd_momentum_muon,old,fc1,26,trace_log_midpoint_per_eval,3,0.549556,0.142667,0.082369,0.354405,0.195152,0.903961,0.385218,0.641656
old_muon,old Muon + aux AdamW,sgd_momentum_muon,old,fc1,27,trace_log_midpoint_per_eval,3,0.543415,0.139807,0.080718,0.3473,0.196115,0.890716,0.383026,0.639501
old_muon,old Muon + aux AdamW,sgd_momentum_muon,old,fc1,28,trace_log_midpoint_per_eval,3,0.526236,0.126086,0.072796,0.313215,0.213021,0.839451,0.381591,0.612912
old_muon,old Muon + aux AdamW,sgd_momentum_muon,old,fc1,29,trace_log_midpoint_per_eval,3,0.531776,0.136535,0.078829,0.339173,0.192604,0.870949,0.375004,0.62461
old_muon,old Muon + aux AdamW,sgd_momentum_muon,old,fc1,30,trace_log_midpoint_per_eval,3,0.515775,0.129117,0.074546,0.320745,0.19503,0.83652,0.380622,0.637864
old_muon,old Muon + aux AdamW,sgd_momentum_muon,old,fc2,0,trace_log_midpoint_per_eval,3,0.643345,0.028645,0.016538,0.071159,0.572186,0.714504,0.610876,0.665046
old_muon,old Muon + aux AdamW,sgd_momentum_muon,old,fc2,1,trace_log_midpoint_per_eval,3,0.622749,0.018569,0.010721,0.046128,0.576621,0.668877,0.603866,0.640987
old_muon,old Muon + aux AdamW,sgd_momentum_muon,old,fc2,2,trace_log_midpoint_per_eval,3,0.662896,0.010121,0.005843,0.025142,0.637755,0.688038,0.652057,0.6721
old_muon,old Muon + aux AdamW,sgd_momentum_muon,old,fc2,3,trace_log_midpoint_per_eval,3,0.66534,0.02285,0.013192,0.056762,0.608578,0.722103,0.641692,0.687298
old_muon,old Muon + aux AdamW,sgd_momentum_muon,old,fc2,4,trace_log_midpoint_per_eval,3,0.593809,0.070863,0.040913,0.176034,0.417775,0.769843,0.529567,0.66982
old_muon,old Muon + aux AdamW,sgd_momentum_muon,old,fc2,5,trace_log_midpoint_per_eval,3,0.61713,0.0845,0.048786,0.20991,0.407221,0.82704,0.527535,0.69539
old_muon,old Muon + aux AdamW,sgd_momentum_muon,old,fc2,6,trace_log_midpoint_per_eval,3,0.626138,0.038895,0.022456,0.09662,0.529519,0.722758,0.588794,0.666417
old_muon,old Muon + aux AdamW,sgd_momentum_muon,old,fc2,7,trace_log_midpoint_per_eval,3,0.597841,0.10503,0.060639,0.260909,0.336932,0.858751,0.502585,0.710477
old_muon,old Muon + aux AdamW,sgd_momentum_muon,old,fc2,8,trace_log_midpoint_per_eval,3,0.572282,0.007863,0.00454,0.019533,0.552748,0.591815,0.563264,0.577708
old_muon,old Muon + aux AdamW,sgd_momentum_muon,old,fc2,9,trace_log_midpoint_per_eval,3,0.595318,0.110267,0.063662,0.273918,0.321401,0.869236,0.495117,0.713452
old_muon,old Muon + aux AdamW,sgd_momentum_muon,old,fc2,10,trace_log_midpoint_per_eval,3,0.607877,0.104086,0.060094,0.258563,0.349314,0.86644,0.53376,0.726873
old_muon,old Muon + aux AdamW,sgd_momentum_muon,old,fc2,11,trace_log_midpoint_per_eval,3,0.591614,0.115871,0.066898,0.287839,0.303775,0.879454,0.49213,0.718837
old_muon,old Muon + aux AdamW,sgd_momentum_muon,old,fc2,12,trace_log_midpoint_per_eval,3,0.68801,0.103879,0.059974,0.258049,0.429961,0.94606,0.568183,0.752596
old_muon,old Muon + aux AdamW,sgd_momentum_muon,old,fc2,13,trace_log_midpoint_per_eval,3,0.490308,0.04245,0.024508,0.105451,0.384857,0.595759,0.449504,0.534232
old_muon,old Muon + aux AdamW,sgd_momentum_muon,old,fc2,14,trace_log_midpoint_per_eval,3,0.537158,0.019212,0.011092,0.047724,0.489434,0.584882,0.523454,0.559118
old_muon,old Muon + aux AdamW,sgd_momentum_muon,old,fc2,15,trace_log_midpoint_per_eval,3,0.498247,0.055019,0.031765,0.136675,0.361572,0.634922,0.449964,0.558147
old_muon,old Muon + aux AdamW,sgd_momentum_muon,old,fc2,16,trace_log_midpoint_per_eval,3,0.529082,0.033074,0.019095,0.08216,0.446921,0.611242,0.491391,0.553258
old_muon,old Muon + aux AdamW,sgd_momentum_muon,old,fc2,17,trace_log_midpoint_per_eval,3,0.470324,0.05316,0.030692,0.132056,0.338269,0.60238,0.414674,0.520582
old_muon,old Muon + aux AdamW,sgd_momentum_muon,old,fc2,18,trace_log_midpoint_per_eval,3,0.44793,0.075676,0.043692,0.18799,0.25994,0.63592,0.36137,0.501573
old_muon,old Muon + aux AdamW,sgd_momentum_muon,old,fc2,19,trace_log_midpoint_per_eval,3,0.455587,0.058063,0.033522,0.144236,0.311351,0.599822,0.388846,0.494482
old_muon,old Muon + aux AdamW,sgd_momentum_muon,old,fc2,20,trace_log_midpoint_per_eval,3,0.495438,0.021127,0.012198,0.052484,0.442954,0.547922,0.480272,0.51957
old_muon,old Muon + aux AdamW,sgd_momentum_muon,old,fc2,21,trace_log_midpoint_per_eval,3,0.455287,0.048499,0.028001,0.120477,0.33481,0.575765,0.39969,0.488899
old_muon,old Muon + aux AdamW,sgd_momentum_muon,old,fc2,22,trace_log_midpoint_per_eval,3,0.395614,0.088159,0.050899,0.218999,0.176615,0.614613,0.330688,0.495977
old_muon,old Muon + aux AdamW,sgd_momentum_muon,old,fc2,23,trace_log_midpoint_per_eval,3,0.457216,0.059616,0.034419,0.148094,0.309123,0.60531,0.399377,0.518462
old_muon,old Muon + aux AdamW,sgd_momentum_muon,old,fc2,24,trace_log_midpoint_per_eval,3,0.44894,0.048032,0.027731,0.119319,0.329622,0.568259,0.397842,0.493166
old_muon,old Muon + aux AdamW,sgd_momentum_muon,old,fc2,25,trace_log_midpoint_per_eval,3,0.447208,0.048449,0.027972,0.120355,0.326853,0.567563,0.395484,0.491532
old_muon,old Muon + aux AdamW,sgd_momentum_muon,old,fc2,26,trace_log_midpoint_per_eval,3,0.414198,0.06943,0.040086,0.172475,0.241723,0.586673,0.351496,0.488815
old_muon,old Muon + aux AdamW,sgd_momentum_muon,old,fc2,27,trace_log_midpoint_per_eval,3,0.410908,0.071282,0.041155,0.177075,0.233833,0.587983,0.352417,0.490306
old_muon,old Muon + aux AdamW,sgd_momentum_muon,old,fc2,28,trace_log_midpoint_per_eval,3,0.410925,0.07088,0.040923,0.176076,0.234849,0.587001,0.350567,0.488975
old_muon,old Muon + aux AdamW,sgd_momentum_muon,old,fc2,29,trace_log_midpoint_per_eval,3,0.41349,0.069965,0.040395,0.173804,0.239686,0.587294,0.349805,0.488383
old_muon,old Muon + aux AdamW,sgd_momentum_muon,old,fc2,30,trace_log_midpoint_per_eval,3,0.41165,0.070487,0.040696,0.175099,0.23655,0.586749,0.349658,0.48832
old_muon,old Muon + aux AdamW,sgd_momentum_muon,old,fc3,0,trace_log_midpoint_per_eval,3,0.015517,0.002357,0.001361,0.005856,0.009662,0.021373,0.01403,0.018235
old_muon,old Muon + aux AdamW,sgd_momentum_muon,old,fc3,1,trace_log_midpoint_per_eval,3,0.015586,0.002324,0.001342,0.005773,0.009812,0.021359,0.014031,0.018257
old_muon,old Muon + aux AdamW,sgd_momentum_muon,old,fc3,2,trace_log_midpoint_per_eval,3,0.015747,0.001554,0.000897,0.003861,0.011886,0.019608,0.014806,0.017541
old_muon,old Muon + aux AdamW,sgd_momentum_muon,old,fc3,3,trace_log_midpoint_per_eval,3,0.006629,0.015559,0.008983,0.038649,-0.032021,0.045278,-0.011293,0.016673
old_muon,old Muon + aux AdamW,sgd_momentum_muon,old,fc3,4,trace_log_midpoint_per_eval,3,0.015922,0.002138,0.001234,0.00531,0.010613,0.021232,0.014664,0.018391
old_muon,old Muon + aux AdamW,sgd_momentum_muon,old,fc3,5,trace_log_midpoint_per_eval,3,0.006691,0.017911,0.010341,0.044493,-0.037801,0.051184,-0.013736,0.019702
old_muon,old Muon + aux AdamW,sgd_momentum_muon,old,fc3,6,trace_log_midpoint_per_eval,3,-0.002689,0.020059,0.011581,0.049829,-0.052518,0.04714,-0.014513,0.020471
old_muon,old Muon + aux AdamW,sgd_momentum_muon,old,fc3,7,trace_log_midpoint_per_eval,3,-0.003593,0.020949,0.012095,0.052041,-0.055634,0.048448,-0.016188,0.020591
old_muon,old Muon + aux AdamW,sgd_momentum_muon,old,fc3,8,trace_log_midpoint_per_eval,3,-0.004115,0.022236,0.012838,0.055238,-0.059353,0.051123,-0.01717,0.02156
old_muon,old Muon + aux AdamW,sgd_momentum_muon,old,fc3,9,trace_log_midpoint_per_eval,3,-0.005105,0.022976,0.013265,0.057075,-0.06218,0.05197,-0.01841,0.021425
old_muon,old Muon + aux AdamW,sgd_momentum_muon,old,fc3,10,trace_log_midpoint_per_eval,3,-0.00594,0.023368,0.013491,0.058048,-0.063988,0.052108,-0.019528,0.021042
old_muon,old Muon + aux AdamW,sgd_momentum_muon,old,fc3,11,trace_log_midpoint_per_eval,3,-0.006654,0.024018,0.013867,0.059664,-0.066319,0.05301,-0.020598,0.021079
old_muon,old Muon + aux AdamW,sgd_momentum_muon,old,fc3,12,trace_log_midpoint_per_eval,3,-0.00678,0.024334,0.014049,0.060448,-0.067228,0.053669,-0.0213,0.021313
old_muon,old Muon + aux AdamW,sgd_momentum_muon,old,fc3,13,trace_log_midpoint_per_eval,3,-0.007046,0.025171,0.014533,0.062529,-0.069575,0.055483,-0.021965,0.022016
old_muon,old Muon + aux AdamW,sgd_momentum_muon,old,fc3,14,trace_log_midpoint_per_eval,3,-0.00765,0.024864,0.014355,0.061765,-0.069415,0.054115,-0.022572,0.021052
old_muon,old Muon + aux AdamW,sgd_momentum_muon,old,fc3,15,trace_log_midpoint_per_eval,3,-0.007916,0.025357,0.01464,0.062991,-0.070907,0.055075,-0.023128,0.021356
old_muon,old Muon + aux AdamW,sgd_momentum_muon,old,fc3,16,trace_log_midpoint_per_eval,3,-0.008489,0.025104,0.014494,0.062361,-0.07085,0.053871,-0.023646,0.020487
old_muon,old Muon + aux AdamW,sgd_momentum_muon,old,fc3,17,trace_log_midpoint_per_eval,3,-0.008726,0.024995,0.014431,0.06209,-0.070816,0.053364,-0.023759,0.020127
old_muon,old Muon + aux AdamW,sgd_momentum_muon,old,fc3,18,trace_log_midpoint_per_eval,3,-0.008866,0.025351,0.014636,0.062975,-0.071841,0.054108,-0.024141,0.020397
old_muon,old Muon + aux AdamW,sgd_momentum_muon,old,fc3,19,trace_log_midpoint_per_eval,3,-0.00901,0.025215,0.014558,0.062638,-0.071649,0.053628,-0.024251,0.020095
old_muon,old Muon + aux AdamW,sgd_momentum_muon,old,fc3,20,trace_log_midpoint_per_eval,3,0.003117,0.023754,0.013715,0.059009,-0.055893,0.062126,-0.024022,0.020138
old_muon,old Muon + aux AdamW,sgd_momentum_muon,old,fc3,21,trace_log_midpoint_per_eval,3,0.002747,0.023358,0.013486,0.058025,-0.055277,0.060772,-0.023947,0.019436
old_muon,old Muon + aux AdamW,sgd_momentum_muon,old,fc3,22,trace_log_midpoint_per_eval,3,0.002799,0.023428,0.013526,0.058199,-0.055401,0.060998,-0.023996,0.019422
old_muon,old Muon + aux AdamW,sgd_momentum_muon,old,fc3,23,trace_log_midpoint_per_eval,3,-0.009133,0.024513,0.014153,0.060894,-0.070027,0.051761,-0.023727,0.019167
old_muon,old Muon + aux AdamW,sgd_momentum_muon,old,fc3,24,trace_log_midpoint_per_eval,3,0.00282,0.023016,0.013288,0.057175,-0.054355,0.059995,-0.023539,0.018936
old_muon,old Muon + aux AdamW,sgd_momentum_muon,old,fc3,25,trace_log_midpoint_per_eval,3,0.00299,0.022977,0.013266,0.057078,-0.054088,0.060068,-0.02334,0.018984
old_muon,old Muon + aux AdamW,sgd_momentum_muon,old,fc3,26,trace_log_midpoint_per_eval,3,0.003078,0.022849,0.013192,0.05676,-0.053682,0.059839,-0.023117,0.018904
old_muon,old Muon + aux AdamW,sgd_momentum_muon,old,fc3,27,trace_log_midpoint_per_eval,3,0.003077,0.022696,0.013103,0.056379,-0.053303,0.059456,-0.022947,0.018765
old_muon,old Muon + aux AdamW,sgd_momentum_muon,old,fc3,28,trace_log_midpoint_per_eval,3,0.003093,0.022661,0.013083,0.056292,-0.053199,0.059385,-0.022892,0.018748
old_muon,old Muon + aux AdamW,sgd_momentum_muon,old,fc3,29,trace_log_midpoint_per_eval,3,0.003111,0.022644,0.013073,0.05625,-0.053139,0.05936,-0.022857,0.018737
old_muon,old Muon + aux AdamW,sgd_momentum_muon,old,fc3,30,trace_log_midpoint_per_eval,3,0.003111,0.02264,0.013071,0.056242,-0.05313,0.059353,-0.022856,0.01871
