run,optimizer,optimizer_label,layer,epoch,metric,n,mean,std,sem,confidence,critical_value,ci_half_width,ci_low,ci_high,minimum,maximum
Muon + auxiliary AdamW,sgd_momentum_muon,Muon + auxiliary AdamW,fc1,0,ERG_gap,3,357.666667,27.682726,15.982629,0.95,4.302653,68.767704,288.898962,426.434371,332.0,387.0
Muon + auxiliary AdamW,sgd_momentum_muon,Muon + auxiliary AdamW,fc1,1,ERG_gap,3,385.666667,7.371115,4.255715,0.95,4.302653,18.310864,367.355802,403.977531,380.0,394.0
Muon + auxiliary AdamW,sgd_momentum_muon,Muon + auxiliary AdamW,fc1,2,ERG_gap,3,363.666667,19.502137,11.259564,0.95,4.302653,48.445993,315.220674,412.11266,344.0,383.0
Muon + auxiliary AdamW,sgd_momentum_muon,Muon + auxiliary AdamW,fc1,3,ERG_gap,3,313.333333,29.022979,16.756425,0.95,4.302653,72.097078,241.236256,385.430411,280.0,333.0
Muon + auxiliary AdamW,sgd_momentum_muon,Muon + auxiliary AdamW,fc1,4,ERG_gap,3,290.0,14.106736,8.144528,0.95,4.302653,35.043075,254.956925,325.043075,277.0,305.0
Muon + auxiliary AdamW,sgd_momentum_muon,Muon + auxiliary AdamW,fc1,5,ERG_gap,3,257.0,25.70992,14.843629,0.95,4.302653,63.866982,193.133018,320.866982,237.0,286.0
Muon + auxiliary AdamW,sgd_momentum_muon,Muon + auxiliary AdamW,fc1,6,ERG_gap,3,234.666667,28.536526,16.475571,0.95,4.302653,70.888661,163.778006,305.555328,207.0,264.0
Muon + auxiliary AdamW,sgd_momentum_muon,Muon + auxiliary AdamW,fc1,7,ERG_gap,3,242.0,21.0,12.124356,0.95,4.302653,52.166892,189.833108,294.166892,218.0,257.0
Muon + auxiliary AdamW,sgd_momentum_muon,Muon + auxiliary AdamW,fc1,8,ERG_gap,3,255.0,63.174362,36.473735,0.95,4.302653,156.933815,98.066185,411.933815,186.0,310.0
Muon + auxiliary AdamW,sgd_momentum_muon,Muon + auxiliary AdamW,fc1,9,ERG_gap,3,210.666667,40.698075,23.497045,0.95,4.302653,101.099624,109.567043,311.76629,175.0,255.0
Muon + auxiliary AdamW,sgd_momentum_muon,Muon + auxiliary AdamW,fc1,10,ERG_gap,3,216.333333,17.009801,9.820613,0.95,4.302653,42.254688,174.078645,258.588022,199.0,233.0
Muon + auxiliary AdamW,sgd_momentum_muon,Muon + auxiliary AdamW,fc1,11,ERG_gap,3,201.0,28.354894,16.370706,0.95,4.302653,70.437461,130.562539,271.437461,169.0,223.0
Muon + auxiliary AdamW,sgd_momentum_muon,Muon + auxiliary AdamW,fc1,12,ERG_gap,3,180.0,6.557439,3.785939,0.95,4.302653,16.28958,163.71042,196.28958,173.0,186.0
Muon + auxiliary AdamW,sgd_momentum_muon,Muon + auxiliary AdamW,fc1,13,ERG_gap,3,183.333333,13.051181,7.535103,0.95,4.302653,32.420932,150.912402,215.754265,171.0,197.0
Muon + auxiliary AdamW,sgd_momentum_muon,Muon + auxiliary AdamW,fc1,14,ERG_gap,3,175.333333,1.527525,0.881917,0.95,4.302653,3.794583,171.53875,179.127916,174.0,177.0
Muon + auxiliary AdamW,sgd_momentum_muon,Muon + auxiliary AdamW,fc1,15,ERG_gap,3,154.0,37.589892,21.702534,0.95,4.302653,93.378469,60.621531,247.378469,118.0,193.0
Muon + auxiliary AdamW,sgd_momentum_muon,Muon + auxiliary AdamW,fc1,16,ERG_gap,3,163.0,7.0,4.041452,0.95,4.302653,17.388964,145.611036,180.388964,158.0,171.0
Muon + auxiliary AdamW,sgd_momentum_muon,Muon + auxiliary AdamW,fc1,17,ERG_gap,3,120.666667,32.316147,18.657736,0.95,4.302653,80.277759,40.388908,200.944425,84.0,145.0
Muon + auxiliary AdamW,sgd_momentum_muon,Muon + auxiliary AdamW,fc1,18,ERG_gap,3,152.333333,39.106692,22.578259,0.95,4.302653,97.146408,55.186926,249.479741,109.0,185.0
Muon + auxiliary AdamW,sgd_momentum_muon,Muon + auxiliary AdamW,fc1,19,ERG_gap,3,152.0,40.112342,23.158872,0.95,4.302653,99.644582,52.355418,251.644582,107.0,184.0
Muon + auxiliary AdamW,sgd_momentum_muon,Muon + auxiliary AdamW,fc1,20,ERG_gap,3,143.0,31.953091,18.448125,0.95,4.302653,79.375877,63.624123,222.375877,107.0,168.0
Muon + auxiliary AdamW,sgd_momentum_muon,Muon + auxiliary AdamW,fc1,21,ERG_gap,3,158.0,5.0,2.886751,0.95,4.302653,12.420689,145.579311,170.420689,153.0,163.0
Muon + auxiliary AdamW,sgd_momentum_muon,Muon + auxiliary AdamW,fc1,22,ERG_gap,3,140.666667,33.261589,19.203588,0.95,4.302653,82.626369,58.040298,223.293035,103.0,166.0
Muon + auxiliary AdamW,sgd_momentum_muon,Muon + auxiliary AdamW,fc1,23,ERG_gap,3,101.0,26.851443,15.502688,0.95,4.302653,66.702683,34.297317,167.702683,77.0,130.0
Muon + auxiliary AdamW,sgd_momentum_muon,Muon + auxiliary AdamW,fc1,24,ERG_gap,3,106.333333,37.806525,21.827607,0.95,4.302653,93.916615,12.416719,200.249948,77.0,149.0
Muon + auxiliary AdamW,sgd_momentum_muon,Muon + auxiliary AdamW,fc1,25,ERG_gap,3,128.666667,30.088758,17.371752,0.95,4.302653,74.744617,53.922049,203.411284,100.0,160.0
Muon + auxiliary AdamW,sgd_momentum_muon,Muon + auxiliary AdamW,fc1,26,ERG_gap,3,127.666667,29.091809,16.796164,0.95,4.302653,72.268059,55.398608,199.934726,100.0,158.0
Muon + auxiliary AdamW,sgd_momentum_muon,Muon + auxiliary AdamW,fc1,27,ERG_gap,3,127.0,29.614186,17.097758,0.95,4.302653,73.565716,53.434284,200.565716,99.0,158.0
Muon + auxiliary AdamW,sgd_momentum_muon,Muon + auxiliary AdamW,fc1,28,ERG_gap,3,126.333333,29.569128,17.071744,0.95,4.302653,73.453786,52.879547,199.787119,98.0,157.0
Muon + auxiliary AdamW,sgd_momentum_muon,Muon + auxiliary AdamW,fc1,29,ERG_gap,3,101.0,20.663978,11.930353,0.95,4.302653,51.332168,49.667832,152.332168,82.0,123.0
Muon + auxiliary AdamW,sgd_momentum_muon,Muon + auxiliary AdamW,fc1,30,ERG_gap,3,98.0,24.515301,14.153916,0.95,4.302653,60.899385,37.100615,158.899385,74.0,123.0
Muon + auxiliary AdamW,sgd_momentum_muon,Muon + auxiliary AdamW,fc2,0,ERG_gap,3,343.0,18.520259,10.692677,0.95,4.302653,46.006874,296.993126,389.006874,322.0,357.0
Muon + auxiliary AdamW,sgd_momentum_muon,Muon + auxiliary AdamW,fc2,1,ERG_gap,3,340.0,8.717798,5.033223,0.95,4.302653,21.65621,318.34379,361.65621,334.0,350.0
Muon + auxiliary AdamW,sgd_momentum_muon,Muon + auxiliary AdamW,fc2,2,ERG_gap,3,328.0,25.238859,14.571662,0.95,4.302653,62.696801,265.303199,390.696801,299.0,345.0
Muon + auxiliary AdamW,sgd_momentum_muon,Muon + auxiliary AdamW,fc2,3,ERG_gap,3,312.666667,12.66228,7.310571,0.95,4.302653,31.454847,281.21182,344.121514,303.0,327.0
Muon + auxiliary AdamW,sgd_momentum_muon,Muon + auxiliary AdamW,fc2,4,ERG_gap,3,321.333333,13.503086,7.79601,0.95,4.302653,33.543525,287.789808,354.876859,308.0,335.0
Muon + auxiliary AdamW,sgd_momentum_muon,Muon + auxiliary AdamW,fc2,5,ERG_gap,3,287.666667,54.307765,31.354603,0.95,4.302653,134.907967,152.7587,422.574634,225.0,321.0
Muon + auxiliary AdamW,sgd_momentum_muon,Muon + auxiliary AdamW,fc2,6,ERG_gap,3,257.666667,53.257237,30.74808,0.95,4.302653,132.298312,125.368355,389.964978,214.0,317.0
Muon + auxiliary AdamW,sgd_momentum_muon,Muon + auxiliary AdamW,fc2,7,ERG_gap,3,189.333333,29.022979,16.756425,0.95,4.302653,72.097078,117.236256,261.430411,161.0,219.0
Muon + auxiliary AdamW,sgd_momentum_muon,Muon + auxiliary AdamW,fc2,8,ERG_gap,3,189.333333,25.10644,14.49521,0.95,4.302653,62.367855,126.965479,251.701188,168.0,217.0
Muon + auxiliary AdamW,sgd_momentum_muon,Muon + auxiliary AdamW,fc2,9,ERG_gap,3,262.666667,95.038589,54.870555,0.95,4.302653,236.088942,26.577725,498.755609,153.0,321.0
Muon + auxiliary AdamW,sgd_momentum_muon,Muon + auxiliary AdamW,fc2,10,ERG_gap,3,210.666667,89.366287,51.59565,0.95,4.302653,221.998165,-11.331498,432.664831,148.0,313.0
Muon + auxiliary AdamW,sgd_momentum_muon,Muon + auxiliary AdamW,fc2,11,ERG_gap,3,169.333333,0.57735,0.333333,0.95,4.302653,1.434218,167.899116,170.767551,169.0,170.0
Muon + auxiliary AdamW,sgd_momentum_muon,Muon + auxiliary AdamW,fc2,12,ERG_gap,3,147.666667,16.165808,9.333333,0.95,4.302653,40.158092,107.508575,187.824759,129.0,157.0
Muon + auxiliary AdamW,sgd_momentum_muon,Muon + auxiliary AdamW,fc2,13,ERG_gap,3,198.666667,93.601994,54.041137,0.95,4.302653,232.520244,-33.853577,431.186911,134.0,306.0
Muon + auxiliary AdamW,sgd_momentum_muon,Muon + auxiliary AdamW,fc2,14,ERG_gap,3,161.0,28.618176,16.522712,0.95,4.302653,71.09149,89.90851,232.09149,134.0,191.0
Muon + auxiliary AdamW,sgd_momentum_muon,Muon + auxiliary AdamW,fc2,15,ERG_gap,3,137.666667,11.590226,6.69162,0.95,4.302653,28.791717,108.87495,166.458384,127.0,150.0
Muon + auxiliary AdamW,sgd_momentum_muon,Muon + auxiliary AdamW,fc2,16,ERG_gap,3,187.666667,89.511638,51.679568,0.95,4.302653,222.359236,-34.692569,410.025902,134.0,291.0
Muon + auxiliary AdamW,sgd_momentum_muon,Muon + auxiliary AdamW,fc2,17,ERG_gap,3,145.333333,34.588052,19.969421,0.95,4.302653,85.921484,59.411849,231.254817,115.0,183.0
Muon + auxiliary AdamW,sgd_momentum_muon,Muon + auxiliary AdamW,fc2,18,ERG_gap,3,149.0,23.430749,13.527749,0.95,4.302653,58.205207,90.794793,207.205207,134.0,176.0
Muon + auxiliary AdamW,sgd_momentum_muon,Muon + auxiliary AdamW,fc2,19,ERG_gap,3,182.0,89.202018,51.500809,0.95,4.302653,221.590097,-39.590097,403.590097,130.0,285.0
Muon + auxiliary AdamW,sgd_momentum_muon,Muon + auxiliary AdamW,fc2,20,ERG_gap,3,131.0,19.467922,11.23981,0.95,4.302653,48.361,82.639,179.361,116.0,153.0
Muon + auxiliary AdamW,sgd_momentum_muon,Muon + auxiliary AdamW,fc2,21,ERG_gap,3,126.666667,21.548395,12.440972,0.95,4.302653,53.529181,73.137486,180.195848,110.0,151.0
Muon + auxiliary AdamW,sgd_momentum_muon,Muon + auxiliary AdamW,fc2,22,ERG_gap,3,116.0,29.137605,16.822604,0.95,4.302653,72.381822,43.618178,188.381822,91.0,148.0
Muon + auxiliary AdamW,sgd_momentum_muon,Muon + auxiliary AdamW,fc2,23,ERG_gap,3,114.333333,34.847286,20.11909,0.95,4.302653,86.565457,27.767876,200.89879,77.0,146.0
Muon + auxiliary AdamW,sgd_momentum_muon,Muon + auxiliary AdamW,fc2,24,ERG_gap,3,112.333333,33.501244,19.341952,0.95,4.302653,83.221703,29.11163,195.555036,76.0,142.0
Muon + auxiliary AdamW,sgd_momentum_muon,Muon + auxiliary AdamW,fc2,25,ERG_gap,3,117.0,12.124356,7.0,0.95,4.302653,30.118569,86.881431,147.118569,104.0,128.0
Muon + auxiliary AdamW,sgd_momentum_muon,Muon + auxiliary AdamW,fc2,26,ERG_gap,3,113.333333,12.858201,7.423686,0.95,4.302653,31.941542,81.391791,145.274875,104.0,128.0
Muon + auxiliary AdamW,sgd_momentum_muon,Muon + auxiliary AdamW,fc2,27,ERG_gap,3,115.333333,16.289056,9.404491,0.95,4.302653,40.464257,74.869076,155.797591,104.0,134.0
Muon + auxiliary AdamW,sgd_momentum_muon,Muon + auxiliary AdamW,fc2,28,ERG_gap,3,116.666667,15.143756,8.743251,0.95,4.302653,37.619174,79.047492,154.285841,106.0,134.0
Muon + auxiliary AdamW,sgd_momentum_muon,Muon + auxiliary AdamW,fc2,29,ERG_gap,3,116.333333,14.571662,8.412953,0.95,4.302653,36.198015,80.135318,152.531348,106.0,133.0
Muon + auxiliary AdamW,sgd_momentum_muon,Muon + auxiliary AdamW,fc2,30,ERG_gap,3,112.666667,14.224392,8.212457,0.95,4.302653,35.335349,77.331318,148.002016,103.0,129.0
Muon + auxiliary AdamW,sgd_momentum_muon,Muon + auxiliary AdamW,fc3,0,ERG_gap,3,2.0,0.0,0.0,0.95,4.302653,0.0,2.0,2.0,2.0,2.0
Muon + auxiliary AdamW,sgd_momentum_muon,Muon + auxiliary AdamW,fc3,1,ERG_gap,3,1.666667,0.57735,0.333333,0.95,4.302653,1.434218,0.232449,3.100884,1.0,2.0
Muon + auxiliary AdamW,sgd_momentum_muon,Muon + auxiliary AdamW,fc3,2,ERG_gap,3,1.0,1.0,0.57735,0.95,4.302653,2.484138,-1.484138,3.484138,0.0,2.0
Muon + auxiliary AdamW,sgd_momentum_muon,Muon + auxiliary AdamW,fc3,3,ERG_gap,3,0.666667,0.57735,0.333333,0.95,4.302653,1.434218,-0.767551,2.100884,0.0,1.0
Muon + auxiliary AdamW,sgd_momentum_muon,Muon + auxiliary AdamW,fc3,4,ERG_gap,3,1.333333,0.57735,0.333333,0.95,4.302653,1.434218,-0.100884,2.767551,1.0,2.0
Muon + auxiliary AdamW,sgd_momentum_muon,Muon + auxiliary AdamW,fc3,5,ERG_gap,3,0.666667,0.57735,0.333333,0.95,4.302653,1.434218,-0.767551,2.100884,0.0,1.0
Muon + auxiliary AdamW,sgd_momentum_muon,Muon + auxiliary AdamW,fc3,6,ERG_gap,3,1.333333,0.57735,0.333333,0.95,4.302653,1.434218,-0.100884,2.767551,1.0,2.0
Muon + auxiliary AdamW,sgd_momentum_muon,Muon + auxiliary AdamW,fc3,7,ERG_gap,3,1.333333,0.57735,0.333333,0.95,4.302653,1.434218,-0.100884,2.767551,1.0,2.0
Muon + auxiliary AdamW,sgd_momentum_muon,Muon + auxiliary AdamW,fc3,8,ERG_gap,3,1.333333,0.57735,0.333333,0.95,4.302653,1.434218,-0.100884,2.767551,1.0,2.0
Muon + auxiliary AdamW,sgd_momentum_muon,Muon + auxiliary AdamW,fc3,9,ERG_gap,3,1.333333,0.57735,0.333333,0.95,4.302653,1.434218,-0.100884,2.767551,1.0,2.0
Muon + auxiliary AdamW,sgd_momentum_muon,Muon + auxiliary AdamW,fc3,10,ERG_gap,3,1.333333,0.57735,0.333333,0.95,4.302653,1.434218,-0.100884,2.767551,1.0,2.0
Muon + auxiliary AdamW,sgd_momentum_muon,Muon + auxiliary AdamW,fc3,11,ERG_gap,3,1.333333,0.57735,0.333333,0.95,4.302653,1.434218,-0.100884,2.767551,1.0,2.0
Muon + auxiliary AdamW,sgd_momentum_muon,Muon + auxiliary AdamW,fc3,12,ERG_gap,3,1.666667,0.57735,0.333333,0.95,4.302653,1.434218,0.232449,3.100884,1.0,2.0
Muon + auxiliary AdamW,sgd_momentum_muon,Muon + auxiliary AdamW,fc3,13,ERG_gap,3,1.666667,0.57735,0.333333,0.95,4.302653,1.434218,0.232449,3.100884,1.0,2.0
Muon + auxiliary AdamW,sgd_momentum_muon,Muon + auxiliary AdamW,fc3,14,ERG_gap,3,1.666667,0.57735,0.333333,0.95,4.302653,1.434218,0.232449,3.100884,1.0,2.0
Muon + auxiliary AdamW,sgd_momentum_muon,Muon + auxiliary AdamW,fc3,15,ERG_gap,3,1.666667,0.57735,0.333333,0.95,4.302653,1.434218,0.232449,3.100884,1.0,2.0
Muon + auxiliary AdamW,sgd_momentum_muon,Muon + auxiliary AdamW,fc3,16,ERG_gap,3,1.666667,0.57735,0.333333,0.95,4.302653,1.434218,0.232449,3.100884,1.0,2.0
Muon + auxiliary AdamW,sgd_momentum_muon,Muon + auxiliary AdamW,fc3,17,ERG_gap,3,1.666667,0.57735,0.333333,0.95,4.302653,1.434218,0.232449,3.100884,1.0,2.0
Muon + auxiliary AdamW,sgd_momentum_muon,Muon + auxiliary AdamW,fc3,18,ERG_gap,3,1.666667,0.57735,0.333333,0.95,4.302653,1.434218,0.232449,3.100884,1.0,2.0
Muon + auxiliary AdamW,sgd_momentum_muon,Muon + auxiliary AdamW,fc3,19,ERG_gap,3,1.666667,0.57735,0.333333,0.95,4.302653,1.434218,0.232449,3.100884,1.0,2.0
Muon + auxiliary AdamW,sgd_momentum_muon,Muon + auxiliary AdamW,fc3,20,ERG_gap,3,1.333333,1.154701,0.666667,0.95,4.302653,2.868435,-1.535102,4.201768,0.0,2.0
Muon + auxiliary AdamW,sgd_momentum_muon,Muon + auxiliary AdamW,fc3,21,ERG_gap,3,1.333333,1.154701,0.666667,0.95,4.302653,2.868435,-1.535102,4.201768,0.0,2.0
Muon + auxiliary AdamW,sgd_momentum_muon,Muon + auxiliary AdamW,fc3,22,ERG_gap,3,1.0,1.0,0.57735,0.95,4.302653,2.484138,-1.484138,3.484138,0.0,2.0
Muon + auxiliary AdamW,sgd_momentum_muon,Muon + auxiliary AdamW,fc3,23,ERG_gap,3,1.0,1.0,0.57735,0.95,4.302653,2.484138,-1.484138,3.484138,0.0,2.0
Muon + auxiliary AdamW,sgd_momentum_muon,Muon + auxiliary AdamW,fc3,24,ERG_gap,3,1.0,1.0,0.57735,0.95,4.302653,2.484138,-1.484138,3.484138,0.0,2.0
Muon + auxiliary AdamW,sgd_momentum_muon,Muon + auxiliary AdamW,fc3,25,ERG_gap,3,1.0,1.0,0.57735,0.95,4.302653,2.484138,-1.484138,3.484138,0.0,2.0
Muon + auxiliary AdamW,sgd_momentum_muon,Muon + auxiliary AdamW,fc3,26,ERG_gap,3,1.0,1.0,0.57735,0.95,4.302653,2.484138,-1.484138,3.484138,0.0,2.0
Muon + auxiliary AdamW,sgd_momentum_muon,Muon + auxiliary AdamW,fc3,27,ERG_gap,3,1.0,1.0,0.57735,0.95,4.302653,2.484138,-1.484138,3.484138,0.0,2.0
Muon + auxiliary AdamW,sgd_momentum_muon,Muon + auxiliary AdamW,fc3,28,ERG_gap,3,1.333333,1.154701,0.666667,0.95,4.302653,2.868435,-1.535102,4.201768,0.0,2.0
Muon + auxiliary AdamW,sgd_momentum_muon,Muon + auxiliary AdamW,fc3,29,ERG_gap,3,1.333333,1.154701,0.666667,0.95,4.302653,2.868435,-1.535102,4.201768,0.0,2.0
Muon + auxiliary AdamW,sgd_momentum_muon,Muon + auxiliary AdamW,fc3,30,ERG_gap,3,1.333333,1.154701,0.666667,0.95,4.302653,2.868435,-1.535102,4.201768,0.0,2.0
Muon + auxiliary AdamW,sgd_momentum_muon,Muon + auxiliary AdamW,fc1,0,alpha,3,11.646882,7.859929,4.537932,0.95,4.302653,19.525145,-7.878264,31.172027,6.148255,20.649379
Muon + auxiliary AdamW,sgd_momentum_muon,Muon + auxiliary AdamW,fc1,1,alpha,3,20.590218,9.628028,5.558745,0.95,4.302653,23.917348,-3.32713,44.507566,14.550655,31.69342
Muon + auxiliary AdamW,sgd_momentum_muon,Muon + auxiliary AdamW,fc1,2,alpha,3,10.597709,5.089914,2.938663,0.95,4.302653,12.644048,-2.046339,23.241757,6.701402,16.356548
Muon + auxiliary AdamW,sgd_momentum_muon,Muon + auxiliary AdamW,fc1,3,alpha,3,4.750373,0.964763,0.557006,0.95,4.302653,2.396604,2.35377,7.146977,3.64795,5.440379
Muon + auxiliary AdamW,sgd_momentum_muon,Muon + auxiliary AdamW,fc1,4,alpha,3,3.881948,0.344268,0.198763,0.95,4.302653,0.855209,3.026738,4.737157,3.596204,4.264159
Muon + auxiliary AdamW,sgd_momentum_muon,Muon + auxiliary AdamW,fc1,5,alpha,3,3.23303,0.415428,0.239847,0.95,4.302653,1.031979,2.201051,4.265009,2.912313,3.702315
Muon + auxiliary AdamW,sgd_momentum_muon,Muon + auxiliary AdamW,fc1,6,alpha,3,2.904713,0.362177,0.209103,0.95,4.302653,0.899697,2.005016,3.80441,2.59517,3.30302
Muon + auxiliary AdamW,sgd_momentum_muon,Muon + auxiliary AdamW,fc1,7,alpha,3,2.953173,0.28647,0.165394,0.95,4.302653,0.711631,2.241542,3.664805,2.628438,3.170086
Muon + auxiliary AdamW,sgd_momentum_muon,Muon + auxiliary AdamW,fc1,8,alpha,3,4.321429,2.524005,1.457235,0.95,4.302653,6.269976,-1.948547,10.591404,2.368211,7.171352
Muon + auxiliary AdamW,sgd_momentum_muon,Muon + auxiliary AdamW,fc1,9,alpha,3,2.637423,0.45647,0.263543,0.95,4.302653,1.133934,1.503489,3.771358,2.278719,3.151235
Muon + auxiliary AdamW,sgd_momentum_muon,Muon + auxiliary AdamW,fc1,10,alpha,3,2.635804,0.184398,0.106462,0.95,4.302653,0.45807,2.177734,3.093874,2.45293,2.821689
Muon + auxiliary AdamW,sgd_momentum_muon,Muon + auxiliary AdamW,fc1,11,alpha,3,2.482916,0.237055,0.136864,0.95,4.302653,0.588878,1.894038,3.071793,2.220763,2.682198
Muon + auxiliary AdamW,sgd_momentum_muon,Muon + auxiliary AdamW,fc1,12,alpha,3,2.283008,0.04465,0.025779,0.95,4.302653,0.110917,2.172091,2.393925,2.234026,2.321434
Muon + auxiliary AdamW,sgd_momentum_muon,Muon + auxiliary AdamW,fc1,13,alpha,3,2.304407,0.09108,0.052585,0.95,4.302653,0.226256,2.07815,2.530663,2.224055,2.403348
Muon + auxiliary AdamW,sgd_momentum_muon,Muon + auxiliary AdamW,fc1,14,alpha,3,2.233006,0.008999,0.005196,0.95,4.302653,0.022356,2.21065,2.255362,2.223764,2.241742
Muon + auxiliary AdamW,sgd_momentum_muon,Muon + auxiliary AdamW,fc1,15,alpha,3,2.134468,0.211976,0.122384,0.95,4.302653,0.526578,1.60789,2.661046,1.942825,2.362155
Muon + auxiliary AdamW,sgd_momentum_muon,Muon + auxiliary AdamW,fc1,16,alpha,3,2.152601,0.041143,0.023754,0.95,4.302653,0.102205,2.050396,2.254806,2.120461,2.19897
Muon + auxiliary AdamW,sgd_momentum_muon,Muon + auxiliary AdamW,fc1,17,alpha,3,1.966254,0.117305,0.067726,0.95,4.302653,0.291403,1.674852,2.257657,1.834554,2.059524
Muon + auxiliary AdamW,sgd_momentum_muon,Muon + auxiliary AdamW,fc1,18,alpha,3,2.103541,0.186989,0.107958,0.95,4.302653,0.464507,1.639034,2.568048,1.904405,2.275384
Muon + auxiliary AdamW,sgd_momentum_muon,Muon + auxiliary AdamW,fc1,19,alpha,3,2.100339,0.183984,0.106223,0.95,4.302653,0.457041,1.643298,2.55738,1.899996,2.261724
Muon + auxiliary AdamW,sgd_momentum_muon,Muon + auxiliary AdamW,fc1,20,alpha,3,2.045209,0.13442,0.077608,0.95,4.302653,0.333919,1.711291,2.379128,1.894305,2.152121
Muon + auxiliary AdamW,sgd_momentum_muon,Muon + auxiliary AdamW,fc1,21,alpha,3,2.102348,0.023269,0.013435,0.95,4.302653,0.057805,2.044544,2.160153,2.079534,2.126048
Muon + auxiliary AdamW,sgd_momentum_muon,Muon + auxiliary AdamW,fc1,22,alpha,3,2.029829,0.134885,0.077876,0.95,4.302653,0.335072,1.694757,2.364901,1.878731,2.138104
Muon + auxiliary AdamW,sgd_momentum_muon,Muon + auxiliary AdamW,fc1,23,alpha,3,1.870458,0.088076,0.050851,0.95,4.302653,0.218793,1.651665,2.08925,1.798408,1.968644
Muon + auxiliary AdamW,sgd_momentum_muon,Muon + auxiliary AdamW,fc1,24,alpha,3,1.892921,0.136434,0.07877,0.95,4.302653,0.338921,1.554,2.231843,1.793009,2.048364
Muon + auxiliary AdamW,sgd_momentum_muon,Muon + auxiliary AdamW,fc1,25,alpha,3,1.967397,0.117121,0.06762,0.95,4.302653,0.290944,1.676453,2.25834,1.860522,2.092601
Muon + auxiliary AdamW,sgd_momentum_muon,Muon + auxiliary AdamW,fc1,26,alpha,3,1.963279,0.114011,0.065825,0.95,4.302653,0.28322,1.680059,2.246499,1.859941,2.085585
Muon + auxiliary AdamW,sgd_momentum_muon,Muon + auxiliary AdamW,fc1,27,alpha,3,1.960709,0.113331,0.065432,0.95,4.302653,0.281529,1.67918,2.242239,1.858579,2.082633
Muon + auxiliary AdamW,sgd_momentum_muon,Muon + auxiliary AdamW,fc1,28,alpha,3,1.957682,0.112038,0.064685,0.95,4.302653,0.278318,1.679364,2.236,1.855821,2.077683
Muon + auxiliary AdamW,sgd_momentum_muon,Muon + auxiliary AdamW,fc1,29,alpha,3,1.865049,0.066626,0.038467,0.95,4.302653,0.165509,1.69954,2.030559,1.80523,1.936856
Muon + auxiliary AdamW,sgd_momentum_muon,Muon + auxiliary AdamW,fc1,30,alpha,3,1.855261,0.076931,0.044416,0.95,4.302653,0.191108,1.664153,2.046369,1.781053,1.934653
Muon + auxiliary AdamW,sgd_momentum_muon,Muon + auxiliary AdamW,fc2,0,alpha,3,11.078705,4.342865,2.507354,0.95,4.302653,10.788274,0.290431,21.86698,6.52113,15.169082
Muon + auxiliary AdamW,sgd_momentum_muon,Muon + auxiliary AdamW,fc2,1,alpha,3,9.14054,1.549617,0.894672,0.95,4.302653,3.849462,5.291078,12.990003,8.241429,10.929877
Muon + auxiliary AdamW,sgd_momentum_muon,Muon + auxiliary AdamW,fc2,2,alpha,3,7.665326,2.458927,1.419662,0.95,4.302653,6.108314,1.557012,13.77364,4.903877,9.617997
Muon + auxiliary AdamW,sgd_momentum_muon,Muon + auxiliary AdamW,fc2,3,alpha,3,5.751366,1.10566,0.638353,0.95,4.302653,2.746612,3.004754,8.497978,5.038125,7.02502
Muon + auxiliary AdamW,sgd_momentum_muon,Muon + auxiliary AdamW,fc2,4,alpha,3,7.095221,2.411507,1.392284,0.95,4.302653,5.990516,1.104705,13.085737,5.046,9.752586
Muon + auxiliary AdamW,sgd_momentum_muon,Muon + auxiliary AdamW,fc2,5,alpha,3,5.240195,2.146272,1.239151,0.95,4.302653,5.331636,-0.091441,10.571832,2.78942,6.784581
Muon + auxiliary AdamW,sgd_momentum_muon,Muon + auxiliary AdamW,fc2,6,alpha,3,4.189087,2.372434,1.369725,0.95,4.302653,5.893453,-1.704366,10.082539,2.666828,6.922648
Muon + auxiliary AdamW,sgd_momentum_muon,Muon + auxiliary AdamW,fc2,7,alpha,3,2.44501,0.206117,0.119002,0.95,4.302653,0.512023,1.932987,2.957034,2.247749,2.658968
Muon + auxiliary AdamW,sgd_momentum_muon,Muon + auxiliary AdamW,fc2,8,alpha,3,2.413757,0.175987,0.101606,0.95,4.302653,0.437177,1.976581,2.850934,2.270598,2.610239
Muon + auxiliary AdamW,sgd_momentum_muon,Muon + auxiliary AdamW,fc2,9,alpha,3,8.76839,6.516211,3.762136,0.95,4.302653,16.187166,-7.418775,24.955556,2.158251,15.186425
Muon + auxiliary AdamW,sgd_momentum_muon,Muon + auxiliary AdamW,fc2,10,alpha,3,4.469808,3.959504,2.286021,0.95,4.302653,9.835954,-5.366146,14.305762,2.123111,9.041308
Muon + auxiliary AdamW,sgd_momentum_muon,Muon + auxiliary AdamW,fc2,11,alpha,3,2.228553,0.012764,0.007369,0.95,4.302653,0.031708,2.196845,2.26026,2.215669,2.241194
Muon + auxiliary AdamW,sgd_momentum_muon,Muon + auxiliary AdamW,fc2,12,alpha,3,2.111766,0.066451,0.038365,0.95,4.302653,0.165072,1.946694,2.276839,2.035152,2.153736
Muon + auxiliary AdamW,sgd_momentum_muon,Muon + auxiliary AdamW,fc2,13,alpha,3,5.218811,5.414123,3.125845,0.95,4.302653,13.449426,-8.230615,18.668237,2.040942,11.470211
Muon + auxiliary AdamW,sgd_momentum_muon,Muon + auxiliary AdamW,fc2,14,alpha,3,2.167546,0.139645,0.080624,0.95,4.302653,0.346897,1.820649,2.514443,2.040958,2.31734
Muon + auxiliary AdamW,sgd_momentum_muon,Muon + auxiliary AdamW,fc2,15,alpha,3,2.043149,0.044724,0.025821,0.95,4.302653,0.1111,1.932049,2.154249,2.002848,2.091265
Muon + auxiliary AdamW,sgd_momentum_muon,Muon + auxiliary AdamW,fc2,16,alpha,3,3.902952,3.236995,1.86888,0.95,4.302653,8.041141,-4.138189,11.944093,2.027461,7.640704
Muon + auxiliary AdamW,sgd_momentum_muon,Muon + auxiliary AdamW,fc2,17,alpha,3,2.080794,0.154047,0.088939,0.95,4.302653,0.382674,1.69812,2.463468,1.954238,2.252322
Muon + auxiliary AdamW,sgd_momentum_muon,Muon + auxiliary AdamW,fc2,18,alpha,3,2.082275,0.104155,0.060134,0.95,4.302653,0.258734,1.823541,2.341009,2.01762,2.202426
Muon + auxiliary AdamW,sgd_momentum_muon,Muon + auxiliary AdamW,fc2,19,alpha,3,3.715349,2.979247,1.720069,0.95,4.302653,7.40086,-3.68551,11.116209,1.990791,7.155484
Muon + auxiliary AdamW,sgd_momentum_muon,Muon + auxiliary AdamW,fc2,20,alpha,3,1.991713,0.069099,0.039895,0.95,4.302653,0.171652,1.820061,2.163365,1.944442,2.071015
Muon + auxiliary AdamW,sgd_momentum_muon,Muon + auxiliary AdamW,fc2,21,alpha,3,1.982636,0.069687,0.040234,0.95,4.302653,0.173112,1.809524,2.155748,1.92533,2.06021
Muon + auxiliary AdamW,sgd_momentum_muon,Muon + auxiliary AdamW,fc2,22,alpha,3,1.938911,0.090606,0.052311,0.95,4.302653,0.225077,1.713833,2.163988,1.861387,2.038516
Muon + auxiliary AdamW,sgd_momentum_muon,Muon + auxiliary AdamW,fc2,23,alpha,3,1.930199,0.107278,0.061937,0.95,4.302653,0.266493,1.663707,2.196692,1.818182,2.032007
Muon + auxiliary AdamW,sgd_momentum_muon,Muon + auxiliary AdamW,fc2,24,alpha,3,1.92006,0.098859,0.057076,0.95,4.302653,0.245578,1.674482,2.165638,1.814231,2.01003
Muon + auxiliary AdamW,sgd_momentum_muon,Muon + auxiliary AdamW,fc2,25,alpha,3,1.928247,0.032699,0.018879,0.95,4.302653,0.081229,1.847018,2.009476,1.895073,1.960449
Muon + auxiliary AdamW,sgd_momentum_muon,Muon + auxiliary AdamW,fc2,26,alpha,3,1.918223,0.033626,0.019414,0.95,4.302653,0.083532,1.834691,2.001755,1.896011,1.95691
Muon + auxiliary AdamW,sgd_momentum_muon,Muon + auxiliary AdamW,fc2,27,alpha,3,1.920293,0.040961,0.023649,0.95,4.302653,0.101753,1.81854,2.022046,1.893511,1.967445
Muon + auxiliary AdamW,sgd_momentum_muon,Muon + auxiliary AdamW,fc2,28,alpha,3,1.926741,0.037608,0.021713,0.95,4.302653,0.093423,1.833318,2.020165,1.897182,1.969072
Muon + auxiliary AdamW,sgd_momentum_muon,Muon + auxiliary AdamW,fc2,29,alpha,3,1.925992,0.038594,0.022282,0.95,4.302653,0.095873,1.830119,2.021866,1.896326,1.969625
Muon + auxiliary AdamW,sgd_momentum_muon,Muon + auxiliary AdamW,fc2,30,alpha,3,1.912743,0.036464,0.021053,0.95,4.302653,0.090583,1.82216,2.003325,1.888591,1.954688
Muon + auxiliary AdamW,sgd_momentum_muon,Muon + auxiliary AdamW,fc3,0,alpha,3,7.368381,0.581824,0.335916,0.95,4.302653,1.44533,5.923051,8.813712,6.700321,7.763975
Muon + auxiliary AdamW,sgd_momentum_muon,Muon + auxiliary AdamW,fc3,1,alpha,3,6.993247,0.434309,0.250748,0.95,4.302653,1.078883,5.914364,8.072129,6.659664,7.484331
Muon + auxiliary AdamW,sgd_momentum_muon,Muon + auxiliary AdamW,fc3,2,alpha,3,6.395655,0.832216,0.48048,0.95,4.302653,2.06734,4.328315,8.462995,5.453219,7.029491
Muon + auxiliary AdamW,sgd_momentum_muon,Muon + auxiliary AdamW,fc3,3,alpha,3,5.580579,1.237867,0.714683,0.95,4.302653,3.075033,2.505546,8.655612,4.251928,6.701337
Muon + auxiliary AdamW,sgd_momentum_muon,Muon + auxiliary AdamW,fc3,4,alpha,3,6.219032,0.244046,0.1409,0.95,4.302653,0.606244,5.612788,6.825276,5.942171,6.402954
Muon + auxiliary AdamW,sgd_momentum_muon,Muon + auxiliary AdamW,fc3,5,alpha,3,5.39573,1.026649,0.592736,0.95,4.302653,2.550336,2.845394,7.946067,4.210905,6.022049
Muon + auxiliary AdamW,sgd_momentum_muon,Muon + auxiliary AdamW,fc3,6,alpha,3,5.990123,0.139003,0.080253,0.95,4.302653,0.345302,5.644821,6.335426,5.838784,6.112097
Muon + auxiliary AdamW,sgd_momentum_muon,Muon + auxiliary AdamW,fc3,7,alpha,3,5.957045,0.205788,0.118812,0.95,4.302653,0.511206,5.445839,6.468251,5.725321,6.118478
Muon + auxiliary AdamW,sgd_momentum_muon,Muon + auxiliary AdamW,fc3,8,alpha,3,5.679645,0.251579,0.145249,0.95,4.302653,0.624958,5.054687,6.304603,5.422797,5.925603
Muon + auxiliary AdamW,sgd_momentum_muon,Muon + auxiliary AdamW,fc3,9,alpha,3,5.540381,0.182448,0.105336,0.95,4.302653,0.453225,5.087156,5.993606,5.429782,5.750965
Muon + auxiliary AdamW,sgd_momentum_muon,Muon + auxiliary AdamW,fc3,10,alpha,3,5.520129,0.198571,0.114645,0.95,4.302653,0.493278,5.026851,6.013407,5.315975,5.712601
Muon + auxiliary AdamW,sgd_momentum_muon,Muon + auxiliary AdamW,fc3,11,alpha,3,5.395707,0.093631,0.054058,0.95,4.302653,0.232592,5.163115,5.628299,5.337391,5.503707
Muon + auxiliary AdamW,sgd_momentum_muon,Muon + auxiliary AdamW,fc3,12,alpha,3,5.650314,0.414794,0.239481,0.95,4.302653,1.030405,4.619909,6.680719,5.392179,6.128779
Muon + auxiliary AdamW,sgd_momentum_muon,Muon + auxiliary AdamW,fc3,13,alpha,3,5.702911,0.571885,0.330178,0.95,4.302653,1.420641,4.282269,7.123552,5.359003,6.363074
Muon + auxiliary AdamW,sgd_momentum_muon,Muon + auxiliary AdamW,fc3,14,alpha,3,5.684033,0.614851,0.354984,0.95,4.302653,1.527374,4.156659,7.211407,5.231263,6.384012
Muon + auxiliary AdamW,sgd_momentum_muon,Muon + auxiliary AdamW,fc3,15,alpha,3,5.575455,0.512047,0.295631,0.95,4.302653,1.271996,4.30346,6.847451,5.150692,6.144031
Muon + auxiliary AdamW,sgd_momentum_muon,Muon + auxiliary AdamW,fc3,16,alpha,3,5.56718,0.453686,0.261936,0.95,4.302653,1.127019,4.440161,6.694199,5.239423,6.084983
Muon + auxiliary AdamW,sgd_momentum_muon,Muon + auxiliary AdamW,fc3,17,alpha,3,5.56112,0.337317,0.19475,0.95,4.302653,0.837942,4.723178,6.399062,5.324846,5.947424
Muon + auxiliary AdamW,sgd_momentum_muon,Muon + auxiliary AdamW,fc3,18,alpha,3,5.523602,0.40989,0.23665,0.95,4.302653,1.018224,4.505377,6.541826,5.28639,5.996902
Muon + auxiliary AdamW,sgd_momentum_muon,Muon + auxiliary AdamW,fc3,19,alpha,3,5.497407,0.397887,0.22972,0.95,4.302653,0.988406,4.509001,6.485812,5.237439,5.955455
Muon + auxiliary AdamW,sgd_momentum_muon,Muon + auxiliary AdamW,fc3,20,alpha,3,5.201697,0.867279,0.500724,0.95,4.302653,2.15444,3.047257,7.356137,4.275875,5.995233
Muon + auxiliary AdamW,sgd_momentum_muon,Muon + auxiliary AdamW,fc3,21,alpha,3,5.211595,0.825806,0.476779,0.95,4.302653,2.051416,3.160179,7.263012,4.302553,5.915492
Muon + auxiliary AdamW,sgd_momentum_muon,Muon + auxiliary AdamW,fc3,22,alpha,3,4.989176,0.623266,0.359843,0.95,4.302653,1.54828,3.440896,6.537456,4.271798,5.39774
Muon + auxiliary AdamW,sgd_momentum_muon,Muon + auxiliary AdamW,fc3,23,alpha,3,5.003268,0.619561,0.357704,0.95,4.302653,1.539076,3.464193,6.542344,4.289031,5.395809
Muon + auxiliary AdamW,sgd_momentum_muon,Muon + auxiliary AdamW,fc3,24,alpha,3,5.017023,0.627359,0.362206,0.95,4.302653,1.558445,3.458577,6.575468,4.293635,5.41206
Muon + auxiliary AdamW,sgd_momentum_muon,Muon + auxiliary AdamW,fc3,25,alpha,3,5.028862,0.64094,0.370047,0.95,4.302653,1.592183,3.436679,6.621045,4.290283,5.439129
Muon + auxiliary AdamW,sgd_momentum_muon,Muon + auxiliary AdamW,fc3,26,alpha,3,5.032047,0.647,0.373546,0.95,4.302653,1.607237,3.42481,6.639284,4.286511,5.446532
Muon + auxiliary AdamW,sgd_momentum_muon,Muon + auxiliary AdamW,fc3,27,alpha,3,5.032242,0.651094,0.375909,0.95,4.302653,1.617408,3.414834,6.649649,4.281869,5.447797
Muon + auxiliary AdamW,sgd_momentum_muon,Muon + auxiliary AdamW,fc3,28,alpha,3,5.226743,0.859677,0.496334,0.95,4.302653,2.135555,3.091188,7.362298,4.277917,5.953824
Muon + auxiliary AdamW,sgd_momentum_muon,Muon + auxiliary AdamW,fc3,29,alpha,3,5.23842,0.877986,0.506905,0.95,4.302653,2.181037,3.057383,7.419458,4.274673,5.992787
Muon + auxiliary AdamW,sgd_momentum_muon,Muon + auxiliary AdamW,fc3,30,alpha,3,5.247207,0.892302,0.515171,0.95,4.302653,2.2166,3.030607,7.463807,4.272028,6.022844
Muon + auxiliary AdamW,sgd_momentum_muon,Muon + auxiliary AdamW,fc1,0,m_midpoint,3,224.0,14.106736,8.144528,0.95,4.302653,35.043075,188.956925,259.043075,209.0,237.0
Muon + auxiliary AdamW,sgd_momentum_muon,Muon + auxiliary AdamW,fc1,1,m_midpoint,3,210.0,3.605551,2.081666,0.95,4.302653,8.956686,201.043314,218.956686,206.0,213.0
Muon + auxiliary AdamW,sgd_momentum_muon,Muon + auxiliary AdamW,fc1,2,m_midpoint,3,215.0,10.0,5.773503,0.95,4.302653,24.841377,190.158623,239.841377,205.0,225.0
Muon + auxiliary AdamW,sgd_momentum_muon,Muon + auxiliary AdamW,fc1,3,m_midpoint,3,224.666667,14.224392,8.212457,0.95,4.302653,35.335349,189.331318,260.002016,215.0,241.0
Muon + auxiliary AdamW,sgd_momentum_muon,Muon + auxiliary AdamW,fc1,4,m_midpoint,3,222.333333,7.023769,4.055175,0.95,4.302653,17.44801,204.885323,239.781343,215.0,229.0
Muon + auxiliary AdamW,sgd_momentum_muon,Muon + auxiliary AdamW,fc1,5,m_midpoint,3,227.333333,12.66228,7.310571,0.95,4.302653,31.454847,195.878486,258.78818,213.0,237.0
Muon + auxiliary AdamW,sgd_momentum_muon,Muon + auxiliary AdamW,fc1,6,m_midpoint,3,229.0,14.0,8.082904,0.95,4.302653,34.777928,194.222072,263.777928,215.0,243.0
Muon + auxiliary AdamW,sgd_momentum_muon,Muon + auxiliary AdamW,fc1,7,m_midpoint,3,217.333333,10.214369,5.897269,0.95,4.302653,25.373899,191.959434,242.707232,210.0,229.0
Muon + auxiliary AdamW,sgd_momentum_muon,Muon + auxiliary AdamW,fc1,8,m_midpoint,3,204.0,32.07803,18.520259,0.95,4.302653,79.686244,124.313756,283.686244,176.0,239.0
Muon + auxiliary AdamW,sgd_momentum_muon,Muon + auxiliary AdamW,fc1,9,m_midpoint,3,219.666667,19.857828,11.464922,0.95,4.302653,49.329579,170.337087,268.996246,198.0,237.0
Muon + auxiliary AdamW,sgd_momentum_muon,Muon + auxiliary AdamW,fc1,10,m_midpoint,3,211.0,8.0,4.618802,0.95,4.302653,19.873102,191.126898,230.873102,203.0,219.0
Muon + auxiliary AdamW,sgd_momentum_muon,Muon + auxiliary AdamW,fc1,11,m_midpoint,3,214.333333,13.796135,7.965202,0.95,4.302653,34.271499,180.061835,248.604832,204.0,230.0
Muon + auxiliary AdamW,sgd_momentum_muon,Muon + auxiliary AdamW,fc1,12,m_midpoint,3,220.0,2.645751,1.527525,0.95,4.302653,6.572411,213.427589,226.572411,218.0,223.0
Muon + auxiliary AdamW,sgd_momentum_muon,Muon + auxiliary AdamW,fc1,13,m_midpoint,3,214.666667,6.506407,3.756476,0.95,4.302653,16.162811,198.503855,230.829478,208.0,221.0
Muon + auxiliary AdamW,sgd_momentum_muon,Muon + auxiliary AdamW,fc1,14,m_midpoint,3,215.333333,1.527525,0.881917,0.95,4.302653,3.794583,211.53875,219.127916,214.0,217.0
Muon + auxiliary AdamW,sgd_momentum_muon,Muon + auxiliary AdamW,fc1,15,m_midpoint,3,223.0,18.520259,10.692677,0.95,4.302653,46.006874,176.993126,269.006874,204.0,241.0
Muon + auxiliary AdamW,sgd_momentum_muon,Muon + auxiliary AdamW,fc1,16,m_midpoint,3,216.0,3.605551,2.081666,0.95,4.302653,8.956686,207.043314,224.956686,212.0,219.0
Muon + auxiliary AdamW,sgd_momentum_muon,Muon + auxiliary AdamW,fc1,17,m_midpoint,3,234.666667,17.009801,9.820613,0.95,4.302653,42.254688,192.411978,276.921355,222.0,254.0
Muon + auxiliary AdamW,sgd_momentum_muon,Muon + auxiliary AdamW,fc1,18,m_midpoint,3,217.333333,19.857828,11.464922,0.95,4.302653,49.329579,168.003754,266.662913,200.0,239.0
Muon + auxiliary AdamW,sgd_momentum_muon,Muon + auxiliary AdamW,fc1,19,m_midpoint,3,216.0,19.697716,11.372481,0.95,4.302653,48.931838,167.068162,264.931838,200.0,238.0
Muon + auxiliary AdamW,sgd_momentum_muon,Muon + auxiliary AdamW,fc1,20,m_midpoint,3,219.0,14.933185,8.621678,0.95,4.302653,37.096087,181.903913,256.096087,208.0,236.0
Muon + auxiliary AdamW,sgd_momentum_muon,Muon + auxiliary AdamW,fc1,21,m_midpoint,3,210.0,2.0,1.154701,0.95,4.302653,4.968275,205.031725,214.968275,208.0,212.0
Muon + auxiliary AdamW,sgd_momentum_muon,Muon + auxiliary AdamW,fc1,22,m_midpoint,3,217.0,15.716234,9.073772,0.95,4.302653,39.041289,177.958711,256.041289,206.0,235.0
Muon + auxiliary AdamW,sgd_momentum_muon,Muon + auxiliary AdamW,fc1,23,m_midpoint,3,236.0,14.106736,8.144528,0.95,4.302653,35.043075,200.956925,271.043075,221.0,249.0
Muon + auxiliary AdamW,sgd_momentum_muon,Muon + auxiliary AdamW,fc1,24,m_midpoint,3,232.0,19.697716,11.372481,0.95,4.302653,48.931838,183.068162,280.931838,210.0,248.0
Muon + auxiliary AdamW,sgd_momentum_muon,Muon + auxiliary AdamW,fc1,25,m_midpoint,3,220.333333,14.0119,8.089774,0.95,4.302653,34.807488,185.525845,255.140822,206.0,234.0
Muon + auxiliary AdamW,sgd_momentum_muon,Muon + auxiliary AdamW,fc1,26,m_midpoint,3,220.0,14.0,8.082904,0.95,4.302653,34.777928,185.222072,254.777928,206.0,234.0
Muon + auxiliary AdamW,sgd_momentum_muon,Muon + auxiliary AdamW,fc1,27,m_midpoint,3,219.666667,13.503086,7.79601,0.95,4.302653,33.543525,186.123141,253.210192,206.0,233.0
Muon + auxiliary AdamW,sgd_momentum_muon,Muon + auxiliary AdamW,fc1,28,m_midpoint,3,219.333333,14.0119,8.089774,0.95,4.302653,34.807488,184.525845,254.140822,205.0,233.0
Muon + auxiliary AdamW,sgd_momentum_muon,Muon + auxiliary AdamW,fc1,29,m_midpoint,3,231.666667,12.055428,6.960204,0.95,4.302653,29.947342,201.719324,261.614009,219.0,243.0
Muon + auxiliary AdamW,sgd_momentum_muon,Muon + auxiliary AdamW,fc1,30,m_midpoint,3,232.333333,13.503086,7.79601,0.95,4.302653,33.543525,198.789808,265.876859,219.0,246.0
Muon + auxiliary AdamW,sgd_momentum_muon,Muon + auxiliary AdamW,fc2,0,m_midpoint,3,203.0,8.888194,5.131601,0.95,4.302653,22.079499,180.920501,225.079499,196.0,213.0
Muon + auxiliary AdamW,sgd_momentum_muon,Muon + auxiliary AdamW,fc2,1,m_midpoint,3,204.333333,4.725816,2.728451,0.95,4.302653,11.739577,192.593757,216.07291,199.0,208.0
Muon + auxiliary AdamW,sgd_momentum_muon,Muon + auxiliary AdamW,fc2,2,m_midpoint,3,205.0,13.076697,7.549834,0.95,4.302653,32.484316,172.515684,237.484316,196.0,220.0
Muon + auxiliary AdamW,sgd_momentum_muon,Muon + auxiliary AdamW,fc2,3,m_midpoint,3,204.0,6.082763,3.511885,0.95,4.302653,15.11042,188.88958,219.11042,197.0,208.0
Muon + auxiliary AdamW,sgd_momentum_muon,Muon + auxiliary AdamW,fc2,4,m_midpoint,3,192.666667,7.505553,4.333333,0.95,4.302653,18.644828,174.021838,211.311495,185.0,200.0
Muon + auxiliary AdamW,sgd_momentum_muon,Muon + auxiliary AdamW,fc2,5,m_midpoint,3,203.0,26.851443,15.502688,0.95,4.302653,66.702683,136.297317,269.702683,187.0,234.0
Muon + auxiliary AdamW,sgd_momentum_muon,Muon + auxiliary AdamW,fc2,6,m_midpoint,3,213.0,26.907248,15.534907,0.95,4.302653,66.84131,146.15869,279.84131,183.0,235.0
Muon + auxiliary AdamW,sgd_momentum_muon,Muon + auxiliary AdamW,fc2,7,m_midpoint,3,243.0,14.525839,8.386497,0.95,4.302653,36.084185,206.915815,279.084185,228.0,257.0
Muon + auxiliary AdamW,sgd_momentum_muon,Muon + auxiliary AdamW,fc2,8,m_midpoint,3,238.333333,12.220202,7.055337,0.95,4.302653,30.356664,207.976669,268.689998,225.0,249.0
Muon + auxiliary AdamW,sgd_momentum_muon,Muon + auxiliary AdamW,fc2,9,m_midpoint,3,197.666667,47.96179,27.690753,0.95,4.302653,119.143692,78.522975,316.810359,168.0,253.0
Muon + auxiliary AdamW,sgd_momentum_muon,Muon + auxiliary AdamW,fc2,10,m_midpoint,3,220.333333,44.859038,25.899378,0.95,4.302653,111.436029,108.897304,331.769363,169.0,252.0
Muon + auxiliary AdamW,sgd_momentum_muon,Muon + auxiliary AdamW,fc2,11,m_midpoint,3,237.333333,0.57735,0.333333,0.95,4.302653,1.434218,235.899116,238.767551,237.0,238.0
Muon + auxiliary AdamW,sgd_momentum_muon,Muon + auxiliary AdamW,fc2,12,m_midpoint,3,245.0,7.81025,4.50925,0.95,4.302653,19.401736,225.598264,264.401736,240.0,254.0
Muon + auxiliary AdamW,sgd_momentum_muon,Muon + auxiliary AdamW,fc2,13,m_midpoint,3,216.666667,46.800997,27.020568,0.95,4.302653,116.260122,100.406545,332.926789,163.0,249.0
Muon + auxiliary AdamW,sgd_momentum_muon,Muon + auxiliary AdamW,fc2,14,m_midpoint,3,232.666667,15.044379,8.685876,0.95,4.302653,37.372309,195.294358,270.038975,217.0,247.0
Muon + auxiliary AdamW,sgd_momentum_muon,Muon + auxiliary AdamW,fc2,15,m_midpoint,3,241.333333,5.033223,2.905933,0.95,4.302653,12.503219,228.830114,253.836552,236.0,246.0
Muon + auxiliary AdamW,sgd_momentum_muon,Muon + auxiliary AdamW,fc2,16,m_midpoint,3,213.333333,45.346812,26.180994,0.95,4.302653,112.647725,100.685608,325.981058,161.0,241.0
Muon + auxiliary AdamW,sgd_momentum_muon,Muon + auxiliary AdamW,fc2,17,m_midpoint,3,232.333333,17.47379,10.088497,0.95,4.302653,43.4073,188.926033,275.740634,213.0,247.0
Muon + auxiliary AdamW,sgd_momentum_muon,Muon + auxiliary AdamW,fc2,18,m_midpoint,3,228.666667,12.74101,7.356025,0.95,4.302653,31.650423,197.016243,260.31709,214.0,237.0
Muon + auxiliary AdamW,sgd_momentum_muon,Muon + auxiliary AdamW,fc2,19,m_midpoint,3,210.333333,46.198846,26.672916,0.95,4.302653,114.764295,95.569039,325.097628,157.0,238.0
Muon + auxiliary AdamW,sgd_momentum_muon,Muon + auxiliary AdamW,fc2,20,m_midpoint,3,234.666667,11.150486,6.437736,0.95,4.302653,27.699342,206.967324,262.366009,222.0,243.0
Muon + auxiliary AdamW,sgd_momentum_muon,Muon + auxiliary AdamW,fc2,21,m_midpoint,3,234.0,11.532563,6.658328,0.95,4.302653,28.648474,205.351526,262.648474,221.0,243.0
Muon + auxiliary AdamW,sgd_momentum_muon,Muon + auxiliary AdamW,fc2,22,m_midpoint,3,237.666667,14.977761,8.647415,0.95,4.302653,37.206822,200.459845,274.873488,221.0,250.0
Muon + auxiliary AdamW,sgd_momentum_muon,Muon + auxiliary AdamW,fc2,23,m_midpoint,3,237.0,18.083141,10.440307,0.95,4.302653,44.921013,192.078987,281.921013,220.0,256.0
Muon + auxiliary AdamW,sgd_momentum_muon,Muon + auxiliary AdamW,fc2,24,m_midpoint,3,236.666667,18.147543,10.477489,0.95,4.302653,45.080997,191.58567,281.747664,220.0,256.0
Muon + auxiliary AdamW,sgd_momentum_muon,Muon + auxiliary AdamW,fc2,25,m_midpoint,3,233.333333,7.505553,4.333333,0.95,4.302653,18.644828,214.688505,251.978162,226.0,241.0
Muon + auxiliary AdamW,sgd_momentum_muon,Muon + auxiliary AdamW,fc2,26,m_midpoint,3,234.666667,7.571878,4.371626,0.95,4.302653,18.809587,215.857079,253.476254,226.0,240.0
Muon + auxiliary AdamW,sgd_momentum_muon,Muon + auxiliary AdamW,fc2,27,m_midpoint,3,233.333333,9.865766,5.696002,0.95,4.302653,24.507921,208.825413,257.841254,222.0,240.0
Muon + auxiliary AdamW,sgd_momentum_muon,Muon + auxiliary AdamW,fc2,28,m_midpoint,3,232.0,8.717798,5.033223,0.95,4.302653,21.65621,210.34379,253.65621,222.0,238.0
Muon + auxiliary AdamW,sgd_momentum_muon,Muon + auxiliary AdamW,fc2,29,m_midpoint,3,231.666667,9.291573,5.364492,0.95,4.302653,23.081547,208.585119,254.748214,221.0,238.0
Muon + auxiliary AdamW,sgd_momentum_muon,Muon + auxiliary AdamW,fc2,30,m_midpoint,3,233.333333,8.962886,5.174725,0.95,4.302653,22.265044,211.068289,255.598378,223.0,239.0
Muon + auxiliary AdamW,sgd_momentum_muon,Muon + auxiliary AdamW,fc3,0,m_midpoint,3,9.0,0.0,0.0,0.95,4.302653,0.0,9.0,9.0,9.0,9.0
Muon + auxiliary AdamW,sgd_momentum_muon,Muon + auxiliary AdamW,fc3,1,m_midpoint,3,9.0,0.0,0.0,0.95,4.302653,0.0,9.0,9.0,9.0,9.0
Muon + auxiliary AdamW,sgd_momentum_muon,Muon + auxiliary AdamW,fc3,2,m_midpoint,3,9.333333,0.57735,0.333333,0.95,4.302653,1.434218,7.899116,10.767551,9.0,10.0
Muon + auxiliary AdamW,sgd_momentum_muon,Muon + auxiliary AdamW,fc3,3,m_midpoint,3,9.333333,0.57735,0.333333,0.95,4.302653,1.434218,7.899116,10.767551,9.0,10.0
Muon + auxiliary AdamW,sgd_momentum_muon,Muon + auxiliary AdamW,fc3,4,m_midpoint,3,9.0,0.0,0.0,0.95,4.302653,0.0,9.0,9.0,9.0,9.0
Muon + auxiliary AdamW,sgd_momentum_muon,Muon + auxiliary AdamW,fc3,5,m_midpoint,3,9.333333,0.57735,0.333333,0.95,4.302653,1.434218,7.899116,10.767551,9.0,10.0
Muon + auxiliary AdamW,sgd_momentum_muon,Muon + auxiliary AdamW,fc3,6,m_midpoint,3,9.0,0.0,0.0,0.95,4.302653,0.0,9.0,9.0,9.0,9.0
Muon + auxiliary AdamW,sgd_momentum_muon,Muon + auxiliary AdamW,fc3,7,m_midpoint,3,9.0,0.0,0.0,0.95,4.302653,0.0,9.0,9.0,9.0,9.0
Muon + auxiliary AdamW,sgd_momentum_muon,Muon + auxiliary AdamW,fc3,8,m_midpoint,3,9.0,0.0,0.0,0.95,4.302653,0.0,9.0,9.0,9.0,9.0
Muon + auxiliary AdamW,sgd_momentum_muon,Muon + auxiliary AdamW,fc3,9,m_midpoint,3,9.0,0.0,0.0,0.95,4.302653,0.0,9.0,9.0,9.0,9.0
Muon + auxiliary AdamW,sgd_momentum_muon,Muon + auxiliary AdamW,fc3,10,m_midpoint,3,9.0,0.0,0.0,0.95,4.302653,0.0,9.0,9.0,9.0,9.0
Muon + auxiliary AdamW,sgd_momentum_muon,Muon + auxiliary AdamW,fc3,11,m_midpoint,3,9.0,0.0,0.0,0.95,4.302653,0.0,9.0,9.0,9.0,9.0
Muon + auxiliary AdamW,sgd_momentum_muon,Muon + auxiliary AdamW,fc3,12,m_midpoint,3,9.0,0.0,0.0,0.95,4.302653,0.0,9.0,9.0,9.0,9.0
Muon + auxiliary AdamW,sgd_momentum_muon,Muon + auxiliary AdamW,fc3,13,m_midpoint,3,9.0,0.0,0.0,0.95,4.302653,0.0,9.0,9.0,9.0,9.0
Muon + auxiliary AdamW,sgd_momentum_muon,Muon + auxiliary AdamW,fc3,14,m_midpoint,3,9.0,0.0,0.0,0.95,4.302653,0.0,9.0,9.0,9.0,9.0
Muon + auxiliary AdamW,sgd_momentum_muon,Muon + auxiliary AdamW,fc3,15,m_midpoint,3,9.0,0.0,0.0,0.95,4.302653,0.0,9.0,9.0,9.0,9.0
Muon + auxiliary AdamW,sgd_momentum_muon,Muon + auxiliary AdamW,fc3,16,m_midpoint,3,9.0,0.0,0.0,0.95,4.302653,0.0,9.0,9.0,9.0,9.0
Muon + auxiliary AdamW,sgd_momentum_muon,Muon + auxiliary AdamW,fc3,17,m_midpoint,3,9.0,0.0,0.0,0.95,4.302653,0.0,9.0,9.0,9.0,9.0
Muon + auxiliary AdamW,sgd_momentum_muon,Muon + auxiliary AdamW,fc3,18,m_midpoint,3,9.0,0.0,0.0,0.95,4.302653,0.0,9.0,9.0,9.0,9.0
Muon + auxiliary AdamW,sgd_momentum_muon,Muon + auxiliary AdamW,fc3,19,m_midpoint,3,9.0,0.0,0.0,0.95,4.302653,0.0,9.0,9.0,9.0,9.0
Muon + auxiliary AdamW,sgd_momentum_muon,Muon + auxiliary AdamW,fc3,20,m_midpoint,3,9.333333,0.57735,0.333333,0.95,4.302653,1.434218,7.899116,10.767551,9.0,10.0
Muon + auxiliary AdamW,sgd_momentum_muon,Muon + auxiliary AdamW,fc3,21,m_midpoint,3,9.333333,0.57735,0.333333,0.95,4.302653,1.434218,7.899116,10.767551,9.0,10.0
Muon + auxiliary AdamW,sgd_momentum_muon,Muon + auxiliary AdamW,fc3,22,m_midpoint,3,9.333333,0.57735,0.333333,0.95,4.302653,1.434218,7.899116,10.767551,9.0,10.0
Muon + auxiliary AdamW,sgd_momentum_muon,Muon + auxiliary AdamW,fc3,23,m_midpoint,3,9.333333,0.57735,0.333333,0.95,4.302653,1.434218,7.899116,10.767551,9.0,10.0
Muon + auxiliary AdamW,sgd_momentum_muon,Muon + auxiliary AdamW,fc3,24,m_midpoint,3,9.333333,0.57735,0.333333,0.95,4.302653,1.434218,7.899116,10.767551,9.0,10.0
Muon + auxiliary AdamW,sgd_momentum_muon,Muon + auxiliary AdamW,fc3,25,m_midpoint,3,9.333333,0.57735,0.333333,0.95,4.302653,1.434218,7.899116,10.767551,9.0,10.0
Muon + auxiliary AdamW,sgd_momentum_muon,Muon + auxiliary AdamW,fc3,26,m_midpoint,3,9.333333,0.57735,0.333333,0.95,4.302653,1.434218,7.899116,10.767551,9.0,10.0
Muon + auxiliary AdamW,sgd_momentum_muon,Muon + auxiliary AdamW,fc3,27,m_midpoint,3,9.333333,0.57735,0.333333,0.95,4.302653,1.434218,7.899116,10.767551,9.0,10.0
Muon + auxiliary AdamW,sgd_momentum_muon,Muon + auxiliary AdamW,fc3,28,m_midpoint,3,9.333333,0.57735,0.333333,0.95,4.302653,1.434218,7.899116,10.767551,9.0,10.0
Muon + auxiliary AdamW,sgd_momentum_muon,Muon + auxiliary AdamW,fc3,29,m_midpoint,3,9.333333,0.57735,0.333333,0.95,4.302653,1.434218,7.899116,10.767551,9.0,10.0
Muon + auxiliary AdamW,sgd_momentum_muon,Muon + auxiliary AdamW,fc3,30,m_midpoint,3,9.333333,0.57735,0.333333,0.95,4.302653,1.434218,7.899116,10.767551,9.0,10.0
Muon + auxiliary AdamW,sgd_momentum_muon,Muon + auxiliary AdamW,fc1,0,normalized_lambda_max,3,3.20139,0.055544,0.032068,0.95,4.302653,0.137978,3.063412,3.339369,3.140338,3.248933
Muon + auxiliary AdamW,sgd_momentum_muon,Muon + auxiliary AdamW,fc1,1,normalized_lambda_max,3,3.222003,0.045322,0.026167,0.95,4.302653,0.112586,3.109417,3.334589,3.169847,3.251805
Muon + auxiliary AdamW,sgd_momentum_muon,Muon + auxiliary AdamW,fc1,2,normalized_lambda_max,3,3.60979,0.069279,0.039999,0.95,4.302653,0.1721,3.43769,3.78189,3.557985,3.688483
Muon + auxiliary AdamW,sgd_momentum_muon,Muon + auxiliary AdamW,fc1,3,normalized_lambda_max,3,4.415136,0.056492,0.032616,0.95,4.302653,0.140334,4.274802,4.55547,4.35126,4.458529
Muon + auxiliary AdamW,sgd_momentum_muon,Muon + auxiliary AdamW,fc1,4,normalized_lambda_max,3,5.038268,0.055743,0.032183,0.95,4.302653,0.138472,4.899796,5.17674,5.006048,5.102634
Muon + auxiliary AdamW,sgd_momentum_muon,Muon + auxiliary AdamW,fc1,5,normalized_lambda_max,3,5.569938,0.092617,0.053473,0.95,4.302653,0.230074,5.339864,5.800012,5.505523,5.676078
Muon + auxiliary AdamW,sgd_momentum_muon,Muon + auxiliary AdamW,fc1,6,normalized_lambda_max,3,5.95211,0.077958,0.045009,0.95,4.302653,0.193658,5.758452,6.145768,5.905315,6.042104
Muon + auxiliary AdamW,sgd_momentum_muon,Muon + auxiliary AdamW,fc1,7,normalized_lambda_max,3,6.40799,0.154932,0.08945,0.95,4.302653,0.384872,6.023118,6.792862,6.267728,6.574292
Muon + auxiliary AdamW,sgd_momentum_muon,Muon + auxiliary AdamW,fc1,8,normalized_lambda_max,3,6.915292,0.418404,0.241565,0.95,4.302653,1.039372,5.875919,7.954664,6.6641,7.398293
Muon + auxiliary AdamW,sgd_momentum_muon,Muon + auxiliary AdamW,fc1,9,normalized_lambda_max,3,7.231038,0.289341,0.167051,0.95,4.302653,0.718764,6.512274,7.949802,7.056757,7.565035
Muon + auxiliary AdamW,sgd_momentum_muon,Muon + auxiliary AdamW,fc1,10,normalized_lambda_max,3,7.470897,0.347943,0.200885,0.95,4.302653,0.864337,6.60656,8.335235,7.120962,7.816813
Muon + auxiliary AdamW,sgd_momentum_muon,Muon + auxiliary AdamW,fc1,11,normalized_lambda_max,3,7.584654,0.15401,0.088918,0.95,4.302653,0.382581,7.202073,7.967235,7.40735,7.685204
Muon + auxiliary AdamW,sgd_momentum_muon,Muon + auxiliary AdamW,fc1,12,normalized_lambda_max,3,7.947714,0.019327,0.011158,0.95,4.302653,0.04801,7.899704,7.995725,7.927771,7.966359
Muon + auxiliary AdamW,sgd_momentum_muon,Muon + auxiliary AdamW,fc1,13,normalized_lambda_max,3,8.12191,0.058212,0.033609,0.95,4.302653,0.144606,7.977304,8.266517,8.061774,8.177985
Muon + auxiliary AdamW,sgd_momentum_muon,Muon + auxiliary AdamW,fc1,14,normalized_lambda_max,3,8.365171,0.090463,0.052229,0.95,4.302653,0.224723,8.140449,8.589894,8.294151,8.467019
Muon + auxiliary AdamW,sgd_momentum_muon,Muon + auxiliary AdamW,fc1,15,normalized_lambda_max,3,8.681432,0.242573,0.14005,0.95,4.302653,0.602585,8.078847,9.284017,8.472912,8.947652
Muon + auxiliary AdamW,sgd_momentum_muon,Muon + auxiliary AdamW,fc1,16,normalized_lambda_max,3,8.80954,0.045442,0.026236,0.95,4.302653,0.112883,8.696657,8.922424,8.760287,8.849836
Muon + auxiliary AdamW,sgd_momentum_muon,Muon + auxiliary AdamW,fc1,17,normalized_lambda_max,3,9.011166,0.134292,0.077533,0.95,4.302653,0.333599,8.677566,9.344765,8.884123,9.15169
Muon + auxiliary AdamW,sgd_momentum_muon,Muon + auxiliary AdamW,fc1,18,normalized_lambda_max,3,9.117662,0.2012,0.116163,0.95,4.302653,0.499809,8.617854,9.617471,8.903324,9.302458
Muon + auxiliary AdamW,sgd_momentum_muon,Muon + auxiliary AdamW,fc1,19,normalized_lambda_max,3,9.253102,0.174501,0.100748,0.95,4.302653,0.433485,8.819616,9.686587,9.077455,9.426434
Muon + auxiliary AdamW,sgd_momentum_muon,Muon + auxiliary AdamW,fc1,20,normalized_lambda_max,3,9.381332,0.137581,0.079432,0.95,4.302653,0.341769,9.039563,9.723101,9.236776,9.510672
Muon + auxiliary AdamW,sgd_momentum_muon,Muon + auxiliary AdamW,fc1,21,normalized_lambda_max,3,9.40502,0.117308,0.067728,0.95,4.302653,0.29141,9.11361,9.696431,9.32387,9.539522
Muon + auxiliary AdamW,sgd_momentum_muon,Muon + auxiliary AdamW,fc1,22,normalized_lambda_max,3,9.50756,0.026634,0.015377,0.95,4.302653,0.066163,9.441397,9.573723,9.487241,9.537713
Muon + auxiliary AdamW,sgd_momentum_muon,Muon + auxiliary AdamW,fc1,23,normalized_lambda_max,3,9.58816,0.017867,0.010315,0.95,4.302653,0.044383,9.543776,9.632543,9.569009,9.60438
Muon + auxiliary AdamW,sgd_momentum_muon,Muon + auxiliary AdamW,fc1,24,normalized_lambda_max,3,9.634234,0.057049,0.032937,0.95,4.302653,0.141717,9.492517,9.77595,9.574815,9.688573
Muon + auxiliary AdamW,sgd_momentum_muon,Muon + auxiliary AdamW,fc1,25,normalized_lambda_max,3,9.661026,0.046469,0.026829,0.95,4.302653,0.115435,9.545592,9.776461,9.610955,9.702765
Muon + auxiliary AdamW,sgd_momentum_muon,Muon + auxiliary AdamW,fc1,26,normalized_lambda_max,3,9.703837,0.041307,0.023848,0.95,4.302653,0.102612,9.601225,9.806448,9.659392,9.74105
Muon + auxiliary AdamW,sgd_momentum_muon,Muon + auxiliary AdamW,fc1,27,normalized_lambda_max,3,9.747518,0.037631,0.021726,0.95,4.302653,0.093479,9.654039,9.840997,9.710937,9.786117
Muon + auxiliary AdamW,sgd_momentum_muon,Muon + auxiliary AdamW,fc1,28,normalized_lambda_max,3,9.788706,0.042249,0.024392,0.95,4.302653,0.104951,9.683755,9.893658,9.742048,9.824372
Muon + auxiliary AdamW,sgd_momentum_muon,Muon + auxiliary AdamW,fc1,29,normalized_lambda_max,3,9.827682,0.041917,0.024201,0.95,4.302653,0.104126,9.723556,9.931809,9.783354,9.866677
Muon + auxiliary AdamW,sgd_momentum_muon,Muon + auxiliary AdamW,fc1,30,normalized_lambda_max,3,9.857554,0.040569,0.023422,0.95,4.302653,0.100778,9.756775,9.958332,9.814468,9.895019
Muon + auxiliary AdamW,sgd_momentum_muon,Muon + auxiliary AdamW,fc2,0,normalized_lambda_max,3,3.921392,0.020161,0.01164,0.95,4.302653,0.050084,3.871308,3.971476,3.908228,3.944603
Muon + auxiliary AdamW,sgd_momentum_muon,Muon + auxiliary AdamW,fc2,1,normalized_lambda_max,3,3.947821,0.04862,0.028071,0.95,4.302653,0.12078,3.827041,4.068601,3.902572,3.999227
Muon + auxiliary AdamW,sgd_momentum_muon,Muon + auxiliary AdamW,fc2,2,normalized_lambda_max,3,4.302014,0.050673,0.029256,0.95,4.302653,0.125878,4.176136,4.427892,4.265434,4.359853
Muon + auxiliary AdamW,sgd_momentum_muon,Muon + auxiliary AdamW,fc2,3,normalized_lambda_max,3,4.885232,0.086619,0.05001,0.95,4.302653,0.215175,4.670058,5.100407,4.801994,4.974877
Muon + auxiliary AdamW,sgd_momentum_muon,Muon + auxiliary AdamW,fc2,4,normalized_lambda_max,3,5.336142,0.172921,0.099836,0.95,4.302653,0.42956,4.906582,5.765702,5.177947,5.52075
Muon + auxiliary AdamW,sgd_momentum_muon,Muon + auxiliary AdamW,fc2,5,normalized_lambda_max,3,5.746208,0.218087,0.125913,0.95,4.302653,0.541758,5.20445,6.287966,5.565413,5.988417
Muon + auxiliary AdamW,sgd_momentum_muon,Muon + auxiliary AdamW,fc2,6,normalized_lambda_max,3,6.153429,0.323273,0.186642,0.95,4.302653,0.803055,5.350374,6.956484,5.903856,6.518612
Muon + auxiliary AdamW,sgd_momentum_muon,Muon + auxiliary AdamW,fc2,7,normalized_lambda_max,3,6.451822,0.122174,0.070537,0.95,4.302653,0.303498,6.148325,6.75532,6.348285,6.586576
Muon + auxiliary AdamW,sgd_momentum_muon,Muon + auxiliary AdamW,fc2,8,normalized_lambda_max,3,6.776986,0.262744,0.151695,0.95,4.302653,0.652693,6.124293,7.429679,6.540216,7.059656
Muon + auxiliary AdamW,sgd_momentum_muon,Muon + auxiliary AdamW,fc2,9,normalized_lambda_max,3,7.072398,0.313749,0.181143,0.95,4.302653,0.779395,6.293003,7.851793,6.765772,7.392815
Muon + auxiliary AdamW,sgd_momentum_muon,Muon + auxiliary AdamW,fc2,10,normalized_lambda_max,3,7.283564,0.39911,0.230426,0.95,4.302653,0.991445,6.292119,8.275009,6.99888,7.739761
Muon + auxiliary AdamW,sgd_momentum_muon,Muon + auxiliary AdamW,fc2,11,normalized_lambda_max,3,7.522623,0.331245,0.191245,0.95,4.302653,0.822859,6.699764,8.345482,7.312398,7.904462
Muon + auxiliary AdamW,sgd_momentum_muon,Muon + auxiliary AdamW,fc2,12,normalized_lambda_max,3,7.804197,0.356104,0.205597,0.95,4.302653,0.88461,6.919586,8.688807,7.585458,8.215104
Muon + auxiliary AdamW,sgd_momentum_muon,Muon + auxiliary AdamW,fc2,13,normalized_lambda_max,3,7.957121,0.244985,0.141442,0.95,4.302653,0.608577,7.348544,8.565697,7.684207,8.158048
Muon + auxiliary AdamW,sgd_momentum_muon,Muon + auxiliary AdamW,fc2,14,normalized_lambda_max,3,8.182875,0.35593,0.205496,0.95,4.302653,0.884178,7.298696,9.067053,7.818508,8.529721
Muon + auxiliary AdamW,sgd_momentum_muon,Muon + auxiliary AdamW,fc2,15,normalized_lambda_max,3,8.368918,0.274307,0.158371,0.95,4.302653,0.681417,7.687501,9.050335,8.162811,8.68026
Muon + auxiliary AdamW,sgd_momentum_muon,Muon + auxiliary AdamW,fc2,16,normalized_lambda_max,3,8.586379,0.396456,0.228894,0.95,4.302653,0.984852,7.601527,9.571232,8.192718,8.985573
Muon + auxiliary AdamW,sgd_momentum_muon,Muon + auxiliary AdamW,fc2,17,normalized_lambda_max,3,8.807042,0.363654,0.209956,0.95,4.302653,0.903367,7.903675,9.710409,8.474812,9.195557
Muon + auxiliary AdamW,sgd_momentum_muon,Muon + auxiliary AdamW,fc2,18,normalized_lambda_max,3,9.070783,0.363527,0.209882,0.95,4.302653,0.903051,8.167732,9.973833,8.724915,9.44971
Muon + auxiliary AdamW,sgd_momentum_muon,Muon + auxiliary AdamW,fc2,19,normalized_lambda_max,3,9.228782,0.40552,0.234127,0.95,4.302653,1.007367,8.221415,10.236149,8.873022,9.670333
Muon + auxiliary AdamW,sgd_momentum_muon,Muon + auxiliary AdamW,fc2,20,normalized_lambda_max,3,9.392452,0.375033,0.216525,0.95,4.302653,0.931634,8.460818,10.324085,9.044517,9.789703
Muon + auxiliary AdamW,sgd_momentum_muon,Muon + auxiliary AdamW,fc2,21,normalized_lambda_max,3,9.586671,0.374616,0.216285,0.95,4.302653,0.930598,8.656072,10.517269,9.221093,9.969715
Muon + auxiliary AdamW,sgd_momentum_muon,Muon + auxiliary AdamW,fc2,22,normalized_lambda_max,3,9.807022,0.340563,0.196624,0.95,4.302653,0.846005,8.961017,10.653027,9.457617,10.137994
Muon + auxiliary AdamW,sgd_momentum_muon,Muon + auxiliary AdamW,fc2,23,normalized_lambda_max,3,10.001327,0.358491,0.206975,0.95,4.302653,0.890542,9.110785,10.891869,9.64187,10.358845
Muon + auxiliary AdamW,sgd_momentum_muon,Muon + auxiliary AdamW,fc2,24,normalized_lambda_max,3,10.147643,0.333508,0.192551,0.95,4.302653,0.828479,9.319163,10.976122,9.797191,10.461127
Muon + auxiliary AdamW,sgd_momentum_muon,Muon + auxiliary AdamW,fc2,25,normalized_lambda_max,3,10.202627,0.325319,0.187823,0.95,4.302653,0.808138,9.394489,11.010765,9.846798,10.484811
Muon + auxiliary AdamW,sgd_momentum_muon,Muon + auxiliary AdamW,fc2,26,normalized_lambda_max,3,10.197065,0.315509,0.182159,0.95,4.302653,0.783769,9.413296,10.980834,9.841363,10.44313
Muon + auxiliary AdamW,sgd_momentum_muon,Muon + auxiliary AdamW,fc2,27,normalized_lambda_max,3,10.166857,0.315234,0.182001,0.95,4.302653,0.783086,9.383772,10.949943,9.807588,10.397157
Muon + auxiliary AdamW,sgd_momentum_muon,Muon + auxiliary AdamW,fc2,28,normalized_lambda_max,3,10.146427,0.329568,0.190276,0.95,4.302653,0.818692,9.327734,10.965119,9.770028,10.383188
Muon + auxiliary AdamW,sgd_momentum_muon,Muon + auxiliary AdamW,fc2,29,normalized_lambda_max,3,10.133161,0.334918,0.193365,0.95,4.302653,0.831983,9.301179,10.965144,9.749583,10.367622
Muon + auxiliary AdamW,sgd_momentum_muon,Muon + auxiliary AdamW,fc2,30,normalized_lambda_max,3,10.12669,0.335431,0.193661,0.95,4.302653,0.833257,9.293434,10.959947,9.742176,10.359264
Muon + auxiliary AdamW,sgd_momentum_muon,Muon + auxiliary AdamW,fc3,0,normalized_lambda_max,3,1.246101,0.041304,0.023847,0.95,4.302653,0.102605,1.143496,1.348706,1.220047,1.293724
Muon + auxiliary AdamW,sgd_momentum_muon,Muon + auxiliary AdamW,fc3,1,normalized_lambda_max,3,1.234527,0.041719,0.024087,0.95,4.302653,0.103636,1.130891,1.338164,1.210315,1.282701
Muon + auxiliary AdamW,sgd_momentum_muon,Muon + auxiliary AdamW,fc3,2,normalized_lambda_max,3,1.229195,0.023308,0.013457,0.95,4.302653,0.0579,1.171294,1.287095,1.212146,1.255754
Muon + auxiliary AdamW,sgd_momentum_muon,Muon + auxiliary AdamW,fc3,3,normalized_lambda_max,3,1.238528,0.006803,0.003928,0.95,4.302653,0.016899,1.221629,1.255427,1.233001,1.246125
Muon + auxiliary AdamW,sgd_momentum_muon,Muon + auxiliary AdamW,fc3,4,normalized_lambda_max,3,1.248694,0.010644,0.006146,0.95,4.302653,0.026442,1.222252,1.275136,1.239766,1.260474
Muon + auxiliary AdamW,sgd_momentum_muon,Muon + auxiliary AdamW,fc3,5,normalized_lambda_max,3,1.256767,0.017017,0.009825,0.95,4.302653,0.042272,1.214496,1.299039,1.23728,1.268689
Muon + auxiliary AdamW,sgd_momentum_muon,Muon + auxiliary AdamW,fc3,6,normalized_lambda_max,3,1.259864,0.020218,0.011673,0.95,4.302653,0.050224,1.20964,1.310088,1.236563,1.272773
Muon + auxiliary AdamW,sgd_momentum_muon,Muon + auxiliary AdamW,fc3,7,normalized_lambda_max,3,1.268154,0.024667,0.014242,0.95,4.302653,0.061277,1.206877,1.329431,1.239902,1.28542
Muon + auxiliary AdamW,sgd_momentum_muon,Muon + auxiliary AdamW,fc3,8,normalized_lambda_max,3,1.274087,0.024165,0.013951,0.95,4.302653,0.060028,1.214058,1.334115,1.246388,1.290856
Muon + auxiliary AdamW,sgd_momentum_muon,Muon + auxiliary AdamW,fc3,9,normalized_lambda_max,3,1.282389,0.026763,0.015452,0.95,4.302653,0.066483,1.215907,1.348872,1.251486,1.297963
Muon + auxiliary AdamW,sgd_momentum_muon,Muon + auxiliary AdamW,fc3,10,normalized_lambda_max,3,1.281173,0.037691,0.021761,0.95,4.302653,0.09363,1.187543,1.374803,1.237685,1.304403
Muon + auxiliary AdamW,sgd_momentum_muon,Muon + auxiliary AdamW,fc3,11,normalized_lambda_max,3,1.286171,0.033314,0.019234,0.95,4.302653,0.082757,1.203414,1.368928,1.247733,1.306713
Muon + auxiliary AdamW,sgd_momentum_muon,Muon + auxiliary AdamW,fc3,12,normalized_lambda_max,3,1.288228,0.035246,0.020349,0.95,4.302653,0.087555,1.200674,1.375783,1.247542,1.309412
Muon + auxiliary AdamW,sgd_momentum_muon,Muon + auxiliary AdamW,fc3,13,normalized_lambda_max,3,1.293537,0.036852,0.021277,0.95,4.302653,0.091546,1.201991,1.385083,1.25114,1.317893
Muon + auxiliary AdamW,sgd_momentum_muon,Muon + auxiliary AdamW,fc3,14,normalized_lambda_max,3,1.294786,0.03481,0.020097,0.95,4.302653,0.086472,1.208314,1.381258,1.255492,1.321763
Muon + auxiliary AdamW,sgd_momentum_muon,Muon + auxiliary AdamW,fc3,15,normalized_lambda_max,3,1.298394,0.040352,0.023297,0.95,4.302653,0.100239,1.198155,1.398632,1.253153,1.330669
Muon + auxiliary AdamW,sgd_momentum_muon,Muon + auxiliary AdamW,fc3,16,normalized_lambda_max,3,1.298751,0.042089,0.0243,0.95,4.302653,0.104556,1.194194,1.403307,1.251149,1.331044
Muon + auxiliary AdamW,sgd_momentum_muon,Muon + auxiliary AdamW,fc3,17,normalized_lambda_max,3,1.297902,0.038173,0.022039,0.95,4.302653,0.094828,1.203074,1.39273,1.255253,1.328869
Muon + auxiliary AdamW,sgd_momentum_muon,Muon + auxiliary AdamW,fc3,18,normalized_lambda_max,3,1.298458,0.040828,0.023572,0.95,4.302653,0.101422,1.197036,1.39988,1.253608,1.333465
Muon + auxiliary AdamW,sgd_momentum_muon,Muon + auxiliary AdamW,fc3,19,normalized_lambda_max,3,1.296454,0.042115,0.024315,0.95,4.302653,0.104619,1.191835,1.401073,1.25079,1.333769
Muon + auxiliary AdamW,sgd_momentum_muon,Muon + auxiliary AdamW,fc3,20,normalized_lambda_max,3,1.28997,0.037396,0.02159,0.95,4.302653,0.092896,1.197074,1.382866,1.248395,1.320862
Muon + auxiliary AdamW,sgd_momentum_muon,Muon + auxiliary AdamW,fc3,21,normalized_lambda_max,3,1.29006,0.04081,0.023562,0.95,4.302653,0.101378,1.188681,1.391438,1.244868,1.324222
Muon + auxiliary AdamW,sgd_momentum_muon,Muon + auxiliary AdamW,fc3,22,normalized_lambda_max,3,1.288223,0.039386,0.02274,0.95,4.302653,0.097841,1.190382,1.386063,1.244013,1.319569
Muon + auxiliary AdamW,sgd_momentum_muon,Muon + auxiliary AdamW,fc3,23,normalized_lambda_max,3,1.287377,0.039705,0.022924,0.95,4.302653,0.098633,1.188744,1.38601,1.242457,1.317782
Muon + auxiliary AdamW,sgd_momentum_muon,Muon + auxiliary AdamW,fc3,24,normalized_lambda_max,3,1.286478,0.039602,0.022864,0.95,4.302653,0.098378,1.1881,1.384855,1.241668,1.316781
Muon + auxiliary AdamW,sgd_momentum_muon,Muon + auxiliary AdamW,fc3,25,normalized_lambda_max,3,1.28612,0.03999,0.023088,0.95,4.302653,0.099341,1.186778,1.385461,1.240934,1.316953
Muon + auxiliary AdamW,sgd_momentum_muon,Muon + auxiliary AdamW,fc3,26,normalized_lambda_max,3,1.285885,0.040587,0.023433,0.95,4.302653,0.100822,1.185062,1.386707,1.240189,1.317743
Muon + auxiliary AdamW,sgd_momentum_muon,Muon + auxiliary AdamW,fc3,27,normalized_lambda_max,3,1.285671,0.041085,0.023721,0.95,4.302653,0.102062,1.183609,1.387733,1.239562,1.318393
Muon + auxiliary AdamW,sgd_momentum_muon,Muon + auxiliary AdamW,fc3,28,normalized_lambda_max,3,1.285476,0.041502,0.023961,0.95,4.302653,0.103098,1.182379,1.388574,1.239015,1.318879
Muon + auxiliary AdamW,sgd_momentum_muon,Muon + auxiliary AdamW,fc3,29,normalized_lambda_max,3,1.285389,0.041847,0.02416,0.95,4.302653,0.103953,1.181437,1.389342,1.238645,1.319361
Muon + auxiliary AdamW,sgd_momentum_muon,Muon + auxiliary AdamW,fc3,30,normalized_lambda_max,3,1.285313,0.042098,0.024305,0.95,4.302653,0.104577,1.180736,1.38989,1.238363,1.319697
Muon + auxiliary AdamW,sgd_momentum_muon,Muon + auxiliary AdamW,fc1,0,num_traps,3,0.0,0.0,0.0,0.95,4.302653,0.0,0.0,0.0,0.0,0.0
Muon + auxiliary AdamW,sgd_momentum_muon,Muon + auxiliary AdamW,fc1,1,num_traps,3,0.0,0.0,0.0,0.95,4.302653,0.0,0.0,0.0,0.0,0.0
Muon + auxiliary AdamW,sgd_momentum_muon,Muon + auxiliary AdamW,fc1,2,num_traps,3,0.0,0.0,0.0,0.95,4.302653,0.0,0.0,0.0,0.0,0.0
Muon + auxiliary AdamW,sgd_momentum_muon,Muon + auxiliary AdamW,fc1,3,num_traps,3,0.0,0.0,0.0,0.95,4.302653,0.0,0.0,0.0,0.0,0.0
Muon + auxiliary AdamW,sgd_momentum_muon,Muon + auxiliary AdamW,fc1,4,num_traps,3,0.0,0.0,0.0,0.95,4.302653,0.0,0.0,0.0,0.0,0.0
Muon + auxiliary AdamW,sgd_momentum_muon,Muon + auxiliary AdamW,fc1,5,num_traps,3,0.0,0.0,0.0,0.95,4.302653,0.0,0.0,0.0,0.0,0.0
Muon + auxiliary AdamW,sgd_momentum_muon,Muon + auxiliary AdamW,fc1,6,num_traps,3,0.0,0.0,0.0,0.95,4.302653,0.0,0.0,0.0,0.0,0.0
Muon + auxiliary AdamW,sgd_momentum_muon,Muon + auxiliary AdamW,fc1,7,num_traps,3,0.0,0.0,0.0,0.95,4.302653,0.0,0.0,0.0,0.0,0.0
Muon + auxiliary AdamW,sgd_momentum_muon,Muon + auxiliary AdamW,fc1,8,num_traps,3,0.0,0.0,0.0,0.95,4.302653,0.0,0.0,0.0,0.0,0.0
Muon + auxiliary AdamW,sgd_momentum_muon,Muon + auxiliary AdamW,fc1,9,num_traps,3,0.0,0.0,0.0,0.95,4.302653,0.0,0.0,0.0,0.0,0.0
Muon + auxiliary AdamW,sgd_momentum_muon,Muon + auxiliary AdamW,fc1,10,num_traps,3,0.0,0.0,0.0,0.95,4.302653,0.0,0.0,0.0,0.0,0.0
Muon + auxiliary AdamW,sgd_momentum_muon,Muon + auxiliary AdamW,fc1,11,num_traps,3,0.0,0.0,0.0,0.95,4.302653,0.0,0.0,0.0,0.0,0.0
Muon + auxiliary AdamW,sgd_momentum_muon,Muon + auxiliary AdamW,fc1,12,num_traps,3,0.0,0.0,0.0,0.95,4.302653,0.0,0.0,0.0,0.0,0.0
Muon + auxiliary AdamW,sgd_momentum_muon,Muon + auxiliary AdamW,fc1,13,num_traps,3,0.0,0.0,0.0,0.95,4.302653,0.0,0.0,0.0,0.0,0.0
Muon + auxiliary AdamW,sgd_momentum_muon,Muon + auxiliary AdamW,fc1,14,num_traps,3,0.0,0.0,0.0,0.95,4.302653,0.0,0.0,0.0,0.0,0.0
Muon + auxiliary AdamW,sgd_momentum_muon,Muon + auxiliary AdamW,fc1,15,num_traps,3,0.0,0.0,0.0,0.95,4.302653,0.0,0.0,0.0,0.0,0.0
Muon + auxiliary AdamW,sgd_momentum_muon,Muon + auxiliary AdamW,fc1,16,num_traps,3,0.0,0.0,0.0,0.95,4.302653,0.0,0.0,0.0,0.0,0.0
Muon + auxiliary AdamW,sgd_momentum_muon,Muon + auxiliary AdamW,fc1,17,num_traps,3,0.0,0.0,0.0,0.95,4.302653,0.0,0.0,0.0,0.0,0.0
Muon + auxiliary AdamW,sgd_momentum_muon,Muon + auxiliary AdamW,fc1,18,num_traps,3,0.0,0.0,0.0,0.95,4.302653,0.0,0.0,0.0,0.0,0.0
Muon + auxiliary AdamW,sgd_momentum_muon,Muon + auxiliary AdamW,fc1,19,num_traps,3,0.0,0.0,0.0,0.95,4.302653,0.0,0.0,0.0,0.0,0.0
Muon + auxiliary AdamW,sgd_momentum_muon,Muon + auxiliary AdamW,fc1,20,num_traps,3,0.0,0.0,0.0,0.95,4.302653,0.0,0.0,0.0,0.0,0.0
Muon + auxiliary AdamW,sgd_momentum_muon,Muon + auxiliary AdamW,fc1,21,num_traps,3,0.0,0.0,0.0,0.95,4.302653,0.0,0.0,0.0,0.0,0.0
Muon + auxiliary AdamW,sgd_momentum_muon,Muon + auxiliary AdamW,fc1,22,num_traps,3,0.0,0.0,0.0,0.95,4.302653,0.0,0.0,0.0,0.0,0.0
Muon + auxiliary AdamW,sgd_momentum_muon,Muon + auxiliary AdamW,fc1,23,num_traps,3,0.0,0.0,0.0,0.95,4.302653,0.0,0.0,0.0,0.0,0.0
Muon + auxiliary AdamW,sgd_momentum_muon,Muon + auxiliary AdamW,fc1,24,num_traps,3,0.0,0.0,0.0,0.95,4.302653,0.0,0.0,0.0,0.0,0.0
Muon + auxiliary AdamW,sgd_momentum_muon,Muon + auxiliary AdamW,fc1,25,num_traps,3,0.0,0.0,0.0,0.95,4.302653,0.0,0.0,0.0,0.0,0.0
Muon + auxiliary AdamW,sgd_momentum_muon,Muon + auxiliary AdamW,fc1,26,num_traps,3,0.0,0.0,0.0,0.95,4.302653,0.0,0.0,0.0,0.0,0.0
Muon + auxiliary AdamW,sgd_momentum_muon,Muon + auxiliary AdamW,fc1,27,num_traps,3,0.0,0.0,0.0,0.95,4.302653,0.0,0.0,0.0,0.0,0.0
Muon + auxiliary AdamW,sgd_momentum_muon,Muon + auxiliary AdamW,fc1,28,num_traps,3,0.0,0.0,0.0,0.95,4.302653,0.0,0.0,0.0,0.0,0.0
Muon + auxiliary AdamW,sgd_momentum_muon,Muon + auxiliary AdamW,fc1,29,num_traps,3,0.0,0.0,0.0,0.95,4.302653,0.0,0.0,0.0,0.0,0.0
Muon + auxiliary AdamW,sgd_momentum_muon,Muon + auxiliary AdamW,fc1,30,num_traps,3,0.0,0.0,0.0,0.95,4.302653,0.0,0.0,0.0,0.0,0.0
Muon + auxiliary AdamW,sgd_momentum_muon,Muon + auxiliary AdamW,fc2,0,num_traps,3,0.0,0.0,0.0,0.95,4.302653,0.0,0.0,0.0,0.0,0.0
Muon + auxiliary AdamW,sgd_momentum_muon,Muon + auxiliary AdamW,fc2,1,num_traps,3,0.0,0.0,0.0,0.95,4.302653,0.0,0.0,0.0,0.0,0.0
Muon + auxiliary AdamW,sgd_momentum_muon,Muon + auxiliary AdamW,fc2,2,num_traps,3,0.0,0.0,0.0,0.95,4.302653,0.0,0.0,0.0,0.0,0.0
Muon + auxiliary AdamW,sgd_momentum_muon,Muon + auxiliary AdamW,fc2,3,num_traps,3,0.0,0.0,0.0,0.95,4.302653,0.0,0.0,0.0,0.0,0.0
Muon + auxiliary AdamW,sgd_momentum_muon,Muon + auxiliary AdamW,fc2,4,num_traps,3,0.0,0.0,0.0,0.95,4.302653,0.0,0.0,0.0,0.0,0.0
Muon + auxiliary AdamW,sgd_momentum_muon,Muon + auxiliary AdamW,fc2,5,num_traps,3,0.0,0.0,0.0,0.95,4.302653,0.0,0.0,0.0,0.0,0.0
Muon + auxiliary AdamW,sgd_momentum_muon,Muon + auxiliary AdamW,fc2,6,num_traps,3,0.0,0.0,0.0,0.95,4.302653,0.0,0.0,0.0,0.0,0.0
Muon + auxiliary AdamW,sgd_momentum_muon,Muon + auxiliary AdamW,fc2,7,num_traps,3,0.0,0.0,0.0,0.95,4.302653,0.0,0.0,0.0,0.0,0.0
Muon + auxiliary AdamW,sgd_momentum_muon,Muon + auxiliary AdamW,fc2,8,num_traps,3,0.0,0.0,0.0,0.95,4.302653,0.0,0.0,0.0,0.0,0.0
Muon + auxiliary AdamW,sgd_momentum_muon,Muon + auxiliary AdamW,fc2,9,num_traps,3,0.0,0.0,0.0,0.95,4.302653,0.0,0.0,0.0,0.0,0.0
Muon + auxiliary AdamW,sgd_momentum_muon,Muon + auxiliary AdamW,fc2,10,num_traps,3,0.0,0.0,0.0,0.95,4.302653,0.0,0.0,0.0,0.0,0.0
Muon + auxiliary AdamW,sgd_momentum_muon,Muon + auxiliary AdamW,fc2,11,num_traps,3,0.0,0.0,0.0,0.95,4.302653,0.0,0.0,0.0,0.0,0.0
Muon + auxiliary AdamW,sgd_momentum_muon,Muon + auxiliary AdamW,fc2,12,num_traps,3,0.0,0.0,0.0,0.95,4.302653,0.0,0.0,0.0,0.0,0.0
Muon + auxiliary AdamW,sgd_momentum_muon,Muon + auxiliary AdamW,fc2,13,num_traps,3,0.0,0.0,0.0,0.95,4.302653,0.0,0.0,0.0,0.0,0.0
Muon + auxiliary AdamW,sgd_momentum_muon,Muon + auxiliary AdamW,fc2,14,num_traps,3,0.0,0.0,0.0,0.95,4.302653,0.0,0.0,0.0,0.0,0.0
Muon + auxiliary AdamW,sgd_momentum_muon,Muon + auxiliary AdamW,fc2,15,num_traps,3,0.0,0.0,0.0,0.95,4.302653,0.0,0.0,0.0,0.0,0.0
Muon + auxiliary AdamW,sgd_momentum_muon,Muon + auxiliary AdamW,fc2,16,num_traps,3,0.0,0.0,0.0,0.95,4.302653,0.0,0.0,0.0,0.0,0.0
Muon + auxiliary AdamW,sgd_momentum_muon,Muon + auxiliary AdamW,fc2,17,num_traps,3,0.0,0.0,0.0,0.95,4.302653,0.0,0.0,0.0,0.0,0.0
Muon + auxiliary AdamW,sgd_momentum_muon,Muon + auxiliary AdamW,fc2,18,num_traps,3,0.0,0.0,0.0,0.95,4.302653,0.0,0.0,0.0,0.0,0.0
Muon + auxiliary AdamW,sgd_momentum_muon,Muon + auxiliary AdamW,fc2,19,num_traps,3,0.0,0.0,0.0,0.95,4.302653,0.0,0.0,0.0,0.0,0.0
Muon + auxiliary AdamW,sgd_momentum_muon,Muon + auxiliary AdamW,fc2,20,num_traps,3,0.0,0.0,0.0,0.95,4.302653,0.0,0.0,0.0,0.0,0.0
Muon + auxiliary AdamW,sgd_momentum_muon,Muon + auxiliary AdamW,fc2,21,num_traps,3,0.0,0.0,0.0,0.95,4.302653,0.0,0.0,0.0,0.0,0.0
Muon + auxiliary AdamW,sgd_momentum_muon,Muon + auxiliary AdamW,fc2,22,num_traps,3,0.0,0.0,0.0,0.95,4.302653,0.0,0.0,0.0,0.0,0.0
Muon + auxiliary AdamW,sgd_momentum_muon,Muon + auxiliary AdamW,fc2,23,num_traps,3,0.0,0.0,0.0,0.95,4.302653,0.0,0.0,0.0,0.0,0.0
Muon + auxiliary AdamW,sgd_momentum_muon,Muon + auxiliary AdamW,fc2,24,num_traps,3,0.0,0.0,0.0,0.95,4.302653,0.0,0.0,0.0,0.0,0.0
Muon + auxiliary AdamW,sgd_momentum_muon,Muon + auxiliary AdamW,fc2,25,num_traps,3,0.0,0.0,0.0,0.95,4.302653,0.0,0.0,0.0,0.0,0.0
Muon + auxiliary AdamW,sgd_momentum_muon,Muon + auxiliary AdamW,fc2,26,num_traps,3,0.0,0.0,0.0,0.95,4.302653,0.0,0.0,0.0,0.0,0.0
Muon + auxiliary AdamW,sgd_momentum_muon,Muon + auxiliary AdamW,fc2,27,num_traps,3,0.0,0.0,0.0,0.95,4.302653,0.0,0.0,0.0,0.0,0.0
Muon + auxiliary AdamW,sgd_momentum_muon,Muon + auxiliary AdamW,fc2,28,num_traps,3,0.0,0.0,0.0,0.95,4.302653,0.0,0.0,0.0,0.0,0.0
Muon + auxiliary AdamW,sgd_momentum_muon,Muon + auxiliary AdamW,fc2,29,num_traps,3,0.0,0.0,0.0,0.95,4.302653,0.0,0.0,0.0,0.0,0.0
Muon + auxiliary AdamW,sgd_momentum_muon,Muon + auxiliary AdamW,fc2,30,num_traps,3,0.0,0.0,0.0,0.95,4.302653,0.0,0.0,0.0,0.0,0.0
Muon + auxiliary AdamW,sgd_momentum_muon,Muon + auxiliary AdamW,fc3,0,num_traps,3,0.0,0.0,0.0,0.95,4.302653,0.0,0.0,0.0,0.0,0.0
Muon + auxiliary AdamW,sgd_momentum_muon,Muon + auxiliary AdamW,fc3,1,num_traps,3,0.0,0.0,0.0,0.95,4.302653,0.0,0.0,0.0,0.0,0.0
Muon + auxiliary AdamW,sgd_momentum_muon,Muon + auxiliary AdamW,fc3,2,num_traps,3,0.0,0.0,0.0,0.95,4.302653,0.0,0.0,0.0,0.0,0.0
Muon + auxiliary AdamW,sgd_momentum_muon,Muon + auxiliary AdamW,fc3,3,num_traps,3,0.0,0.0,0.0,0.95,4.302653,0.0,0.0,0.0,0.0,0.0
Muon + auxiliary AdamW,sgd_momentum_muon,Muon + auxiliary AdamW,fc3,4,num_traps,3,0.0,0.0,0.0,0.95,4.302653,0.0,0.0,0.0,0.0,0.0
Muon + auxiliary AdamW,sgd_momentum_muon,Muon + auxiliary AdamW,fc3,5,num_traps,3,0.0,0.0,0.0,0.95,4.302653,0.0,0.0,0.0,0.0,0.0
Muon + auxiliary AdamW,sgd_momentum_muon,Muon + auxiliary AdamW,fc3,6,num_traps,3,0.0,0.0,0.0,0.95,4.302653,0.0,0.0,0.0,0.0,0.0
Muon + auxiliary AdamW,sgd_momentum_muon,Muon + auxiliary AdamW,fc3,7,num_traps,3,0.0,0.0,0.0,0.95,4.302653,0.0,0.0,0.0,0.0,0.0
Muon + auxiliary AdamW,sgd_momentum_muon,Muon + auxiliary AdamW,fc3,8,num_traps,3,0.0,0.0,0.0,0.95,4.302653,0.0,0.0,0.0,0.0,0.0
Muon + auxiliary AdamW,sgd_momentum_muon,Muon + auxiliary AdamW,fc3,9,num_traps,3,0.0,0.0,0.0,0.95,4.302653,0.0,0.0,0.0,0.0,0.0
Muon + auxiliary AdamW,sgd_momentum_muon,Muon + auxiliary AdamW,fc3,10,num_traps,3,0.0,0.0,0.0,0.95,4.302653,0.0,0.0,0.0,0.0,0.0
Muon + auxiliary AdamW,sgd_momentum_muon,Muon + auxiliary AdamW,fc3,11,num_traps,3,0.0,0.0,0.0,0.95,4.302653,0.0,0.0,0.0,0.0,0.0
Muon + auxiliary AdamW,sgd_momentum_muon,Muon + auxiliary AdamW,fc3,12,num_traps,3,0.0,0.0,0.0,0.95,4.302653,0.0,0.0,0.0,0.0,0.0
Muon + auxiliary AdamW,sgd_momentum_muon,Muon + auxiliary AdamW,fc3,13,num_traps,3,0.0,0.0,0.0,0.95,4.302653,0.0,0.0,0.0,0.0,0.0
Muon + auxiliary AdamW,sgd_momentum_muon,Muon + auxiliary AdamW,fc3,14,num_traps,3,0.0,0.0,0.0,0.95,4.302653,0.0,0.0,0.0,0.0,0.0
Muon + auxiliary AdamW,sgd_momentum_muon,Muon + auxiliary AdamW,fc3,15,num_traps,3,0.0,0.0,0.0,0.95,4.302653,0.0,0.0,0.0,0.0,0.0
Muon + auxiliary AdamW,sgd_momentum_muon,Muon + auxiliary AdamW,fc3,16,num_traps,3,0.0,0.0,0.0,0.95,4.302653,0.0,0.0,0.0,0.0,0.0
Muon + auxiliary AdamW,sgd_momentum_muon,Muon + auxiliary AdamW,fc3,17,num_traps,3,0.0,0.0,0.0,0.95,4.302653,0.0,0.0,0.0,0.0,0.0
Muon + auxiliary AdamW,sgd_momentum_muon,Muon + auxiliary AdamW,fc3,18,num_traps,3,0.0,0.0,0.0,0.95,4.302653,0.0,0.0,0.0,0.0,0.0
Muon + auxiliary AdamW,sgd_momentum_muon,Muon + auxiliary AdamW,fc3,19,num_traps,3,0.0,0.0,0.0,0.95,4.302653,0.0,0.0,0.0,0.0,0.0
Muon + auxiliary AdamW,sgd_momentum_muon,Muon + auxiliary AdamW,fc3,20,num_traps,3,0.0,0.0,0.0,0.95,4.302653,0.0,0.0,0.0,0.0,0.0
Muon + auxiliary AdamW,sgd_momentum_muon,Muon + auxiliary AdamW,fc3,21,num_traps,3,0.333333,0.57735,0.333333,0.95,4.302653,1.434218,-1.100884,1.767551,0.0,1.0
Muon + auxiliary AdamW,sgd_momentum_muon,Muon + auxiliary AdamW,fc3,22,num_traps,3,0.333333,0.57735,0.333333,0.95,4.302653,1.434218,-1.100884,1.767551,0.0,1.0
Muon + auxiliary AdamW,sgd_momentum_muon,Muon + auxiliary AdamW,fc3,23,num_traps,3,0.0,0.0,0.0,0.95,4.302653,0.0,0.0,0.0,0.0,0.0
Muon + auxiliary AdamW,sgd_momentum_muon,Muon + auxiliary AdamW,fc3,24,num_traps,3,0.0,0.0,0.0,0.95,4.302653,0.0,0.0,0.0,0.0,0.0
Muon + auxiliary AdamW,sgd_momentum_muon,Muon + auxiliary AdamW,fc3,25,num_traps,3,0.0,0.0,0.0,0.95,4.302653,0.0,0.0,0.0,0.0,0.0
Muon + auxiliary AdamW,sgd_momentum_muon,Muon + auxiliary AdamW,fc3,26,num_traps,3,0.0,0.0,0.0,0.95,4.302653,0.0,0.0,0.0,0.0,0.0
Muon + auxiliary AdamW,sgd_momentum_muon,Muon + auxiliary AdamW,fc3,27,num_traps,3,1.0,1.732051,1.0,0.95,4.302653,4.302653,-3.302653,5.302653,0.0,3.0
Muon + auxiliary AdamW,sgd_momentum_muon,Muon + auxiliary AdamW,fc3,28,num_traps,3,0.0,0.0,0.0,0.95,4.302653,0.0,0.0,0.0,0.0,0.0
Muon + auxiliary AdamW,sgd_momentum_muon,Muon + auxiliary AdamW,fc3,29,num_traps,3,0.0,0.0,0.0,0.95,4.302653,0.0,0.0,0.0,0.0,0.0
Muon + auxiliary AdamW,sgd_momentum_muon,Muon + auxiliary AdamW,fc3,30,num_traps,3,1.333333,1.527525,0.881917,0.95,4.302653,3.794583,-2.46125,5.127916,0.0,3.0
Muon + auxiliary AdamW,sgd_momentum_muon,Muon + auxiliary AdamW,fc1,0,stable_rank,3,159.962804,2.792235,1.612098,0.95,4.302653,6.936296,153.026508,166.8991,157.590181,163.039769
Muon + auxiliary AdamW,sgd_momentum_muon,Muon + auxiliary AdamW,fc1,1,stable_rank,3,158.928493,2.253308,1.300948,0.95,4.302653,5.597528,153.330965,164.526021,157.451015,161.522008
Muon + auxiliary AdamW,sgd_momentum_muon,Muon + auxiliary AdamW,fc1,2,stable_rank,3,141.871017,2.69734,1.55731,0.95,4.302653,6.700565,135.170452,148.571582,138.810457,143.901675
Muon + auxiliary AdamW,sgd_momentum_muon,Muon + auxiliary AdamW,fc1,3,stable_rank,3,115.977457,1.493006,0.861987,0.95,4.302653,3.708832,112.268625,119.686289,114.836085,117.66708
Muon + auxiliary AdamW,sgd_momentum_muon,Muon + auxiliary AdamW,fc1,4,stable_rank,3,101.630461,1.117286,0.645065,0.95,4.302653,2.775492,98.854969,104.405953,100.340331,102.276289
Muon + auxiliary AdamW,sgd_momentum_muon,Muon + auxiliary AdamW,fc1,5,stable_rank,3,91.938824,1.515224,0.874815,0.95,4.302653,3.764024,88.1748,95.702848,90.203129,92.997526
Muon + auxiliary AdamW,sgd_momentum_muon,Muon + auxiliary AdamW,fc1,6,stable_rank,3,86.029678,1.118338,0.645673,0.95,4.302653,2.778107,83.251571,88.807784,84.738691,86.701555
Muon + auxiliary AdamW,sgd_momentum_muon,Muon + auxiliary AdamW,fc1,7,stable_rank,3,79.931222,1.921654,1.109467,0.95,4.302653,4.773653,75.157569,84.704875,77.879114,81.688299
Muon + auxiliary AdamW,sgd_momentum_muon,Muon + auxiliary AdamW,fc1,8,stable_rank,3,74.213834,4.339077,2.505167,0.95,4.302653,10.778864,63.43497,84.992699,69.205152,76.829585
Muon + auxiliary AdamW,sgd_momentum_muon,Muon + auxiliary AdamW,fc1,9,stable_rank,3,70.879832,2.772322,1.600601,0.95,4.302653,6.886829,63.993003,77.76666,67.679794,72.554571
Muon + auxiliary AdamW,sgd_momentum_muon,Muon + auxiliary AdamW,fc1,10,stable_rank,3,68.631994,3.202451,1.848936,0.95,4.302653,7.955329,60.676665,76.587323,65.499841,71.900394
Muon + auxiliary AdamW,sgd_momentum_muon,Muon + auxiliary AdamW,fc1,11,stable_rank,3,67.523503,1.386933,0.800746,0.95,4.302653,3.445333,64.07817,70.968835,66.621522,69.120532
Muon + auxiliary AdamW,sgd_momentum_muon,Muon + auxiliary AdamW,fc1,12,stable_rank,3,64.421292,0.156695,0.090468,0.95,4.302653,0.389251,64.032041,64.810543,64.270265,64.583098
Muon + auxiliary AdamW,sgd_momentum_muon,Muon + auxiliary AdamW,fc1,13,stable_rank,3,63.041518,0.452184,0.261069,0.95,4.302653,1.123288,61.918231,64.164806,62.607106,63.509593
Muon + auxiliary AdamW,sgd_momentum_muon,Muon + auxiliary AdamW,fc1,14,stable_rank,3,61.210906,0.658746,0.380327,0.95,4.302653,1.636417,59.57449,62.847323,60.469925,61.730248
Muon + auxiliary AdamW,sgd_momentum_muon,Muon + auxiliary AdamW,fc1,15,stable_rank,3,59.006877,1.633806,0.943279,0.95,4.302653,4.0586,54.948277,63.065477,57.221714,60.427869
Muon + auxiliary AdamW,sgd_momentum_muon,Muon + auxiliary AdamW,fc1,16,stable_rank,3,58.119842,0.300239,0.173343,0.95,4.302653,0.745835,57.374007,58.865677,57.854179,58.445574
Muon + auxiliary AdamW,sgd_momentum_muon,Muon + auxiliary AdamW,fc1,17,stable_rank,3,56.826794,0.84509,0.487913,0.95,4.302653,2.099321,54.727473,58.926115,55.945951,57.630898
Muon + auxiliary AdamW,sgd_momentum_muon,Muon + auxiliary AdamW,fc1,18,stable_rank,3,56.17307,1.245758,0.719239,0.95,4.302653,3.094635,53.078435,59.267705,55.039217,57.50661
Muon + auxiliary AdamW,sgd_momentum_muon,Muon + auxiliary AdamW,fc1,19,stable_rank,3,55.345926,1.044329,0.602943,0.95,4.302653,2.594256,52.751669,57.940182,54.315341,56.403476
Muon + auxiliary AdamW,sgd_momentum_muon,Muon + auxiliary AdamW,fc1,20,stable_rank,3,54.584319,0.802506,0.463327,0.95,4.302653,1.993535,52.590784,56.577854,53.83426,55.430596
Muon + auxiliary AdamW,sgd_momentum_muon,Muon + auxiliary AdamW,fc1,21,stable_rank,3,54.444619,0.67454,0.389446,0.95,4.302653,1.67565,52.768969,56.120269,53.67145,54.91282
Muon + auxiliary AdamW,sgd_momentum_muon,Muon + auxiliary AdamW,fc1,22,stable_rank,3,53.852163,0.150659,0.086983,0.95,4.302653,0.374257,53.477906,54.226419,53.681632,53.96722
Muon + auxiliary AdamW,sgd_momentum_muon,Muon + auxiliary AdamW,fc1,23,stable_rank,3,53.399317,0.09955,0.057475,0.95,4.302653,0.247296,53.152021,53.646612,53.309013,53.506065
Muon + auxiliary AdamW,sgd_momentum_muon,Muon + auxiliary AdamW,fc1,24,stable_rank,3,53.145066,0.314949,0.181836,0.95,4.302653,0.782376,52.36269,53.927441,52.845759,53.473617
Muon + auxiliary AdamW,sgd_momentum_muon,Muon + auxiliary AdamW,fc1,25,stable_rank,3,52.997257,0.255234,0.14736,0.95,4.302653,0.634037,52.36322,53.631294,52.768463,53.272541
Muon + auxiliary AdamW,sgd_momentum_muon,Muon + auxiliary AdamW,fc1,26,stable_rank,3,52.763274,0.224845,0.129814,0.95,4.302653,0.558546,52.204728,53.321819,52.56107,53.005409
Muon + auxiliary AdamW,sgd_momentum_muon,Muon + auxiliary AdamW,fc1,27,stable_rank,3,52.526713,0.202719,0.11704,0.95,4.302653,0.503583,52.02313,53.030296,52.319013,52.724055
Muon + auxiliary AdamW,sgd_momentum_muon,Muon + auxiliary AdamW,fc1,28,stable_rank,3,52.305825,0.226111,0.130545,0.95,4.302653,0.561691,51.744135,52.867516,52.11529,52.555684
Muon + auxiliary AdamW,sgd_momentum_muon,Muon + auxiliary AdamW,fc1,29,stable_rank,3,52.098368,0.222387,0.128395,0.95,4.302653,0.55244,51.545928,52.650808,51.891838,52.333788
Muon + auxiliary AdamW,sgd_momentum_muon,Muon + auxiliary AdamW,fc1,30,stable_rank,3,51.940452,0.213942,0.12352,0.95,4.302653,0.531462,51.40899,52.471914,51.743204,52.167883
Muon + auxiliary AdamW,sgd_momentum_muon,Muon + auxiliary AdamW,fc2,0,stable_rank,3,130.568187,0.669371,0.386462,0.95,4.302653,1.66281,128.905377,132.230997,129.797615,131.005648
Muon + auxiliary AdamW,sgd_momentum_muon,Muon + auxiliary AdamW,fc2,1,stable_rank,3,129.704882,1.593856,0.920213,0.95,4.302653,3.959359,125.745523,133.664241,128.024746,131.195516
Muon + auxiliary AdamW,sgd_momentum_muon,Muon + auxiliary AdamW,fc2,2,stable_rank,3,119.024968,1.393486,0.80453,0.95,4.302653,3.461612,115.563356,122.486579,117.435139,120.034678
Muon + auxiliary AdamW,sgd_momentum_muon,Muon + auxiliary AdamW,fc2,3,stable_rank,3,104.827588,1.855338,1.07118,0.95,4.302653,4.608915,100.218673,109.436503,102.917116,106.622378
Muon + auxiliary AdamW,sgd_momentum_muon,Muon + auxiliary AdamW,fc2,4,stable_rank,3,96.016221,3.090453,1.784274,0.95,4.302653,7.677111,88.33911,103.693332,92.741024,98.880894
Muon + auxiliary AdamW,sgd_momentum_muon,Muon + auxiliary AdamW,fc2,5,stable_rank,3,89.186664,3.33701,1.926624,0.95,4.302653,8.289592,80.897072,97.476256,85.498385,91.996766
Muon + auxiliary AdamW,sgd_momentum_muon,Muon + auxiliary AdamW,fc2,6,stable_rank,3,83.355379,4.276128,2.468824,0.95,4.302653,10.622491,72.732888,93.97787,78.544326,86.722984
Muon + auxiliary AdamW,sgd_momentum_muon,Muon + auxiliary AdamW,fc2,7,stable_rank,3,79.376274,1.493138,0.862063,0.95,4.302653,3.70916,75.667114,83.085434,77.733863,80.651709
Muon + auxiliary AdamW,sgd_momentum_muon,Muon + auxiliary AdamW,fc2,8,stable_rank,3,75.624879,2.905158,1.677294,0.95,4.302653,7.216814,68.408066,82.841693,72.52478,78.284877
Muon + auxiliary AdamW,sgd_momentum_muon,Muon + auxiliary AdamW,fc2,9,stable_rank,3,72.489004,3.20955,1.853035,0.95,4.302653,7.972964,64.51604,80.461969,69.256438,75.675032
Muon + auxiliary AdamW,sgd_momentum_muon,Muon + auxiliary AdamW,fc2,10,stable_rank,3,70.432321,3.75236,2.166426,0.95,4.302653,9.321378,61.110943,79.7537,66.15191,73.154562
Muon + auxiliary AdamW,sgd_momentum_muon,Muon + auxiliary AdamW,fc2,11,stable_rank,3,68.147308,2.927545,1.690219,0.95,4.302653,7.272425,60.874883,75.419733,64.773544,70.018066
Muon + auxiliary AdamW,sgd_momentum_muon,Muon + auxiliary AdamW,fc2,12,stable_rank,3,65.694588,2.921193,1.686551,0.95,4.302653,7.256645,58.437944,72.951233,62.32423,67.497568
Muon + auxiliary AdamW,sgd_momentum_muon,Muon + auxiliary AdamW,fc2,13,stable_rank,3,64.38609,2.0077,1.159146,0.95,4.302653,4.987402,59.398687,69.373492,62.76011,66.630163
Muon + auxiliary AdamW,sgd_momentum_muon,Muon + auxiliary AdamW,fc2,14,stable_rank,3,62.649021,2.736337,1.579825,0.95,4.302653,6.797439,55.851583,69.44646,60.025411,65.485636
Muon + auxiliary AdamW,sgd_momentum_muon,Muon + auxiliary AdamW,fc2,15,stable_rank,3,61.221916,1.975195,1.140379,0.95,4.302653,4.906655,56.315261,66.128572,58.984405,62.723492
Muon + auxiliary AdamW,sgd_momentum_muon,Muon + auxiliary AdamW,fc2,16,stable_rank,3,59.714173,2.75744,1.592008,0.95,4.302653,6.849859,52.864314,66.564033,56.98023,62.494523
Muon + auxiliary AdamW,sgd_momentum_muon,Muon + auxiliary AdamW,fc2,17,stable_rank,3,58.20087,2.382641,1.375618,0.95,4.302653,5.918807,52.282062,64.119677,55.679061,60.414316
Muon + auxiliary AdamW,sgd_momentum_muon,Muon + auxiliary AdamW,fc2,18,stable_rank,3,56.505171,2.254044,1.301373,0.95,4.302653,5.599356,50.905815,62.104526,54.181555,58.682518
Muon + auxiliary AdamW,sgd_momentum_muon,Muon + auxiliary AdamW,fc2,19,stable_rank,3,55.549204,2.410491,1.391698,0.95,4.302653,5.987991,49.561213,61.537196,52.945436,57.703004
Muon + auxiliary AdamW,sgd_momentum_muon,Muon + auxiliary AdamW,fc2,20,stable_rank,3,54.569441,2.163717,1.249222,0.95,4.302653,5.37497,49.194471,59.944411,52.299849,56.608883
Muon + auxiliary AdamW,sgd_momentum_muon,Muon + auxiliary AdamW,fc2,21,stable_rank,3,53.461792,2.085004,1.203778,0.95,4.302653,5.179437,48.282355,58.641229,51.355532,55.52487
Muon + auxiliary AdamW,sgd_momentum_muon,Muon + auxiliary AdamW,fc2,22,stable_rank,3,52.249632,1.820631,1.051142,0.95,4.302653,4.522698,47.726933,56.77233,50.503087,54.136257
Muon + auxiliary AdamW,sgd_momentum_muon,Muon + auxiliary AdamW,fc2,23,stable_rank,3,51.237123,1.838278,1.06133,0.95,4.302653,4.566535,46.670588,55.803658,49.42636,53.101733
Muon + auxiliary AdamW,sgd_momentum_muon,Muon + auxiliary AdamW,fc2,24,stable_rank,3,50.491637,1.669265,0.963751,0.95,4.302653,4.146685,46.344952,54.638322,48.943103,52.259875
Muon + auxiliary AdamW,sgd_momentum_muon,Muon + auxiliary AdamW,fc2,25,stable_rank,3,50.217552,1.61841,0.93439,0.95,4.302653,4.020354,46.197199,54.237906,48.832546,51.996596
Muon + auxiliary AdamW,sgd_momentum_muon,Muon + auxiliary AdamW,fc2,26,stable_rank,3,50.243057,1.577219,0.910608,0.95,4.302653,3.918029,46.325029,54.161086,49.027447,52.025314
Muon + auxiliary AdamW,sgd_momentum_muon,Muon + auxiliary AdamW,fc2,27,stable_rank,3,50.39253,1.587792,0.916712,0.95,4.302653,3.944293,46.448237,54.336823,49.244232,52.204476
Muon + auxiliary AdamW,sgd_momentum_muon,Muon + auxiliary AdamW,fc2,28,stable_rank,3,50.497247,1.668631,0.963384,0.95,4.302653,4.145108,46.352139,54.642355,49.310482,52.405171
Muon + auxiliary AdamW,sgd_momentum_muon,Muon + auxiliary AdamW,fc2,29,stable_rank,3,50.564664,1.701486,0.982354,0.95,4.302653,4.226726,46.337938,54.791391,49.384515,52.515066
Muon + auxiliary AdamW,sgd_momentum_muon,Muon + auxiliary AdamW,fc2,30,stable_rank,3,50.597145,1.706594,0.985302,0.95,4.302653,4.239413,46.357732,54.836559,49.42436,52.554994
Muon + auxiliary AdamW,sgd_momentum_muon,Muon + auxiliary AdamW,fc3,0,stable_rank,3,8.030807,0.261265,0.150841,0.95,4.302653,0.649018,7.38179,8.679825,7.729623,8.196409
Muon + auxiliary AdamW,sgd_momentum_muon,Muon + auxiliary AdamW,fc3,1,stable_rank,3,8.106319,0.2687,0.155134,0.95,4.302653,0.667489,7.43883,8.773808,7.796052,8.262311
Muon + auxiliary AdamW,sgd_momentum_muon,Muon + auxiliary AdamW,fc3,2,stable_rank,3,8.137341,0.152828,0.088235,0.95,4.302653,0.379647,7.757694,8.516987,7.963342,8.24983
Muon + auxiliary AdamW,sgd_momentum_muon,Muon + auxiliary AdamW,fc3,3,stable_rank,3,8.074265,0.044249,0.025547,0.95,4.302653,0.10992,7.964346,8.184185,8.024876,8.110295
Muon + auxiliary AdamW,sgd_momentum_muon,Muon + auxiliary AdamW,fc3,4,stable_rank,3,8.008751,0.068055,0.039291,0.95,4.302653,0.169058,7.839694,8.177809,7.933523,8.066038
Muon + auxiliary AdamW,sgd_momentum_muon,Muon + auxiliary AdamW,fc3,5,stable_rank,3,7.957904,0.108537,0.062664,0.95,4.302653,0.269622,7.688282,8.227526,7.882153,8.082247
Muon + auxiliary AdamW,sgd_momentum_muon,Muon + auxiliary AdamW,fc3,6,stable_rank,3,7.938741,0.12857,0.07423,0.95,4.302653,0.319386,7.619355,8.258127,7.856863,8.086929
Muon + auxiliary AdamW,sgd_momentum_muon,Muon + auxiliary AdamW,fc3,7,stable_rank,3,7.887488,0.155041,0.089513,0.95,4.302653,0.385144,7.502344,8.272632,7.779559,8.065151
Muon + auxiliary AdamW,sgd_momentum_muon,Muon + auxiliary AdamW,fc3,8,stable_rank,3,7.850663,0.15044,0.086857,0.95,4.302653,0.373714,7.476949,8.224376,7.746797,8.023182
Muon + auxiliary AdamW,sgd_momentum_muon,Muon + auxiliary AdamW,fc3,9,stable_rank,3,7.800237,0.164773,0.095132,0.95,4.302653,0.409318,7.390918,8.209555,7.704381,7.990498
Muon + auxiliary AdamW,sgd_momentum_muon,Muon + auxiliary AdamW,fc3,10,stable_rank,3,7.809929,0.233705,0.13493,0.95,4.302653,0.580557,7.229373,8.390486,7.666345,8.0796
Muon + auxiliary AdamW,sgd_momentum_muon,Muon + auxiliary AdamW,fc3,11,stable_rank,3,7.77855,0.204516,0.118077,0.95,4.302653,0.508046,7.270503,8.286596,7.652793,8.014535
Muon + auxiliary AdamW,sgd_momentum_muon,Muon + auxiliary AdamW,fc3,12,stable_rank,3,7.766537,0.215892,0.124645,0.95,4.302653,0.536305,7.230232,8.302842,7.637016,8.015763
Muon + auxiliary AdamW,sgd_momentum_muon,Muon + auxiliary AdamW,fc3,13,stable_rank,3,7.734994,0.223933,0.129288,0.95,4.302653,0.556281,7.178713,8.291275,7.587868,7.992708
Muon + auxiliary AdamW,sgd_momentum_muon,Muon + auxiliary AdamW,fc3,14,stable_rank,3,7.727055,0.210391,0.121469,0.95,4.302653,0.522641,7.204414,8.249696,7.565654,7.965003
Muon + auxiliary AdamW,sgd_momentum_muon,Muon + auxiliary AdamW,fc3,15,stable_rank,3,7.706855,0.242826,0.140196,0.95,4.302653,0.603213,7.103642,8.310068,7.515019,7.979871
Muon + auxiliary AdamW,sgd_momentum_muon,Muon + auxiliary AdamW,fc3,16,stable_rank,3,7.705188,0.253641,0.14644,0.95,4.302653,0.630079,7.075109,8.335267,7.512899,7.99265
Muon + auxiliary AdamW,sgd_momentum_muon,Muon + auxiliary AdamW,fc3,17,stable_rank,3,7.709243,0.229597,0.132558,0.95,4.302653,0.57035,7.138893,8.279594,7.525195,7.966523
Muon + auxiliary AdamW,sgd_momentum_muon,Muon + auxiliary AdamW,fc3,18,stable_rank,3,7.706578,0.245023,0.141464,0.95,4.302653,0.60867,7.097908,8.315249,7.499261,7.976973
Muon + auxiliary AdamW,sgd_momentum_muon,Muon + auxiliary AdamW,fc3,19,stable_rank,3,7.718829,0.253192,0.146181,0.95,4.302653,0.628964,7.089865,8.347793,7.497548,7.994946
Muon + auxiliary AdamW,sgd_momentum_muon,Muon + auxiliary AdamW,fc3,20,stable_rank,3,7.756516,0.227503,0.131349,0.95,4.302653,0.565149,7.191367,8.321665,7.570815,8.010283
Muon + auxiliary AdamW,sgd_momentum_muon,Muon + auxiliary AdamW,fc3,21,stable_rank,3,7.756817,0.248406,0.143417,0.95,4.302653,0.617074,7.139744,8.373891,7.551607,8.032979
Muon + auxiliary AdamW,sgd_momentum_muon,Muon + auxiliary AdamW,fc3,22,stable_rank,3,7.767539,0.240753,0.138999,0.95,4.302653,0.598063,7.169476,8.365602,7.578232,8.038499
Muon + auxiliary AdamW,sgd_momentum_muon,Muon + auxiliary AdamW,fc3,23,stable_rank,3,7.772736,0.243327,0.140485,0.95,4.302653,0.604457,7.168279,8.377193,7.58851,8.04857
Muon + auxiliary AdamW,sgd_momentum_muon,Muon + auxiliary AdamW,fc3,24,stable_rank,3,7.778149,0.243034,0.140316,0.95,4.302653,0.60373,7.174419,8.381879,7.594276,8.053684
Muon + auxiliary AdamW,sgd_momentum_muon,Muon + auxiliary AdamW,fc3,25,stable_rank,3,7.780416,0.245542,0.141764,0.95,4.302653,0.609961,7.170454,8.390377,7.593288,8.058448
Muon + auxiliary AdamW,sgd_momentum_muon,Muon + auxiliary AdamW,fc3,26,stable_rank,3,7.781991,0.249226,0.143891,0.95,4.302653,0.619112,7.162879,8.401102,7.588735,8.063288
Muon + auxiliary AdamW,sgd_momentum_muon,Muon + auxiliary AdamW,fc3,27,stable_rank,3,7.783415,0.252306,0.145669,0.95,4.302653,0.626763,7.156652,8.410178,7.584992,8.067369
Muon + auxiliary AdamW,sgd_momentum_muon,Muon + auxiliary AdamW,fc3,28,stable_rank,3,7.784705,0.254893,0.147162,0.95,4.302653,0.633188,7.151516,8.417893,7.582197,8.070927
Muon + auxiliary AdamW,sgd_momentum_muon,Muon + auxiliary AdamW,fc3,29,stable_rank,3,7.785321,0.256994,0.148375,0.95,4.302653,0.638407,7.146914,8.423729,7.579424,8.073339
Muon + auxiliary AdamW,sgd_momentum_muon,Muon + auxiliary AdamW,fc3,30,stable_rank,3,7.785852,0.258532,0.149263,0.95,4.302653,0.642228,7.143623,8.42808,7.577497,8.075177
Muon + auxiliary AdamW,sgd_momentum_muon,Muon + auxiliary AdamW,fc1,0,trace_log_midpoint_per_eval,3,0.51414,0.036403,0.021017,0.95,4.302653,0.09043,0.42371,0.60457,0.480724,0.552933
Muon + auxiliary AdamW,sgd_momentum_muon,Muon + auxiliary AdamW,fc1,1,trace_log_midpoint_per_eval,3,0.550735,0.009577,0.005529,0.95,4.302653,0.02379,0.526945,0.574525,0.542872,0.5614
Muon + auxiliary AdamW,sgd_momentum_muon,Muon + auxiliary AdamW,fc1,2,trace_log_midpoint_per_eval,3,0.5405,0.02765,0.015964,0.95,4.302653,0.068686,0.471814,0.609186,0.512917,0.568216
Muon + auxiliary AdamW,sgd_momentum_muon,Muon + auxiliary AdamW,fc1,3,trace_log_midpoint_per_eval,3,0.515371,0.046284,0.026722,0.95,4.302653,0.114976,0.400395,0.630347,0.462261,0.547098
Muon + auxiliary AdamW,sgd_momentum_muon,Muon + auxiliary AdamW,fc1,4,trace_log_midpoint_per_eval,3,0.521036,0.025288,0.0146,0.95,4.302653,0.062818,0.458218,0.583855,0.497641,0.547866
Muon + auxiliary AdamW,sgd_momentum_muon,Muon + auxiliary AdamW,fc1,5,trace_log_midpoint_per_eval,3,0.497619,0.047577,0.027469,0.95,4.302653,0.118188,0.379432,0.615807,0.460146,0.551147
Muon + auxiliary AdamW,sgd_momentum_muon,Muon + auxiliary AdamW,fc1,6,trace_log_midpoint_per_eval,3,0.481747,0.057714,0.033321,0.95,4.302653,0.143369,0.338378,0.625117,0.425623,0.540929
Muon + auxiliary AdamW,sgd_momentum_muon,Muon + auxiliary AdamW,fc1,7,trace_log_midpoint_per_eval,3,0.523562,0.04882,0.028186,0.95,4.302653,0.121276,0.402286,0.644839,0.467619,0.557548
Muon + auxiliary AdamW,sgd_momentum_muon,Muon + auxiliary AdamW,fc1,8,trace_log_midpoint_per_eval,3,0.579336,0.148809,0.085915,0.95,4.302653,0.369662,0.209674,0.948997,0.416844,0.70897
Muon + auxiliary AdamW,sgd_momentum_muon,Muon + auxiliary AdamW,fc1,9,trace_log_midpoint_per_eval,3,0.49584,0.098177,0.056683,0.95,4.302653,0.243886,0.251954,0.739726,0.411418,0.603576
Muon + auxiliary AdamW,sgd_momentum_muon,Muon + auxiliary AdamW,fc1,10,trace_log_midpoint_per_eval,3,0.528947,0.043287,0.024992,0.95,4.302653,0.107531,0.421416,0.636477,0.485478,0.572049
Muon + auxiliary AdamW,sgd_momentum_muon,Muon + auxiliary AdamW,fc1,11,trace_log_midpoint_per_eval,3,0.503516,0.07409,0.042776,0.95,4.302653,0.184049,0.319467,0.687565,0.419486,0.559441
Muon + auxiliary AdamW,sgd_momentum_muon,Muon + auxiliary AdamW,fc1,12,trace_log_midpoint_per_eval,3,0.462945,0.017222,0.009943,0.95,4.302653,0.042782,0.420163,0.505726,0.443542,0.476419
Muon + auxiliary AdamW,sgd_momentum_muon,Muon + auxiliary AdamW,fc1,13,trace_log_midpoint_per_eval,3,0.482061,0.03459,0.019971,0.95,4.302653,0.085926,0.396135,0.567987,0.44994,0.51868
Muon + auxiliary AdamW,sgd_momentum_muon,Muon + auxiliary AdamW,fc1,14,trace_log_midpoint_per_eval,3,0.468366,0.007562,0.004366,0.95,4.302653,0.018785,0.449581,0.487151,0.461135,0.476221
Muon + auxiliary AdamW,sgd_momentum_muon,Muon + auxiliary AdamW,fc1,15,trace_log_midpoint_per_eval,3,0.416483,0.10497,0.060605,0.95,4.302653,0.26076,0.155722,0.677243,0.315659,0.525158
Muon + auxiliary AdamW,sgd_momentum_muon,Muon + auxiliary AdamW,fc1,16,trace_log_midpoint_per_eval,3,0.447089,0.022595,0.013045,0.95,4.302653,0.056129,0.390961,0.503218,0.427871,0.47198
Muon + auxiliary AdamW,sgd_momentum_muon,Muon + auxiliary AdamW,fc1,17,trace_log_midpoint_per_eval,3,0.334187,0.093831,0.054174,0.95,4.302653,0.23309,0.101097,0.567277,0.22794,0.405694
Muon + auxiliary AdamW,sgd_momentum_muon,Muon + auxiliary AdamW,fc1,18,trace_log_midpoint_per_eval,3,0.42664,0.113446,0.065498,0.95,4.302653,0.281816,0.144824,0.708457,0.302006,0.523883
Muon + auxiliary AdamW,sgd_momentum_muon,Muon + auxiliary AdamW,fc1,19,trace_log_midpoint_per_eval,3,0.428885,0.113324,0.065427,0.95,4.302653,0.281511,0.147374,0.710396,0.301774,0.519352
Muon + auxiliary AdamW,sgd_momentum_muon,Muon + auxiliary AdamW,fc1,20,trace_log_midpoint_per_eval,3,0.405435,0.087923,0.050762,0.95,4.302653,0.218412,0.187023,0.623847,0.305889,0.472482
Muon + auxiliary AdamW,sgd_momentum_muon,Muon + auxiliary AdamW,fc1,21,trace_log_midpoint_per_eval,3,0.453094,0.014873,0.008587,0.95,4.302653,0.036946,0.416149,0.49004,0.438363,0.468105
Muon + auxiliary AdamW,sgd_momentum_muon,Muon + auxiliary AdamW,fc1,22,trace_log_midpoint_per_eval,3,0.406518,0.095242,0.054988,0.95,4.302653,0.236593,0.169925,0.643111,0.298006,0.476261
Muon + auxiliary AdamW,sgd_momentum_muon,Muon + auxiliary AdamW,fc1,23,trace_log_midpoint_per_eval,3,0.288924,0.078773,0.04548,0.95,4.302653,0.195684,0.09324,0.484608,0.217859,0.373625
Muon + auxiliary AdamW,sgd_momentum_muon,Muon + auxiliary AdamW,fc1,24,trace_log_midpoint_per_eval,3,0.309531,0.113896,0.065758,0.95,4.302653,0.282934,0.026597,0.592464,0.219044,0.437426
Muon + auxiliary AdamW,sgd_momentum_muon,Muon + auxiliary AdamW,fc1,25,trace_log_midpoint_per_eval,3,0.37559,0.087302,0.050404,0.95,4.302653,0.216869,0.158721,0.592459,0.292777,0.466777
Muon + auxiliary AdamW,sgd_momentum_muon,Muon + auxiliary AdamW,fc1,26,trace_log_midpoint_per_eval,3,0.374829,0.087724,0.050648,0.95,4.302653,0.21792,0.156909,0.592748,0.289581,0.464836
Muon + auxiliary AdamW,sgd_momentum_muon,Muon + auxiliary AdamW,fc1,27,trace_log_midpoint_per_eval,3,0.373955,0.085248,0.049218,0.95,4.302653,0.211769,0.162187,0.585724,0.292571,0.462603
Muon + auxiliary AdamW,sgd_momentum_muon,Muon + auxiliary AdamW,fc1,28,trace_log_midpoint_per_eval,3,0.373373,0.088894,0.051323,0.95,4.302653,0.220824,0.152549,0.594197,0.289727,0.466719
Muon + auxiliary AdamW,sgd_momentum_muon,Muon + auxiliary AdamW,fc1,29,trace_log_midpoint_per_eval,3,0.296244,0.067031,0.038701,0.95,4.302653,0.166515,0.129729,0.462758,0.234174,0.367325
Muon + auxiliary AdamW,sgd_momentum_muon,Muon + auxiliary AdamW,fc1,30,trace_log_midpoint_per_eval,3,0.290255,0.075421,0.043544,0.95,4.302653,0.187356,0.102899,0.477611,0.214339,0.365171
Muon + auxiliary AdamW,sgd_momentum_muon,Muon + auxiliary AdamW,fc2,0,trace_log_midpoint_per_eval,3,0.643345,0.028645,0.016538,0.95,4.302653,0.071159,0.572186,0.714504,0.610876,0.665046
Muon + auxiliary AdamW,sgd_momentum_muon,Muon + auxiliary AdamW,fc2,1,trace_log_midpoint_per_eval,3,0.639077,0.016016,0.009247,0.95,4.302653,0.039787,0.59929,0.678864,0.625962,0.656927
Muon + auxiliary AdamW,sgd_momentum_muon,Muon + auxiliary AdamW,fc2,2,trace_log_midpoint_per_eval,3,0.635882,0.044773,0.02585,0.95,4.302653,0.111224,0.524659,0.747106,0.5846,0.667203
Muon + auxiliary AdamW,sgd_momentum_muon,Muon + auxiliary AdamW,fc2,3,trace_log_midpoint_per_eval,3,0.634484,0.023647,0.013653,0.95,4.302653,0.058742,0.575742,0.693227,0.619745,0.66176
Muon + auxiliary AdamW,sgd_momentum_muon,Muon + auxiliary AdamW,fc2,4,trace_log_midpoint_per_eval,3,0.673541,0.031087,0.017948,0.95,4.302653,0.077224,0.596317,0.750764,0.642776,0.704939
Muon + auxiliary AdamW,sgd_momentum_muon,Muon + auxiliary AdamW,fc2,5,trace_log_midpoint_per_eval,3,0.62549,0.112946,0.065209,0.95,4.302653,0.280573,0.344917,0.906063,0.4951,0.693035
Muon + auxiliary AdamW,sgd_momentum_muon,Muon + auxiliary AdamW,fc2,6,trace_log_midpoint_per_eval,3,0.575138,0.118561,0.068451,0.95,4.302653,0.294522,0.280616,0.86966,0.478025,0.707262
Muon + auxiliary AdamW,sgd_momentum_muon,Muon + auxiliary AdamW,fc2,7,trace_log_midpoint_per_eval,3,0.432454,0.063389,0.036598,0.95,4.302653,0.157468,0.274987,0.589922,0.370793,0.49744
Muon + auxiliary AdamW,sgd_momentum_muon,Muon + auxiliary AdamW,fc2,8,trace_log_midpoint_per_eval,3,0.440706,0.057628,0.033272,0.95,4.302653,0.143156,0.29755,0.583863,0.391332,0.504028
Muon + auxiliary AdamW,sgd_momentum_muon,Muon + auxiliary AdamW,fc2,9,trace_log_midpoint_per_eval,3,0.624956,0.22778,0.131509,0.95,4.302653,0.565838,0.059118,1.190793,0.362273,0.767805
Muon + auxiliary AdamW,sgd_momentum_muon,Muon + auxiliary AdamW,fc2,10,trace_log_midpoint_per_eval,3,0.507146,0.218446,0.12612,0.95,4.302653,0.54265,-0.035504,1.049795,0.354438,0.757364
Muon + auxiliary AdamW,sgd_momentum_muon,Muon + auxiliary AdamW,fc2,11,trace_log_midpoint_per_eval,3,0.412052,0.001546,0.000893,0.95,4.302653,0.003841,0.408211,0.415892,0.410268,0.412999
Muon + auxiliary AdamW,sgd_momentum_muon,Muon + auxiliary AdamW,fc2,12,trace_log_midpoint_per_eval,3,0.363129,0.040439,0.023348,0.95,4.302653,0.100457,0.262672,0.463586,0.316451,0.387567
Muon + auxiliary AdamW,sgd_momentum_muon,Muon + auxiliary AdamW,fc2,13,trace_log_midpoint_per_eval,3,0.498719,0.243074,0.140339,0.95,4.302653,0.60383,-0.105111,1.102549,0.32965,0.777281
Muon + auxiliary AdamW,sgd_momentum_muon,Muon + auxiliary AdamW,fc2,14,trace_log_midpoint_per_eval,3,0.404032,0.074507,0.043016,0.95,4.302653,0.185085,0.218948,0.589117,0.333716,0.48212
Muon + auxiliary AdamW,sgd_momentum_muon,Muon + auxiliary AdamW,fc2,15,trace_log_midpoint_per_eval,3,0.3483,0.027992,0.016161,0.95,4.302653,0.069535,0.278765,0.417836,0.324238,0.379021
Muon + auxiliary AdamW,sgd_momentum_muon,Muon + auxiliary AdamW,fc2,16,trace_log_midpoint_per_eval,3,0.491586,0.246436,0.14228,0.95,4.302653,0.612182,-0.120596,1.103768,0.342933,0.776049
Muon + auxiliary AdamW,sgd_momentum_muon,Muon + auxiliary AdamW,fc2,17,trace_log_midpoint_per_eval,3,0.378519,0.091077,0.052583,0.95,4.302653,0.226248,0.152272,0.604767,0.30055,0.478624
Muon + auxiliary AdamW,sgd_momentum_muon,Muon + auxiliary AdamW,fc2,18,trace_log_midpoint_per_eval,3,0.389832,0.065067,0.037566,0.95,4.302653,0.161635,0.228198,0.551467,0.348102,0.464805
Muon + auxiliary AdamW,sgd_momentum_muon,Muon + auxiliary AdamW,fc2,19,trace_log_midpoint_per_eval,3,0.490007,0.259668,0.149919,0.95,4.302653,0.645052,-0.155045,1.135058,0.336638,0.789819
Muon + auxiliary AdamW,sgd_momentum_muon,Muon + auxiliary AdamW,fc2,20,trace_log_midpoint_per_eval,3,0.343972,0.056634,0.032698,0.95,4.302653,0.140687,0.203285,0.484659,0.301694,0.408318
Muon + auxiliary AdamW,sgd_momentum_muon,Muon + auxiliary AdamW,fc2,21,trace_log_midpoint_per_eval,3,0.33929,0.059341,0.034261,0.95,4.302653,0.147412,0.191878,0.486701,0.291729,0.405788
Muon + auxiliary AdamW,sgd_momentum_muon,Muon + auxiliary AdamW,fc2,22,trace_log_midpoint_per_eval,3,0.31185,0.077748,0.044888,0.95,4.302653,0.193136,0.118713,0.504986,0.24691,0.398002
Muon + auxiliary AdamW,sgd_momentum_muon,Muon + auxiliary AdamW,fc2,23,trace_log_midpoint_per_eval,3,0.308291,0.095555,0.055169,0.95,4.302653,0.237372,0.070919,0.545663,0.206752,0.396452
Muon + auxiliary AdamW,sgd_momentum_muon,Muon + auxiliary AdamW,fc2,24,trace_log_midpoint_per_eval,3,0.304317,0.095898,0.055367,0.95,4.302653,0.238224,0.066093,0.542541,0.201245,0.390903
Muon + auxiliary AdamW,sgd_momentum_muon,Muon + auxiliary AdamW,fc2,25,trace_log_midpoint_per_eval,3,0.317972,0.036473,0.021058,0.95,4.302653,0.090603,0.227369,0.408576,0.279864,0.352553
Muon + auxiliary AdamW,sgd_momentum_muon,Muon + auxiliary AdamW,fc2,26,trace_log_midpoint_per_eval,3,0.308037,0.036642,0.021156,0.95,4.302653,0.091025,0.217012,0.399062,0.283182,0.350118
Muon + auxiliary AdamW,sgd_momentum_muon,Muon + auxiliary AdamW,fc2,27,trace_log_midpoint_per_eval,3,0.313901,0.049811,0.028758,0.95,4.302653,0.123738,0.190163,0.437639,0.281479,0.371255
Muon + auxiliary AdamW,sgd_momentum_muon,Muon + auxiliary AdamW,fc2,28,trace_log_midpoint_per_eval,3,0.319924,0.043645,0.025198,0.95,4.302653,0.10842,0.211505,0.428344,0.287601,0.369572
Muon + auxiliary AdamW,sgd_momentum_muon,Muon + auxiliary AdamW,fc2,29,trace_log_midpoint_per_eval,3,0.32068,0.046855,0.027052,0.95,4.302653,0.116395,0.204284,0.437075,0.286491,0.374089
Muon + auxiliary AdamW,sgd_momentum_muon,Muon + auxiliary AdamW,fc2,30,trace_log_midpoint_per_eval,3,0.310106,0.044327,0.025592,0.95,4.302653,0.110115,0.199992,0.420221,0.283471,0.361277
Muon + auxiliary AdamW,sgd_momentum_muon,Muon + auxiliary AdamW,fc3,0,trace_log_midpoint_per_eval,3,0.015517,0.002357,0.001361,0.95,4.302653,0.005856,0.009662,0.021373,0.01403,0.018235
Muon + auxiliary AdamW,sgd_momentum_muon,Muon + auxiliary AdamW,fc3,1,trace_log_midpoint_per_eval,3,0.015831,0.002374,0.00137,0.95,4.302653,0.005896,0.009934,0.021727,0.014206,0.018554
Muon + auxiliary AdamW,sgd_momentum_muon,Muon + auxiliary AdamW,fc3,2,trace_log_midpoint_per_eval,3,0.008862,0.015052,0.00869,0.95,4.302653,0.03739,-0.028528,0.046252,-0.008405,0.019206
Muon + auxiliary AdamW,sgd_momentum_muon,Muon + auxiliary AdamW,fc3,3,trace_log_midpoint_per_eval,3,0.006655,0.015398,0.00889,0.95,4.302653,0.03825,-0.031596,0.044905,-0.011125,0.015596
Muon + auxiliary AdamW,sgd_momentum_muon,Muon + auxiliary AdamW,fc3,4,trace_log_midpoint_per_eval,3,0.017281,0.002099,0.001212,0.95,4.302653,0.005215,0.012066,0.022496,0.015145,0.019341
Muon + auxiliary AdamW,sgd_momentum_muon,Muon + auxiliary AdamW,fc3,5,trace_log_midpoint_per_eval,3,0.006996,0.017053,0.009846,0.95,4.302653,0.042363,-0.035368,0.049359,-0.012579,0.018641
Muon + auxiliary AdamW,sgd_momentum_muon,Muon + auxiliary AdamW,fc3,6,trace_log_midpoint_per_eval,3,0.017058,0.002442,0.00141,0.95,4.302653,0.006067,0.010991,0.023125,0.014395,0.019194
Muon + auxiliary AdamW,sgd_momentum_muon,Muon + auxiliary AdamW,fc3,7,trace_log_midpoint_per_eval,3,0.017469,0.003152,0.00182,0.95,4.302653,0.007831,0.009638,0.0253,0.014204,0.020495
Muon + auxiliary AdamW,sgd_momentum_muon,Muon + auxiliary AdamW,fc3,8,trace_log_midpoint_per_eval,3,0.017252,0.002746,0.001586,0.95,4.302653,0.006822,0.01043,0.024074,0.014842,0.020242
Muon + auxiliary AdamW,sgd_momentum_muon,Muon + auxiliary AdamW,fc3,9,trace_log_midpoint_per_eval,3,0.017556,0.002752,0.001589,0.95,4.302653,0.006837,0.010719,0.024393,0.014882,0.020381
Muon + auxiliary AdamW,sgd_momentum_muon,Muon + auxiliary AdamW,fc3,10,trace_log_midpoint_per_eval,3,0.017705,0.003104,0.001792,0.95,4.302653,0.007711,0.009994,0.025416,0.015054,0.02112
Muon + auxiliary AdamW,sgd_momentum_muon,Muon + auxiliary AdamW,fc3,11,trace_log_midpoint_per_eval,3,0.017039,0.002942,0.001699,0.95,4.302653,0.007308,0.00973,0.024347,0.014785,0.020367
Muon + auxiliary AdamW,sgd_momentum_muon,Muon + auxiliary AdamW,fc3,12,trace_log_midpoint_per_eval,3,0.017064,0.003087,0.001782,0.95,4.302653,0.007668,0.009395,0.024732,0.014967,0.020608
Muon + auxiliary AdamW,sgd_momentum_muon,Muon + auxiliary AdamW,fc3,13,trace_log_midpoint_per_eval,3,0.017094,0.003123,0.001803,0.95,4.302653,0.007758,0.009337,0.024852,0.014549,0.020579
Muon + auxiliary AdamW,sgd_momentum_muon,Muon + auxiliary AdamW,fc3,14,trace_log_midpoint_per_eval,3,0.017051,0.003027,0.001748,0.95,4.302653,0.00752,0.009532,0.024571,0.015124,0.02054
Muon + auxiliary AdamW,sgd_momentum_muon,Muon + auxiliary AdamW,fc3,15,trace_log_midpoint_per_eval,3,0.016682,0.003118,0.0018,0.95,4.302653,0.007746,0.008936,0.024428,0.014858,0.020282
Muon + auxiliary AdamW,sgd_momentum_muon,Muon + auxiliary AdamW,fc3,16,trace_log_midpoint_per_eval,3,0.016805,0.002804,0.001619,0.95,4.302653,0.006966,0.00984,0.023771,0.015057,0.02004
Muon + auxiliary AdamW,sgd_momentum_muon,Muon + auxiliary AdamW,fc3,17,trace_log_midpoint_per_eval,3,0.016956,0.002719,0.00157,0.95,4.302653,0.006755,0.010202,0.023711,0.015334,0.020095
Muon + auxiliary AdamW,sgd_momentum_muon,Muon + auxiliary AdamW,fc3,18,trace_log_midpoint_per_eval,3,0.017022,0.002615,0.00151,0.95,4.302653,0.006497,0.010526,0.023519,0.015368,0.020037
Muon + auxiliary AdamW,sgd_momentum_muon,Muon + auxiliary AdamW,fc3,19,trace_log_midpoint_per_eval,3,0.017092,0.0026,0.001501,0.95,4.302653,0.006458,0.010634,0.023551,0.015559,0.020094
Muon + auxiliary AdamW,sgd_momentum_muon,Muon + auxiliary AdamW,fc3,20,trace_log_midpoint_per_eval,3,0.006905,0.018942,0.010936,0.95,4.302653,0.047055,-0.04015,0.053959,-0.014802,0.020084
Muon + auxiliary AdamW,sgd_momentum_muon,Muon + auxiliary AdamW,fc3,21,trace_log_midpoint_per_eval,3,0.006896,0.019072,0.011011,0.95,4.302653,0.047378,-0.040482,0.054274,-0.01494,0.020295
Muon + auxiliary AdamW,sgd_momentum_muon,Muon + auxiliary AdamW,fc3,22,trace_log_midpoint_per_eval,3,0.006937,0.019024,0.010983,0.95,4.302653,0.047258,-0.04032,0.054195,-0.014839,0.020327
Muon + auxiliary AdamW,sgd_momentum_muon,Muon + auxiliary AdamW,fc3,23,trace_log_midpoint_per_eval,3,0.007039,0.018889,0.010906,0.95,4.302653,0.046924,-0.039885,0.053962,-0.014577,0.020372
Muon + auxiliary AdamW,sgd_momentum_muon,Muon + auxiliary AdamW,fc3,24,trace_log_midpoint_per_eval,3,0.007113,0.018882,0.010901,0.95,4.302653,0.046905,-0.039792,0.054018,-0.014492,0.020453
Muon + auxiliary AdamW,sgd_momentum_muon,Muon + auxiliary AdamW,fc3,25,trace_log_midpoint_per_eval,3,0.007157,0.018902,0.010913,0.95,4.302653,0.046954,-0.039797,0.054112,-0.014467,0.020531
Muon + auxiliary AdamW,sgd_momentum_muon,Muon + auxiliary AdamW,fc3,26,trace_log_midpoint_per_eval,3,0.007183,0.018936,0.010933,0.95,4.302653,0.04704,-0.039858,0.054223,-0.014476,0.020611
Muon + auxiliary AdamW,sgd_momentum_muon,Muon + auxiliary AdamW,fc3,27,trace_log_midpoint_per_eval,3,0.007208,0.018971,0.010953,0.95,4.302653,0.047126,-0.039918,0.054333,-0.014485,0.020689
Muon + auxiliary AdamW,sgd_momentum_muon,Muon + auxiliary AdamW,fc3,28,trace_log_midpoint_per_eval,3,0.007233,0.019005,0.010972,0.95,4.302653,0.04721,-0.039977,0.054444,-0.014494,0.020762
Muon + auxiliary AdamW,sgd_momentum_muon,Muon + auxiliary AdamW,fc3,29,trace_log_midpoint_per_eval,3,0.007251,0.019033,0.010989,0.95,4.302653,0.04728,-0.040029,0.054531,-0.014506,0.020815
Muon + auxiliary AdamW,sgd_momentum_muon,Muon + auxiliary AdamW,fc3,30,trace_log_midpoint_per_eval,3,0.007266,0.019055,0.011001,0.95,4.302653,0.047335,-0.040069,0.054601,-0.014515,0.020855
